player,team,team_country,position,age,birth_year,club,games,games_starts,minutes,minutes_90s,goals,assists,goals_assists,goals_pens,pens_made,pens_att,cards_yellow,cards_red,goals_per90,assists_per90,goals_assists_per90,goals_pens_per90,goals_assists_pens_per90,shots,shots_on_target,shots_on_target_pct,shots_per90,shots_on_target_per90,goals_per_shot,goals_per_shot_on_target,minutes_per_game,minutes_pct,minutes_per_start,games_complete,games_subs,minutes_per_sub,unused_subs,points_per_game,on_goals_for,on_goals_against,plus_minus,plus_minus_per90,plus_minus_wowy,cards_yellow_red,fouls,fouled,offsides,crosses,interceptions,tackles_won,own_goals,gk_games,gk_games_starts,gk_minutes,gk_goals_against,gk_goals_against_per90,gk_shots_on_target_against,gk_saves,gk_save_pct,gk_wins,gk_ties,gk_losses,gk_clean_sheets,gk_clean_sheets_pct,gk_pens_att,gk_pens_allowed,gk_pens_saved,gk_pens_missed,gk_pens_save_pct,goals_per90_calc,assists_per90_calc,shots_per90_calc,shots_on_target_per90_calc,interceptions_per90_calc,tackles_won_per90_calc,fouls_per90_calc,crosses_per90_calc,goal_contribution_per90,primary_position,player_cluster
Amine Gouiri,Algeria,Algeria,FW,26,2000,Marseille,4,3,251.0,2.8,1.0,0.0,1.0,1.0,0.0,0.0,0.0,0.0,0.36,0.0,0.36,0.36,0.36,3.0,2.0,66.7,1.08,0.72,0.33,0.5,63.0,69.7,73.0,0,1,33.0,0,1.0,4.0,5.0,-1.0,-0.36,2.12,0.0,1.0,1.0,0.0,1.0,0.0,1.0,0.0,0.0,0.0,0.0,0.0,0.0,0.0,0.0,0.0,0.0,0.0,0.0,0.0,0.0,0.0,0.0,0.0,0.0,0.0,0.35856573705179284,0.0,1.0756972111553784,0.7171314741035857,0.0,0.35856573705179284,0.35856573705179284,0.35856573705179284,0.35856573705179284,FW,2
Aïssa Mandi,Algeria,Algeria,DF,34,1991,Lille,4,4,360.0,4.0,0.0,0.0,0.0,0.0,0.0,0.0,0.0,0.0,0.0,0.0,0.0,0.0,0.0,0.0,0.0,0.0,0.0,0.0,0.0,0.0,90.0,100.0,90.0,4,0,0.0,0,1.0,5.0,9.0,-4.0,-1.0,0.0,0.0,0.0,5.0,0.0,0.0,4.0,3.0,0.0,0.0,0.0,0.0,0.0,0.0,0.0,0.0,0.0,0.0,0.0,0.0,0.0,0.0,0.0,0.0,0.0,0.0,0.0,0.0,0.0,0.0,0.0,1.0,0.75,0.0,0.0,0.0,DF,2
Fares Chaïbi,Algeria,Algeria,MF,23,2002,Frankfurt,4,4,360.0,4.0,0.0,0.0,0.0,0.0,0.0,0.0,1.0,0.0,0.0,0.0,0.0,0.0,0.0,9.0,3.0,33.3,2.25,0.75,0.0,0.0,90.0,100.0,90.0,4,0,0.0,0,1.0,5.0,9.0,-4.0,-1.0,0.0,0.0,3.0,2.0,1.0,6.0,3.0,5.0,0.0,0.0,0.0,0.0,0.0,0.0,0.0,0.0,0.0,0.0,0.0,0.0,0.0,0.0,0.0,0.0,0.0,0.0,0.0,0.0,0.0,2.25,0.75,0.75,1.25,0.75,1.5,0.0,MF,2
Ibrahim Maza,Algeria,Algeria,"MF,FW",20,2005,Leverkusen,4,4,351.0,3.9,0.0,0.0,0.0,0.0,0.0,0.0,0.0,0.0,0.0,0.0,0.0,0.0,0.0,11.0,3.0,27.3,2.82,0.77,0.0,0.0,88.0,97.5,88.0,3,0,0.0,0,1.0,5.0,9.0,-4.0,-1.03,-1.03,0.0,1.0,5.0,0.0,1.0,0.0,2.0,0.0,0.0,0.0,0.0,0.0,0.0,0.0,0.0,0.0,0.0,0.0,0.0,0.0,0.0,0.0,0.0,0.0,0.0,0.0,0.0,0.0,2.8205128205128207,0.7692307692307693,0.0,0.5128205128205129,0.25641025641025644,0.25641025641025644,0.0,MF,2
Nabil Bentaleb,Algeria,Algeria,MF,31,1994,Lille,4,3,285.0,3.2,0.0,0.0,0.0,0.0,0.0,0.0,0.0,0.0,0.0,0.0,0.0,0.0,0.0,1.0,0.0,0.0,0.32,0.0,0.0,0.0,71.0,79.2,80.0,1,1,45.0,0,1.0,5.0,8.0,-3.0,-0.95,0.25,0.0,2.0,3.0,0.0,3.0,3.0,4.0,0.0,0.0,0.0,0.0,0.0,0.0,0.0,0.0,0.0,0.0,0.0,0.0,0.0,0.0,0.0,0.0,0.0,0.0,0.0,0.0,0.0,0.3157894736842105,0.0,0.9473684210526315,1.263157894736842,0.631578947368421,0.9473684210526315,0.0,MF,0
Rafik Belghali,Algeria,Algeria,DF,24,2002,Hellas Verona,4,4,331.0,3.7,1.0,0.0,1.0,1.0,0.0,0.0,0.0,0.0,0.27,0.0,0.27,0.27,0.27,3.0,1.0,33.3,0.82,0.27,0.33,1.0,83.0,91.9,83.0,2,0,0.0,0,1.0,4.0,8.0,-4.0,-1.09,-1.09,0.0,4.0,2.0,0.0,4.0,1.0,3.0,0.0,0.0,0.0,0.0,0.0,0.0,0.0,0.0,0.0,0.0,0.0,0.0,0.0,0.0,0.0,0.0,0.0,0.0,0.0,0.2719033232628399,0.0,0.8157099697885197,0.2719033232628399,0.2719033232628399,0.8157099697885197,1.0876132930513596,1.0876132930513596,0.2719033232628399,DF,2
Ramy Bensebaini,Algeria,Algeria,DF,31,1995,Dortmund,4,4,360.0,4.0,0.0,0.0,0.0,0.0,0.0,0.0,0.0,0.0,0.0,0.0,0.0,0.0,0.0,2.0,0.0,0.0,0.5,0.0,0.0,0.0,90.0,100.0,90.0,4,0,0.0,0,1.0,5.0,9.0,-4.0,-1.0,0.0,0.0,1.0,5.0,0.0,0.0,7.0,6.0,0.0,0.0,0.0,0.0,0.0,0.0,0.0,0.0,0.0,0.0,0.0,0.0,0.0,0.0,0.0,0.0,0.0,0.0,0.0,0.0,0.0,0.5,0.0,1.75,1.5,0.25,0.0,0.0,DF,0
Rayan Aït-Nouri,Algeria,Algeria,DF,25,2001,Manchester City,4,3,284.0,3.2,0.0,0.0,0.0,0.0,0.0,0.0,0.0,0.0,0.0,0.0,0.0,0.0,0.0,1.0,0.0,0.0,0.32,0.0,0.0,0.0,71.0,78.9,88.0,2,1,20.0,0,1.0,3.0,7.0,-4.0,-1.27,-1.27,0.0,6.0,4.0,0.0,8.0,5.0,13.0,0.0,0.0,0.0,0.0,0.0,0.0,0.0,0.0,0.0,0.0,0.0,0.0,0.0,0.0,0.0,0.0,0.0,0.0,0.0,0.0,0.0,0.31690140845070425,0.0,1.5845070422535212,4.119718309859155,1.9014084507042253,2.535211267605634,0.0,DF,0
Riyad Mahrez,Algeria,Algeria,MF,35,1991,Al-Ahli,4,3,262.0,2.9,2.0,1.0,3.0,2.0,0.0,0.0,0.0,0.0,0.69,0.34,1.03,0.69,1.03,6.0,3.0,50.0,2.06,1.03,0.33,0.67,66.0,72.8,78.0,1,1,27.0,0,1.0,4.0,7.0,-3.0,-1.03,-0.11,0.0,1.0,7.0,1.0,10.0,1.0,2.0,0.0,0.0,0.0,0.0,0.0,0.0,0.0,0.0,0.0,0.0,0.0,0.0,0.0,0.0,0.0,0.0,0.0,0.0,0.0,0.6870229007633587,0.34351145038167935,2.0610687022900764,1.0305343511450382,0.34351145038167935,0.6870229007633587,0.34351145038167935,3.435114503816794,1.030534351145038,MF,1
Alexis Mac Allister,Argentina,Argentina,MF,27,1998,Liverpool,8,7,750.0,8.3,1.0,1.0,2.0,1.0,0.0,0.0,1.0,0.0,0.12,0.12,0.24,0.12,0.24,13.0,4.0,30.8,1.56,0.48,0.08,0.25,94.0,92.6,103.0,7,1,30.0,0,2.63,17.0,7.0,10.0,1.2,-0.3,0.0,9.0,12.0,0.0,2.0,9.0,12.0,0.0,0.0,0.0,0.0,0.0,0.0,0.0,0.0,0.0,0.0,0.0,0.0,0.0,0.0,0.0,0.0,0.0,0.0,0.0,0.12,0.12,1.5599999999999998,0.48,1.08,1.44,1.08,0.24,0.24,MF,0
Cristian Romero,Argentina,Argentina,DF,28,1998,Tottenham,7,7,608.0,6.8,1.0,0.0,1.0,1.0,0.0,0.0,2.0,0.0,0.15,0.0,0.15,0.15,0.15,3.0,1.0,33.3,0.44,0.15,0.33,1.0,87.0,75.1,87.0,2,0,0.0,1,2.57,12.0,6.0,6.0,0.89,-1.34,0.0,9.0,3.0,0.0,0.0,11.0,10.0,0.0,0.0,0.0,0.0,0.0,0.0,0.0,0.0,0.0,0.0,0.0,0.0,0.0,0.0,0.0,0.0,0.0,0.0,0.0,0.14802631578947367,0.0,0.444078947368421,0.14802631578947367,1.6282894736842106,1.4802631578947367,1.332236842105263,0.0,0.14802631578947367,DF,0
Enzo Fernández,Argentina,Argentina,MF,25,2001,Chelsea,7,7,659.0,7.3,2.0,0.0,2.0,2.0,0.0,0.0,2.0,1.0,0.27,0.0,0.27,0.27,0.27,12.0,4.0,33.3,1.64,0.55,0.17,0.5,94.0,81.4,94.0,5,0,0.0,1,2.57,14.0,6.0,8.0,1.09,-0.7,1.0,12.0,6.0,1.0,5.0,6.0,7.0,0.0,0.0,0.0,0.0,0.0,0.0,0.0,0.0,0.0,0.0,0.0,0.0,0.0,0.0,0.0,0.0,0.0,0.0,0.0,0.27314112291350534,0.0,1.6388467374810318,0.5462822458270107,0.8194233687405159,0.9559939301972686,1.6388467374810318,0.6828528072837633,0.27314112291350534,MF,2
Facundo Medina,Argentina,Argentina,DF,27,1999,Marseille,5,3,308.0,3.4,0.0,1.0,1.0,0.0,0.0,0.0,1.0,0.0,0.0,0.29,0.29,0.0,0.29,0.0,0.0,0.0,0.0,0.0,0.0,0.0,62.0,38.0,85.0,1,2,26.0,3,2.4,5.0,2.0,3.0,0.88,-0.56,0.0,3.0,2.0,1.0,1.0,2.0,7.0,0.0,0.0,0.0,0.0,0.0,0.0,0.0,0.0,0.0,0.0,0.0,0.0,0.0,0.0,0.0,0.0,0.0,0.0,0.0,0.0,0.29220779220779225,0.0,0.0,0.5844155844155845,2.0454545454545454,0.8766233766233766,0.29220779220779225,0.29220779220779225,DF,0
Giuliano Simeone,Argentina,Argentina,FW,23,2002,Atlético Madrid,3,2,192.0,2.1,0.0,0.0,0.0,0.0,0.0,0.0,0.0,0.0,0.0,0.0,0.0,0.0,0.0,1.0,0.0,0.0,0.47,0.0,0.0,0.0,64.0,23.7,71.0,0,1,51.0,5,2.0,2.0,3.0,-1.0,-0.47,-2.22,0.0,9.0,1.0,1.0,2.0,1.0,3.0,0.0,0.0,0.0,0.0,0.0,0.0,0.0,0.0,0.0,0.0,0.0,0.0,0.0,0.0,0.0,0.0,0.0,0.0,0.0,0.0,0.0,0.46875,0.0,0.46875,1.40625,4.21875,0.9375,0.0,FW,2
Gonzalo Montiel,Argentina,Argentina,DF,29,1997,River Plate,6,2,192.0,2.1,0.0,1.0,1.0,0.0,0.0,0.0,1.0,0.0,0.0,0.47,0.47,0.0,0.47,1.0,0.0,0.0,0.47,0.0,0.0,0.0,32.0,23.7,51.0,0,4,23.0,2,2.5,9.0,0.0,9.0,4.22,3.93,0.0,4.0,2.0,0.0,4.0,3.0,3.0,0.0,0.0,0.0,0.0,0.0,0.0,0.0,0.0,0.0,0.0,0.0,0.0,0.0,0.0,0.0,0.0,0.0,0.0,0.0,0.0,0.46875,0.46875,0.0,1.40625,1.40625,1.875,1.875,0.46875,DF,3
Julián Álvarez,Argentina,Argentina,FW,26,2000,Atlético Madrid,8,5,602.0,6.7,1.0,0.0,1.0,1.0,0.0,0.0,0.0,0.0,0.15,0.0,0.15,0.15,0.15,11.0,5.0,45.5,1.64,0.75,0.09,0.2,75.0,74.3,96.0,2,3,40.0,0,2.63,15.0,6.0,9.0,1.35,0.48,0.0,11.0,4.0,2.0,2.0,3.0,4.0,0.0,0.0,0.0,0.0,0.0,0.0,0.0,0.0,0.0,0.0,0.0,0.0,0.0,0.0,0.0,0.0,0.0,0.0,0.0,0.14950166112956811,0.0,1.6445182724252494,0.7475083056478405,0.4485049833887043,0.5980066445182725,1.6445182724252494,0.29900332225913623,0.14950166112956811,FW,2
Lautaro Martínez,Argentina,Argentina,FW,28,1997,Inter,7,4,310.0,3.4,3.0,1.0,4.0,2.0,1.0,1.0,1.0,0.0,0.87,0.29,1.16,0.58,0.87,10.0,4.0,40.0,2.9,1.16,0.2,0.5,44.0,38.3,60.0,0,3,24.0,1,3.0,12.0,3.0,9.0,2.61,2.25,0.0,8.0,5.0,2.0,1.0,1.0,1.0,0.0,0.0,0.0,0.0,0.0,0.0,0.0,0.0,0.0,0.0,0.0,0.0,0.0,0.0,0.0,0.0,0.0,0.0,0.0,0.8709677419354839,0.2903225806451613,2.903225806451613,1.1612903225806452,0.2903225806451613,0.2903225806451613,2.3225806451612905,0.2903225806451613,1.1612903225806452,FW,1
Leandro Paredes,Argentina,Argentina,MF,31,1994,Boca Juniors,7,4,473.0,5.3,0.0,0.0,0.0,0.0,0.0,0.0,2.0,0.0,0.0,0.0,0.0,0.0,0.0,4.0,1.0,25.0,0.76,0.19,0.0,0.0,68.0,58.4,88.0,2,3,40.0,1,2.57,10.0,7.0,3.0,0.57,-1.57,0.0,9.0,3.0,0.0,2.0,5.0,6.0,0.0,0.0,0.0,0.0,0.0,0.0,0.0,0.0,0.0,0.0,0.0,0.0,0.0,0.0,0.0,0.0,0.0,0.0,0.0,0.0,0.0,0.7610993657505286,0.19027484143763215,0.9513742071881607,1.1416490486257929,1.7124735729386893,0.3805496828752643,0.0,MF,2
Lionel Messi,Argentina,Argentina,FW,38,1987,Inter Miami,8,7,740.0,8.2,8.0,4.0,12.0,8.0,0.0,2.0,0.0,0.0,0.97,0.49,1.46,0.97,1.46,35.0,18.0,51.4,4.26,2.19,0.23,0.44,93.0,91.4,101.0,6,1,31.0,0,2.63,17.0,7.0,10.0,1.22,-0.07,0.0,3.0,20.0,5.0,54.0,0.0,10.0,0.0,0.0,0.0,0.0,0.0,0.0,0.0,0.0,0.0,0.0,0.0,0.0,0.0,0.0,0.0,0.0,0.0,0.0,0.0,0.972972972972973,0.4864864864864865,4.256756756756757,2.1891891891891895,0.0,1.2162162162162162,0.3648648648648649,6.5675675675675675,1.4594594594594597,FW,1
Lisandro Martínez,Argentina,Argentina,DF,28,1998,Manchester Utd,7,7,624.0,6.9,1.0,1.0,2.0,1.0,0.0,0.0,2.0,0.0,0.14,0.14,0.29,0.14,0.29,4.0,2.0,50.0,0.58,0.29,0.25,0.5,89.0,77.0,89.0,5,0,0.0,1,2.57,14.0,6.0,8.0,1.15,-0.3,0.0,7.0,4.0,0.0,2.0,6.0,7.0,0.0,0.0,0.0,0.0,0.0,0.0,0.0,0.0,0.0,0.0,0.0,0.0,0.0,0.0,0.0,0.0,0.0,0.0,0.0,0.14423076923076922,0.14423076923076922,0.5769230769230769,0.28846153846153844,0.8653846153846154,1.0096153846153846,1.0096153846153846,0.28846153846153844,0.28846153846153844,DF,2
Nahuel Molina,Argentina,Argentina,DF,28,1998,Atlético Madrid,7,5,528.0,5.9,0.0,0.0,0.0,0.0,0.0,0.0,0.0,0.0,0.0,0.0,0.0,0.0,0.0,1.0,0.0,0.0,0.17,0.0,0.0,0.0,75.0,65.2,84.0,1,2,54.0,1,2.57,7.0,7.0,0.0,0.0,-3.51,0.0,3.0,0.0,1.0,5.0,8.0,3.0,0.0,0.0,0.0,0.0,0.0,0.0,0.0,0.0,0.0,0.0,0.0,0.0,0.0,0.0,0.0,0.0,0.0,0.0,0.0,0.0,0.0,0.17045454545454547,0.0,1.3636363636363638,0.5113636363636364,0.5113636363636364,0.8522727272727273,0.0,DF,2
Nicolás González,Argentina,Argentina,MF,28,1998,Atlético Madrid,7,1,259.0,2.9,0.0,1.0,1.0,0.0,0.0,0.0,0.0,0.0,0.0,0.35,0.35,0.0,0.35,7.0,1.0,14.3,2.43,0.35,0.0,0.0,37.0,32.0,45.0,0,6,36.0,1,2.57,12.0,2.0,10.0,3.47,3.31,0.0,4.0,3.0,2.0,6.0,1.0,3.0,0.0,0.0,0.0,0.0,0.0,0.0,0.0,0.0,0.0,0.0,0.0,0.0,0.0,0.0,0.0,0.0,0.0,0.0,0.0,0.0,0.3474903474903475,2.4324324324324325,0.3474903474903475,0.3474903474903475,1.0424710424710424,1.38996138996139,2.0849420849420848,0.3474903474903475,MF,3
Nicolás Otamendi,Argentina,Argentina,DF,38,1988,Benfica,7,1,247.0,2.7,0.0,0.0,0.0,0.0,0.0,0.0,0.0,0.0,0.0,0.0,0.0,0.0,0.0,1.0,0.0,0.0,0.36,0.0,0.0,0.0,35.0,30.5,90.0,1,6,26.0,1,2.57,8.0,2.0,6.0,2.19,1.39,0.0,4.0,4.0,1.0,0.0,6.0,2.0,0.0,0.0,0.0,0.0,0.0,0.0,0.0,0.0,0.0,0.0,0.0,0.0,0.0,0.0,0.0,0.0,0.0,0.0,0.0,0.0,0.0,0.3643724696356275,0.0,2.1862348178137654,0.728744939271255,1.45748987854251,0.0,0.0,DF,0
Nicolás Tagliafico,Argentina,Argentina,DF,33,1992,Lyon,7,5,476.0,5.3,0.0,0.0,0.0,0.0,0.0,0.0,0.0,0.0,0.0,0.0,0.0,0.0,0.0,0.0,0.0,0.0,0.0,0.0,0.0,0.0,68.0,58.8,86.0,2,2,22.0,1,2.57,7.0,6.0,1.0,0.19,-2.51,0.0,9.0,16.0,2.0,2.0,6.0,4.0,0.0,0.0,0.0,0.0,0.0,0.0,0.0,0.0,0.0,0.0,0.0,0.0,0.0,0.0,0.0,0.0,0.0,0.0,0.0,0.0,0.0,0.0,0.0,1.134453781512605,0.7563025210084033,1.7016806722689075,0.37815126050420167,0.0,DF,2
Rodrigo De Paul,Argentina,Argentina,MF,32,1994,Inter Miami,7,6,491.0,5.5,0.0,1.0,1.0,0.0,0.0,0.0,1.0,0.0,0.0,0.18,0.18,0.0,0.18,2.0,1.0,50.0,0.37,0.18,0.0,0.0,70.0,60.6,79.0,1,1,19.0,1,2.57,8.0,3.0,5.0,0.92,-0.78,0.0,2.0,5.0,1.0,14.0,6.0,4.0,0.0,0.0,0.0,0.0,0.0,0.0,0.0,0.0,0.0,0.0,0.0,0.0,0.0,0.0,0.0,0.0,0.0,0.0,0.0,0.0,0.18329938900203666,0.3665987780040733,0.18329938900203666,1.0997963340122199,0.7331975560081466,0.3665987780040733,2.5661914460285136,0.18329938900203666,MF,2
Thiago Almada,Argentina,Argentina,MF,25,2001,Atlético Madrid,5,3,241.0,2.7,0.0,0.0,0.0,0.0,0.0,0.0,1.0,0.0,0.0,0.0,0.0,0.0,0.0,5.0,2.0,40.0,1.87,0.75,0.0,0.0,48.0,29.8,60.0,0,2,31.0,3,3.0,6.0,1.0,5.0,1.87,0.92,0.0,2.0,2.0,2.0,1.0,0.0,4.0,0.0,0.0,0.0,0.0,0.0,0.0,0.0,0.0,0.0,0.0,0.0,0.0,0.0,0.0,0.0,0.0,0.0,0.0,0.0,0.0,0.0,1.8672199170124482,0.7468879668049793,0.0,1.4937759336099585,0.7468879668049793,0.37344398340248963,0.0,MF,2
Aiden O'Neill,Australia,Australia,MF,27,1998,NYCFC,4,4,360.0,4.0,0.0,0.0,0.0,0.0,0.0,0.0,0.0,0.0,0.0,0.0,0.0,0.0,0.0,2.0,0.0,0.0,0.5,0.0,0.0,0.0,90.0,92.3,90.0,3,0,0.0,0,1.25,3.0,3.0,0.0,0.0,0.0,0.0,2.0,8.0,0.0,10.0,2.0,2.0,0.0,0.0,0.0,0.0,0.0,0.0,0.0,0.0,0.0,0.0,0.0,0.0,0.0,0.0,0.0,0.0,0.0,0.0,0.0,0.0,0.0,0.5,0.0,0.5,0.5,0.5,2.5,0.0,MF,2
Alessandro Circati,Australia,Australia,DF,22,2003,Parma,4,4,390.0,4.3,0.0,0.0,0.0,0.0,0.0,0.0,1.0,0.0,0.0,0.0,0.0,0.0,0.0,3.0,0.0,0.0,0.69,0.0,0.0,0.0,98.0,100.0,98.0,4,0,0.0,0,1.25,3.0,3.0,0.0,0.0,0.0,0.0,5.0,4.0,0.0,2.0,2.0,7.0,0.0,0.0,0.0,0.0,0.0,0.0,0.0,0.0,0.0,0.0,0.0,0.0,0.0,0.0,0.0,0.0,0.0,0.0,0.0,0.0,0.0,0.6923076923076923,0.0,0.46153846153846156,1.6153846153846152,1.1538461538461537,0.46153846153846156,0.0,DF,2
Aziz Behich,Australia,Australia,MF,35,1990,Melb City,3,2,217.0,2.4,0.0,0.0,0.0,0.0,0.0,0.0,0.0,0.0,0.0,0.0,0.0,0.0,0.0,1.0,1.0,100.0,0.41,0.41,0.0,0.0,72.0,55.6,105.0,2,1,7.0,1,1.67,1.0,1.0,0.0,0.0,0.0,0.0,1.0,4.0,0.0,6.0,1.0,4.0,0.0,0.0,0.0,0.0,0.0,0.0,0.0,0.0,0.0,0.0,0.0,0.0,0.0,0.0,0.0,0.0,0.0,0.0,0.0,0.0,0.0,0.4147465437788018,0.4147465437788018,0.4147465437788018,1.6589861751152073,0.4147465437788018,2.4884792626728114,0.0,MF,2
Connor Metcalfe,Australia,Australia,MF,26,1999,St Pauli,4,3,315.0,3.5,1.0,0.0,1.0,1.0,0.0,0.0,0.0,0.0,0.29,0.0,0.29,0.29,0.29,5.0,2.0,40.0,1.43,0.57,0.2,0.5,79.0,80.8,90.0,2,1,45.0,0,1.25,3.0,1.0,2.0,0.57,2.97,0.0,1.0,0.0,0.0,8.0,2.0,5.0,0.0,0.0,0.0,0.0,0.0,0.0,0.0,0.0,0.0,0.0,0.0,0.0,0.0,0.0,0.0,0.0,0.0,0.0,0.0,0.2857142857142857,0.0,1.4285714285714284,0.5714285714285714,0.5714285714285714,1.4285714285714284,0.2857142857142857,2.2857142857142856,0.2857142857142857,MF,2
Harry Souttar,Australia,Australia,DF,27,1998,Leicester City,4,4,390.0,4.3,0.0,0.0,0.0,0.0,0.0,0.0,1.0,0.0,0.0,0.0,0.0,0.0,0.0,1.0,1.0,100.0,0.23,0.23,0.0,0.0,98.0,100.0,98.0,4,0,0.0,0,1.25,3.0,3.0,0.0,0.0,0.0,0.0,8.0,1.0,0.0,0.0,4.0,0.0,0.0,0.0,0.0,0.0,0.0,0.0,0.0,0.0,0.0,0.0,0.0,0.0,0.0,0.0,0.0,0.0,0.0,0.0,0.0,0.0,0.0,0.23076923076923078,0.23076923076923078,0.9230769230769231,0.0,1.8461538461538463,0.0,0.0,DF,2
Jackson Irvine,Australia,Australia,MF,33,1993,St Pauli,4,2,223.0,2.5,0.0,0.0,0.0,0.0,0.0,0.0,1.0,0.0,0.0,0.0,0.0,0.0,0.0,3.0,1.0,33.3,1.21,0.4,0.0,0.0,56.0,57.2,102.0,1,2,10.0,0,1.25,1.0,1.0,0.0,0.0,0.0,0.0,3.0,3.0,0.0,2.0,1.0,1.0,0.0,0.0,0.0,0.0,0.0,0.0,0.0,0.0,0.0,0.0,0.0,0.0,0.0,0.0,0.0,0.0,0.0,0.0,0.0,0.0,0.0,1.2107623318385652,0.40358744394618834,0.40358744394618834,0.40358744394618834,1.2107623318385652,0.8071748878923767,0.0,MF,2
Jordy Bos,Australia,Australia,"MF,DF",23,2002,Feyenoord,4,4,308.0,3.4,0.0,0.0,0.0,0.0,0.0,0.0,1.0,0.0,0.0,0.0,0.0,0.0,0.0,5.0,2.0,40.0,1.46,0.58,0.0,0.0,77.0,79.0,77.0,2,0,0.0,0,1.25,2.0,3.0,-1.0,-0.29,-1.39,0.0,4.0,4.0,0.0,8.0,3.0,3.0,0.0,0.0,0.0,0.0,0.0,0.0,0.0,0.0,0.0,0.0,0.0,0.0,0.0,0.0,0.0,0.0,0.0,0.0,0.0,0.0,0.0,1.461038961038961,0.5844155844155845,0.8766233766233766,0.8766233766233766,1.168831168831169,2.337662337662338,0.0,DF,2
Lucas Herrington,Australia,Australia,DF,18,2007,Colorado Rapids,2,2,210.0,2.3,0.0,0.0,0.0,0.0,0.0,0.0,0.0,0.0,0.0,0.0,0.0,0.0,0.0,0.0,0.0,0.0,0.0,0.0,0.0,0.0,105.0,53.8,105.0,2,0,0.0,2,1.0,1.0,1.0,0.0,0.0,0.0,0.0,2.0,0.0,0.0,0.0,2.0,1.0,0.0,0.0,0.0,0.0,0.0,0.0,0.0,0.0,0.0,0.0,0.0,0.0,0.0,0.0,0.0,0.0,0.0,0.0,0.0,0.0,0.0,0.0,0.0,0.8571428571428572,0.4285714285714286,0.8571428571428572,0.0,0.0,DF,2
Nestory Irankunda,Australia,Australia,"FW,MF",20,2006,Watford,4,3,261.0,2.9,1.0,0.0,1.0,1.0,0.0,0.0,0.0,0.0,0.34,0.0,0.34,0.34,0.34,6.0,2.0,33.3,2.07,0.69,0.17,0.5,65.0,66.9,72.0,0,1,45.0,0,1.25,2.0,1.0,1.0,0.34,1.04,0.0,4.0,5.0,0.0,1.0,1.0,0.0,0.0,0.0,0.0,0.0,0.0,0.0,0.0,0.0,0.0,0.0,0.0,0.0,0.0,0.0,0.0,0.0,0.0,0.0,0.0,0.3448275862068965,0.0,2.0689655172413794,0.689655172413793,0.3448275862068965,0.0,1.379310344827586,0.3448275862068965,0.3448275862068965,MF,2
Paul Okon-Engstler,Australia,Australia,MF,21,2005,Sydney FC,4,2,197.0,2.2,0.0,1.0,1.0,0.0,0.0,0.0,0.0,0.0,0.0,0.46,0.46,0.0,0.46,0.0,0.0,0.0,0.0,0.0,0.0,0.0,49.0,50.5,80.0,0,2,19.0,0,1.25,2.0,2.0,0.0,0.0,0.0,0.0,3.0,2.0,0.0,2.0,5.0,2.0,0.0,0.0,0.0,0.0,0.0,0.0,0.0,0.0,0.0,0.0,0.0,0.0,0.0,0.0,0.0,0.0,0.0,0.0,0.0,0.0,0.45685279187817257,0.0,0.0,2.284263959390863,0.9137055837563451,1.3705583756345179,0.9137055837563451,0.45685279187817257,MF,0
David Alaba,Austria,Austria,DF,33,1992,Real Madrid,4,4,275.0,3.1,0.0,1.0,1.0,0.0,0.0,0.0,0.0,0.0,0.0,0.33,0.33,0.0,0.33,2.0,0.0,0.0,0.65,0.0,0.0,0.0,69.0,76.4,69.0,1,0,0.0,0,1.0,3.0,7.0,-4.0,-1.31,-2.37,0.0,2.0,0.0,0.0,1.0,4.0,1.0,0.0,0.0,0.0,0.0,0.0,0.0,0.0,0.0,0.0,0.0,0.0,0.0,0.0,0.0,0.0,0.0,0.0,0.0,0.0,0.0,0.32727272727272727,0.6545454545454545,0.0,1.309090909090909,0.32727272727272727,0.6545454545454545,0.32727272727272727,0.32727272727272727,DF,2
Kevin Danso,Austria,Austria,DF,27,1998,Tottenham,4,2,241.0,2.7,0.0,0.0,0.0,0.0,0.0,0.0,0.0,0.0,0.0,0.0,0.0,0.0,0.0,1.0,0.0,0.0,0.37,0.0,0.0,0.0,60.0,66.9,90.0,2,2,31.0,0,1.0,3.0,6.0,-3.0,-1.12,-1.12,0.0,1.0,2.0,0.0,1.0,0.0,1.0,0.0,0.0,0.0,0.0,0.0,0.0,0.0,0.0,0.0,0.0,0.0,0.0,0.0,0.0,0.0,0.0,0.0,0.0,0.0,0.0,0.0,0.37344398340248963,0.0,0.0,0.37344398340248963,0.37344398340248963,0.37344398340248963,0.0,DF,2
Konrad Laimer,Austria,Austria,"MF,DF",29,1997,Bayern Munich,4,4,360.0,4.0,0.0,1.0,1.0,0.0,0.0,0.0,1.0,0.0,0.0,0.25,0.25,0.0,0.25,1.0,0.0,0.0,0.25,0.0,0.0,0.0,90.0,100.0,90.0,4,0,0.0,0,1.0,6.0,9.0,-3.0,-0.75,0.0,0.0,6.0,3.0,3.0,4.0,2.0,6.0,0.0,0.0,0.0,0.0,0.0,0.0,0.0,0.0,0.0,0.0,0.0,0.0,0.0,0.0,0.0,0.0,0.0,0.0,0.0,0.0,0.25,0.25,0.0,0.5,1.5,1.5,1.0,0.25,DF,2
Marcel Sabitzer,Austria,Austria,MF,32,1994,Dortmund,4,4,360.0,4.0,1.0,0.0,1.0,1.0,0.0,0.0,1.0,0.0,0.25,0.0,0.25,0.25,0.25,5.0,2.0,40.0,1.25,0.5,0.2,0.5,90.0,100.0,90.0,4,0,0.0,0,1.0,6.0,9.0,-3.0,-0.75,0.0,0.0,2.0,3.0,1.0,31.0,6.0,2.0,0.0,0.0,0.0,0.0,0.0,0.0,0.0,0.0,0.0,0.0,0.0,0.0,0.0,0.0,0.0,0.0,0.0,0.0,0.0,0.25,0.0,1.25,0.5,1.5,0.5,0.5,7.75,0.25,MF,3
Michael Gregoritsch,Austria,Austria,FW,32,1994,Augsburg,3,2,188.0,2.1,0.0,1.0,1.0,0.0,0.0,0.0,0.0,0.0,0.0,0.48,0.48,0.0,0.48,1.0,0.0,0.0,0.48,0.0,0.0,0.0,63.0,52.2,72.0,0,1,45.0,1,0.33,2.0,4.0,-2.0,-0.96,-0.43,0.0,1.0,1.0,2.0,0.0,0.0,0.0,0.0,0.0,0.0,0.0,0.0,0.0,0.0,0.0,0.0,0.0,0.0,0.0,0.0,0.0,0.0,0.0,0.0,0.0,0.0,0.0,0.4787234042553191,0.4787234042553191,0.0,0.0,0.0,0.4787234042553191,0.0,0.4787234042553191,FW,2
Nicolas Seiwald,Austria,Austria,MF,25,2001,RB Leipzig,4,4,315.0,3.5,0.0,0.0,0.0,0.0,0.0,0.0,0.0,0.0,0.0,0.0,0.0,0.0,0.0,3.0,0.0,0.0,0.86,0.0,0.0,0.0,79.0,87.5,79.0,3,0,0.0,0,1.0,6.0,7.0,-1.0,-0.29,3.71,0.0,1.0,1.0,0.0,3.0,4.0,5.0,0.0,0.0,0.0,0.0,0.0,0.0,0.0,0.0,0.0,0.0,0.0,0.0,0.0,0.0,0.0,0.0,0.0,0.0,0.0,0.0,0.0,0.8571428571428572,0.0,1.1428571428571428,1.4285714285714284,0.2857142857142857,0.8571428571428572,0.0,MF,0
Paul Wanner,Austria,Austria,MF,20,2005,PSV,4,2,234.0,2.6,0.0,0.0,0.0,0.0,0.0,0.0,0.0,0.0,0.0,0.0,0.0,0.0,0.0,1.0,0.0,0.0,0.38,0.0,0.0,0.0,59.0,65.0,79.0,1,2,39.0,0,1.0,4.0,6.0,-2.0,-0.77,-0.05,0.0,4.0,2.0,0.0,1.0,2.0,1.0,0.0,0.0,0.0,0.0,0.0,0.0,0.0,0.0,0.0,0.0,0.0,0.0,0.0,0.0,0.0,0.0,0.0,0.0,0.0,0.0,0.0,0.38461538461538464,0.0,0.7692307692307693,0.38461538461538464,1.5384615384615385,0.38461538461538464,0.0,MF,2
Philipp Lienhart,Austria,Austria,DF,29,1996,Freiburg,2,2,180.0,2.0,0.0,0.0,0.0,0.0,0.0,0.0,0.0,0.0,0.0,0.0,0.0,0.0,0.0,1.0,0.0,0.0,0.5,0.0,0.0,0.0,90.0,50.0,90.0,2,0,0.0,2,2.0,6.0,4.0,2.0,1.0,3.5,0.0,0.0,0.0,0.0,0.0,1.0,1.0,0.0,0.0,0.0,0.0,0.0,0.0,0.0,0.0,0.0,0.0,0.0,0.0,0.0,0.0,0.0,0.0,0.0,0.0,0.0,0.0,0.0,0.5,0.0,0.5,0.5,0.0,0.0,0.0,DF,2
Romano Schmid,Austria,Austria,"MF,FW",26,2000,Werder Bremen,4,4,263.0,2.9,1.0,0.0,1.0,1.0,0.0,0.0,0.0,0.0,0.34,0.0,0.34,0.34,0.34,2.0,1.0,50.0,0.68,0.34,0.5,1.0,66.0,73.1,66.0,0,0,0.0,0,1.0,3.0,4.0,-1.0,-0.34,1.51,0.0,3.0,4.0,0.0,3.0,0.0,4.0,0.0,0.0,0.0,0.0,0.0,0.0,0.0,0.0,0.0,0.0,0.0,0.0,0.0,0.0,0.0,0.0,0.0,0.0,0.0,0.34220532319391633,0.0,0.6844106463878327,0.34220532319391633,0.0,1.3688212927756653,1.0266159695817492,1.0266159695817492,0.34220532319391633,MF,2
Stefan Posch,Austria,Austria,DF,29,1997,Mainz 05,4,4,331.0,3.7,0.0,0.0,0.0,0.0,0.0,0.0,2.0,0.0,0.0,0.0,0.0,0.0,0.0,3.0,0.0,0.0,0.82,0.0,0.0,0.0,83.0,91.9,83.0,2,0,0.0,0,1.0,6.0,7.0,-1.0,-0.27,5.93,0.0,7.0,3.0,0.0,3.0,10.0,4.0,0.0,0.0,0.0,0.0,0.0,0.0,0.0,0.0,0.0,0.0,0.0,0.0,0.0,0.0,0.0,0.0,0.0,0.0,0.0,0.0,0.0,0.8157099697885197,0.0,2.719033232628399,1.0876132930513596,1.9033232628398793,0.8157099697885197,0.0,DF,0
Xaver Schlager,Austria,Austria,MF,28,1997,RB Leipzig,4,4,238.0,2.6,0.0,1.0,1.0,0.0,0.0,0.0,0.0,0.0,0.0,0.38,0.38,0.0,0.38,1.0,0.0,0.0,0.38,0.0,0.0,0.0,60.0,66.1,60.0,1,0,0.0,0,1.0,2.0,5.0,-3.0,-1.13,-1.13,0.0,6.0,0.0,0.0,1.0,7.0,3.0,0.0,0.0,0.0,0.0,0.0,0.0,0.0,0.0,0.0,0.0,0.0,0.0,0.0,0.0,0.0,0.0,0.0,0.0,0.0,0.0,0.37815126050420167,0.37815126050420167,0.0,2.6470588235294117,1.134453781512605,2.26890756302521,0.37815126050420167,0.37815126050420167,MF,0
Arthur Theate,Belgium,Belgium,DF,26,2000,Frankfurt,3,2,228.0,2.5,0.0,0.0,0.0,0.0,0.0,0.0,0.0,0.0,0.0,0.0,0.0,0.0,0.0,5.0,1.0,20.0,1.97,0.39,0.0,0.0,76.0,40.0,105.0,2,1,18.0,3,2.33,8.0,3.0,5.0,1.97,1.45,0.0,1.0,0.0,0.0,0.0,3.0,0.0,0.0,0.0,0.0,0.0,0.0,0.0,0.0,0.0,0.0,0.0,0.0,0.0,0.0,0.0,0.0,0.0,0.0,0.0,0.0,0.0,0.0,1.9736842105263157,0.39473684210526316,1.1842105263157894,0.0,0.39473684210526316,0.0,0.0,DF,2
Brandon Mechele,Belgium,Belgium,DF,33,1993,Club Brugge,6,6,570.0,6.3,0.0,0.0,0.0,0.0,0.0,0.0,1.0,0.0,0.0,0.0,0.0,0.0,0.0,5.0,1.0,20.0,0.79,0.16,0.0,0.0,95.0,100.0,95.0,6,0,0.0,0,1.83,14.0,7.0,7.0,1.11,0.0,0.0,9.0,2.0,0.0,0.0,4.0,4.0,0.0,0.0,0.0,0.0,0.0,0.0,0.0,0.0,0.0,0.0,0.0,0.0,0.0,0.0,0.0,0.0,0.0,0.0,0.0,0.0,0.0,0.7894736842105263,0.15789473684210525,0.631578947368421,0.631578947368421,1.4210526315789473,0.0,0.0,DF,2
Charles De Ketelaere,Belgium,Belgium,"FW,MF",25,2001,Atalanta,5,5,350.0,3.9,3.0,1.0,4.0,3.0,0.0,0.0,0.0,0.0,0.77,0.26,1.03,0.77,1.03,6.0,5.0,83.3,1.54,1.29,0.5,0.6,70.0,61.4,70.0,1,0,0.0,1,2.0,8.0,6.0,2.0,0.51,-1.53,0.0,2.0,3.0,2.0,3.0,5.0,4.0,0.0,0.0,0.0,0.0,0.0,0.0,0.0,0.0,0.0,0.0,0.0,0.0,0.0,0.0,0.0,0.0,0.0,0.0,0.0,0.7714285714285715,0.2571428571428571,1.542857142857143,1.2857142857142856,1.2857142857142856,1.0285714285714285,0.5142857142857142,0.7714285714285715,1.0285714285714285,MF,1
Hans Vanaken,Belgium,Belgium,MF,33,1992,Club Brugge,6,3,319.0,3.5,1.0,2.0,3.0,1.0,0.0,0.0,0.0,0.0,0.28,0.56,0.85,0.28,0.85,5.0,1.0,20.0,1.41,0.28,0.2,1.0,53.0,56.0,70.0,1,3,36.0,0,1.83,9.0,5.0,4.0,1.13,0.05,0.0,0.0,6.0,0.0,2.0,1.0,1.0,0.0,0.0,0.0,0.0,0.0,0.0,0.0,0.0,0.0,0.0,0.0,0.0,0.0,0.0,0.0,0.0,0.0,0.0,0.0,0.28213166144200624,0.5642633228840125,1.4106583072100312,0.28213166144200624,0.28213166144200624,0.28213166144200624,0.0,0.5642633228840125,0.8463949843260188,MF,3
Jeremy Doku,Belgium,Belgium,MF,24,2002,Manchester City,5,4,309.0,3.4,0.0,0.0,0.0,0.0,0.0,0.0,0.0,0.0,0.0,0.0,0.0,0.0,0.0,3.0,1.0,33.3,0.87,0.29,0.0,0.0,62.0,54.2,71.0,1,1,24.0,0,2.0,5.0,5.0,0.0,0.0,-2.41,0.0,4.0,18.0,0.0,6.0,3.0,1.0,0.0,0.0,0.0,0.0,0.0,0.0,0.0,0.0,0.0,0.0,0.0,0.0,0.0,0.0,0.0,0.0,0.0,0.0,0.0,0.0,0.0,0.8737864077669902,0.29126213592233013,0.8737864077669902,0.29126213592233013,1.1650485436893205,1.7475728155339805,0.0,MF,2
Kevin De Bruyne,Belgium,Belgium,MF,34,1991,Napoli,5,5,382.0,4.2,1.0,0.0,1.0,1.0,0.0,0.0,1.0,0.0,0.24,0.0,0.24,0.24,0.24,20.0,5.0,25.0,4.71,1.18,0.05,0.2,76.0,67.0,76.0,0,0,0.0,1,1.6,5.0,4.0,1.0,0.24,-2.64,0.0,2.0,4.0,0.0,21.0,0.0,2.0,0.0,0.0,0.0,0.0,0.0,0.0,0.0,0.0,0.0,0.0,0.0,0.0,0.0,0.0,0.0,0.0,0.0,0.0,0.0,0.23560209424083772,0.0,4.712041884816754,1.1780104712041886,0.0,0.47120418848167545,0.47120418848167545,4.947643979057592,0.23560209424083772,MF,1
Leandro Trossard,Belgium,Belgium,"MF,FW",31,1994,Arsenal,6,6,506.0,5.6,2.0,2.0,4.0,2.0,0.0,0.0,0.0,0.0,0.36,0.36,0.71,0.36,0.71,17.0,3.0,17.6,3.02,0.53,0.12,0.67,84.0,88.8,84.0,2,0,0.0,0,1.83,10.0,5.0,5.0,0.89,-1.92,0.0,4.0,8.0,1.0,7.0,4.0,1.0,0.0,0.0,0.0,0.0,0.0,0.0,0.0,0.0,0.0,0.0,0.0,0.0,0.0,0.0,0.0,0.0,0.0,0.0,0.0,0.3557312252964427,0.3557312252964427,3.0237154150197627,0.533596837944664,0.7114624505928854,0.17786561264822134,0.7114624505928854,1.2450592885375493,0.7114624505928854,MF,1
Maxim De Cuyper,Belgium,Belgium,DF,25,2000,Brighton,6,5,442.0,4.9,0.0,0.0,0.0,0.0,0.0,0.0,1.0,0.0,0.0,0.0,0.0,0.0,0.0,10.0,6.0,60.0,2.04,1.22,0.0,0.0,74.0,77.5,81.0,3,1,35.0,0,1.83,11.0,5.0,6.0,1.22,0.52,0.0,7.0,2.0,0.0,12.0,6.0,2.0,0.0,0.0,0.0,0.0,0.0,0.0,0.0,0.0,0.0,0.0,0.0,0.0,0.0,0.0,0.0,0.0,0.0,0.0,0.0,0.0,0.0,2.0361990950226243,1.2217194570135748,1.2217194570135748,0.40723981900452494,1.425339366515837,2.4434389140271495,0.0,DF,2
Nathan Ngoy,Belgium,Belgium,DF,23,2003,Lille,4,4,335.0,3.7,0.0,0.0,0.0,0.0,0.0,0.0,0.0,1.0,0.0,0.0,0.0,0.0,0.0,1.0,0.0,0.0,0.27,0.0,0.0,0.0,84.0,58.8,84.0,3,0,0.0,1,1.25,6.0,4.0,2.0,0.54,-1.38,0.0,6.0,1.0,0.0,0.0,7.0,4.0,0.0,0.0,0.0,0.0,0.0,0.0,0.0,0.0,0.0,0.0,0.0,0.0,0.0,0.0,0.0,0.0,0.0,0.0,0.0,0.0,0.0,0.26865671641791045,0.0,1.8805970149253732,1.0746268656716418,1.6119402985074627,0.0,0.0,DF,0
Nicolas Raskin,Belgium,Belgium,MF,25,2001,Rangers,6,3,341.0,3.8,0.0,2.0,2.0,0.0,0.0,0.0,0.0,0.0,0.0,0.53,0.53,0.0,0.53,2.0,1.0,50.0,0.53,0.26,0.0,0.0,57.0,59.8,78.0,1,3,35.0,0,1.83,10.0,3.0,7.0,1.85,1.85,0.0,12.0,3.0,0.0,7.0,2.0,5.0,0.0,0.0,0.0,0.0,0.0,0.0,0.0,0.0,0.0,0.0,0.0,0.0,0.0,0.0,0.0,0.0,0.0,0.0,0.0,0.0,0.5278592375366569,0.5278592375366569,0.26392961876832843,0.5278592375366569,1.3196480938416424,3.1671554252199416,1.847507331378299,0.5278592375366569,MF,3
Romelu Lukaku,Belgium,Belgium,FW,33,1993,Napoli,6,1,233.0,2.6,3.0,1.0,4.0,3.0,0.0,0.0,1.0,0.0,1.16,0.39,1.55,1.16,1.55,6.0,3.0,50.0,2.32,1.16,0.5,1.0,39.0,40.9,72.0,0,5,32.0,0,1.83,6.0,2.0,4.0,1.55,0.74,0.0,2.0,0.0,1.0,0.0,0.0,0.0,0.0,0.0,0.0,0.0,0.0,0.0,0.0,0.0,0.0,0.0,0.0,0.0,0.0,0.0,0.0,0.0,0.0,0.0,0.0,1.1587982832618027,0.38626609442060084,2.3175965665236054,1.1587982832618027,0.0,0.0,0.7725321888412017,0.0,1.5450643776824036,FW,1
Thomas Meunier,Belgium,Belgium,DF,34,1991,Lille,3,2,190.0,2.1,0.0,1.0,1.0,0.0,0.0,0.0,0.0,0.0,0.0,0.47,0.47,0.0,0.47,2.0,1.0,50.0,0.95,0.47,0.0,0.0,63.0,33.3,74.0,1,1,43.0,3,1.67,4.0,1.0,3.0,1.42,0.47,0.0,9.0,0.0,0.0,7.0,2.0,2.0,0.0,0.0,0.0,0.0,0.0,0.0,0.0,0.0,0.0,0.0,0.0,0.0,0.0,0.0,0.0,0.0,0.0,0.0,0.0,0.0,0.47368421052631576,0.9473684210526315,0.47368421052631576,0.9473684210526315,0.9473684210526315,4.2631578947368425,3.31578947368421,0.47368421052631576,DF,3
Timothy Castagne,Belgium,Belgium,DF,30,1995,Fulham,6,5,478.0,5.3,0.0,1.0,1.0,0.0,0.0,0.0,1.0,0.0,0.0,0.19,0.19,0.0,0.19,3.0,1.0,33.3,0.56,0.19,0.0,0.0,80.0,83.9,89.0,4,1,33.0,0,1.83,13.0,7.0,6.0,1.13,0.15,0.0,7.0,2.0,0.0,20.0,8.0,7.0,0.0,0.0,0.0,0.0,0.0,0.0,0.0,0.0,0.0,0.0,0.0,0.0,0.0,0.0,0.0,0.0,0.0,0.0,0.0,0.0,0.18828451882845187,0.5648535564853556,0.18828451882845187,1.506276150627615,1.3179916317991631,1.3179916317991631,3.7656903765690375,0.18828451882845187,DF,0
Youri Tielemans,Belgium,Belgium,MF,29,1997,Aston Villa,5,5,474.0,5.3,2.0,0.0,2.0,1.0,1.0,1.0,0.0,0.0,0.38,0.0,0.38,0.19,0.19,11.0,3.0,27.3,2.09,0.57,0.09,0.33,95.0,83.2,95.0,4,0,0.0,0,2.2,11.0,5.0,6.0,1.14,0.2,0.0,7.0,10.0,1.0,15.0,2.0,6.0,0.0,0.0,0.0,0.0,0.0,0.0,0.0,0.0,0.0,0.0,0.0,0.0,0.0,0.0,0.0,0.0,0.0,0.0,0.0,0.37974683544303794,0.0,2.088607594936709,0.569620253164557,0.37974683544303794,1.139240506329114,1.3291139240506329,2.848101265822785,0.37974683544303794,MF,3
Amar Dedić,Bosnia–Herz,Bosnia and Herzegovina,DF,23,2002,Benfica,3,3,270.0,3.0,0.0,0.0,0.0,0.0,0.0,0.0,1.0,0.0,0.0,0.0,0.0,0.0,0.0,2.0,1.0,50.0,0.67,0.33,0.0,0.0,90.0,75.0,90.0,3,0,0.0,1,0.33,2.0,7.0,-5.0,-1.67,-3.67,0.0,6.0,3.0,0.0,0.0,1.0,7.0,0.0,0.0,0.0,0.0,0.0,0.0,0.0,0.0,0.0,0.0,0.0,0.0,0.0,0.0,0.0,0.0,0.0,0.0,0.0,0.0,0.0,0.6666666666666667,0.33333333333333337,0.33333333333333337,2.3333333333333335,2.0,0.0,0.0,DF,0
Amar Memić,Bosnia–Herz,Bosnia and Herzegovina,MF,25,2001,Viktoria Plzeň,4,2,224.0,2.5,0.0,0.0,0.0,0.0,0.0,0.0,0.0,0.0,0.0,0.0,0.0,0.0,0.0,3.0,1.0,33.3,1.21,0.4,0.0,0.0,56.0,62.2,82.0,1,2,31.0,0,1.0,3.0,5.0,-2.0,-0.8,-0.14,0.0,4.0,3.0,0.0,5.0,2.0,2.0,0.0,0.0,0.0,0.0,0.0,0.0,0.0,0.0,0.0,0.0,0.0,0.0,0.0,0.0,0.0,0.0,0.0,0.0,0.0,0.0,0.0,1.2053571428571428,0.40178571428571425,0.8035714285714285,0.8035714285714285,1.607142857142857,2.0089285714285716,0.0,MF,2
Benjamin Tahirovic,Bosnia–Herz,Bosnia and Herzegovina,MF,23,2003,Brøndby,4,2,237.0,2.6,0.0,0.0,0.0,0.0,0.0,0.0,0.0,0.0,0.0,0.0,0.0,0.0,0.0,1.0,0.0,0.0,0.38,0.0,0.0,0.0,59.0,65.8,76.0,1,2,43.0,0,1.0,2.0,2.0,0.0,0.0,2.2,0.0,3.0,2.0,0.0,2.0,4.0,4.0,0.0,0.0,0.0,0.0,0.0,0.0,0.0,0.0,0.0,0.0,0.0,0.0,0.0,0.0,0.0,0.0,0.0,0.0,0.0,0.0,0.0,0.37974683544303794,0.0,1.5189873417721518,1.5189873417721518,1.139240506329114,0.7594936708860759,0.0,MF,0
Ermedin Demirović,Bosnia–Herz,Bosnia and Herzegovina,FW,28,1998,Stuttgart,4,4,354.0,3.9,0.0,0.0,0.0,0.0,0.0,0.0,1.0,0.0,0.0,0.0,0.0,0.0,0.0,4.0,4.0,100.0,1.02,1.02,0.0,0.0,89.0,98.3,89.0,3,0,0.0,0,1.0,4.0,6.0,-2.0,-0.51,14.49,0.0,11.0,3.0,1.0,0.0,1.0,1.0,0.0,0.0,0.0,0.0,0.0,0.0,0.0,0.0,0.0,0.0,0.0,0.0,0.0,0.0,0.0,0.0,0.0,0.0,0.0,0.0,0.0,1.0169491525423728,1.0169491525423728,0.2542372881355932,0.2542372881355932,2.7966101694915255,0.0,0.0,FW,2
Esmir Bajraktarevic,Bosnia–Herz,Bosnia and Herzegovina,MF,21,2005,PSV,4,2,230.0,2.6,0.0,0.0,0.0,0.0,0.0,0.0,0.0,0.0,0.0,0.0,0.0,0.0,0.0,3.0,2.0,66.7,1.17,0.78,0.0,0.0,58.0,63.9,82.0,1,2,34.0,0,1.0,5.0,6.0,-1.0,-0.39,0.99,0.0,1.0,2.0,0.0,8.0,3.0,0.0,0.0,0.0,0.0,0.0,0.0,0.0,0.0,0.0,0.0,0.0,0.0,0.0,0.0,0.0,0.0,0.0,0.0,0.0,0.0,0.0,0.0,1.1739130434782608,0.782608695652174,1.1739130434782608,0.0,0.391304347826087,3.130434782608696,0.0,MF,2
Ivan Šunjić,Bosnia–Herz,Bosnia and Herzegovina,MF,29,1996,Unknown Club,4,3,196.0,2.2,0.0,0.0,0.0,0.0,0.0,0.0,0.0,0.0,0.0,0.0,0.0,0.0,0.0,1.0,1.0,100.0,0.46,0.46,0.0,0.0,49.0,54.4,60.0,0,1,17.0,0,1.0,2.0,5.0,-3.0,-1.38,-1.38,0.0,7.0,0.0,0.0,1.0,0.0,3.0,0.0,0.0,0.0,0.0,0.0,0.0,0.0,0.0,0.0,0.0,0.0,0.0,0.0,0.0,0.0,0.0,0.0,0.0,0.0,0.0,0.0,0.4591836734693877,0.4591836734693877,0.0,1.3775510204081631,3.214285714285714,0.4591836734693877,0.0,MF,2
Kerim Alajbegović,Bosnia–Herz,Bosnia and Herzegovina,MF,18,2007,RB Salzburg,4,3,277.0,3.1,1.0,0.0,1.0,1.0,0.0,0.0,0.0,0.0,0.32,0.0,0.32,0.32,0.32,4.0,1.0,25.0,1.3,0.32,0.25,1.0,69.0,76.9,87.0,1,1,17.0,0,1.0,3.0,7.0,-4.0,-1.3,-2.38,0.0,4.0,6.0,1.0,15.0,2.0,0.0,0.0,0.0,0.0,0.0,0.0,0.0,0.0,0.0,0.0,0.0,0.0,0.0,0.0,0.0,0.0,0.0,0.0,0.0,0.0,0.3249097472924188,0.0,1.2996389891696751,0.3249097472924188,0.6498194945848376,0.0,1.2996389891696751,4.873646209386282,0.3249097472924188,MF,3
Nikola Katić,Bosnia–Herz,Bosnia and Herzegovina,DF,29,1996,Schalke 04,4,4,317.0,3.5,0.0,0.0,0.0,0.0,0.0,0.0,1.0,0.0,0.0,0.0,0.0,0.0,0.0,2.0,0.0,0.0,0.57,0.0,0.0,0.0,79.0,88.1,79.0,2,0,0.0,0,1.0,4.0,7.0,-3.0,-0.85,-0.85,0.0,4.0,0.0,0.0,0.0,5.0,6.0,0.0,0.0,0.0,0.0,0.0,0.0,0.0,0.0,0.0,0.0,0.0,0.0,0.0,0.0,0.0,0.0,0.0,0.0,0.0,0.0,0.0,0.5678233438485805,0.0,1.419558359621451,1.7034700315457414,1.135646687697161,0.0,0.0,DF,0
Sead Kolašinac,Bosnia–Herz,Bosnia and Herzegovina,DF,32,1993,Atalanta,4,4,337.0,3.7,0.0,1.0,1.0,0.0,0.0,0.0,0.0,0.0,0.0,0.27,0.27,0.0,0.27,0.0,0.0,0.0,0.0,0.0,0.0,0.0,84.0,93.6,84.0,2,0,0.0,0,1.0,5.0,7.0,-2.0,-0.53,3.38,0.0,6.0,4.0,0.0,9.0,2.0,6.0,0.0,0.0,0.0,0.0,0.0,0.0,0.0,0.0,0.0,0.0,0.0,0.0,0.0,0.0,0.0,0.0,0.0,0.0,0.0,0.0,0.26706231454005935,0.0,0.0,0.5341246290801187,1.6023738872403561,1.6023738872403561,2.403560830860534,0.26706231454005935,DF,3
Stjepan Radeljić,Bosnia–Herz,Bosnia and Herzegovina,DF,28,1997,Rijeka,2,2,180.0,2.0,0.0,0.0,0.0,0.0,0.0,0.0,1.0,0.0,0.0,0.0,0.0,0.0,0.0,1.0,0.0,0.0,0.5,0.0,0.0,0.0,90.0,50.0,90.0,2,0,0.0,2,1.5,3.0,3.0,0.0,0.0,1.5,0.0,1.0,3.0,0.0,0.0,0.0,1.0,0.0,0.0,0.0,0.0,0.0,0.0,0.0,0.0,0.0,0.0,0.0,0.0,0.0,0.0,0.0,0.0,0.0,0.0,0.0,0.0,0.0,0.5,0.0,0.0,0.5,0.5,0.0,0.0,DF,2
Tarik Muharemovic,Bosnia–Herz,Bosnia and Herzegovina,DF,23,2003,Sassuolo,3,3,259.0,2.9,0.0,0.0,0.0,0.0,0.0,0.0,0.0,1.0,0.0,0.0,0.0,0.0,0.0,1.0,0.0,0.0,0.35,0.0,0.0,0.0,86.0,71.9,86.0,2,0,0.0,0,0.33,1.0,4.0,-3.0,-1.04,-1.04,0.0,5.0,2.0,0.0,1.0,8.0,1.0,0.0,0.0,0.0,0.0,0.0,0.0,0.0,0.0,0.0,0.0,0.0,0.0,0.0,0.0,0.0,0.0,0.0,0.0,0.0,0.0,0.0,0.3474903474903475,0.0,2.77992277992278,0.3474903474903475,1.7374517374517373,0.3474903474903475,0.0,DF,0
Bruno Guimarães,Brazil,Brazil,MF,28,1997,Newcastle,5,5,416.0,4.6,0.0,4.0,4.0,0.0,0.0,1.0,0.0,0.0,0.0,0.87,0.87,0.0,0.87,8.0,2.0,25.0,1.73,0.43,0.0,0.0,83.0,92.4,83.0,1,0,0.0,0,2.0,8.0,3.0,5.0,1.08,-1.57,0.0,4.0,7.0,0.0,16.0,2.0,6.0,0.0,0.0,0.0,0.0,0.0,0.0,0.0,0.0,0.0,0.0,0.0,0.0,0.0,0.0,0.0,0.0,0.0,0.0,0.0,0.0,0.8653846153846154,1.7307692307692308,0.4326923076923077,0.4326923076923077,1.2980769230769231,0.8653846153846154,3.4615384615384617,0.8653846153846154,MF,3
Casemiro,Brazil,Brazil,MF,34,1992,Manchester Utd,5,5,379.0,4.2,1.0,0.0,1.0,1.0,0.0,0.0,2.0,0.0,0.24,0.0,0.24,0.24,0.24,4.0,2.0,50.0,0.95,0.47,0.25,0.5,76.0,84.2,76.0,2,0,0.0,0,2.0,9.0,4.0,5.0,1.19,-0.08,0.0,6.0,6.0,0.0,5.0,6.0,5.0,0.0,0.0,0.0,0.0,0.0,0.0,0.0,0.0,0.0,0.0,0.0,0.0,0.0,0.0,0.0,0.0,0.0,0.0,0.0,0.23746701846965698,0.0,0.9498680738786279,0.47493403693931396,1.424802110817942,1.187335092348285,1.424802110817942,1.187335092348285,0.23746701846965698,MF,0
Danilo,Brazil,Brazil,DF,34,1991,Flamengo,5,4,405.0,4.5,0.0,0.0,0.0,0.0,0.0,0.0,2.0,0.0,0.0,0.0,0.0,0.0,0.0,1.0,0.0,0.0,0.22,0.0,0.0,0.0,81.0,90.0,90.0,4,1,45.0,0,2.0,9.0,3.0,6.0,1.33,1.33,0.0,7.0,1.0,1.0,10.0,7.0,2.0,0.0,0.0,0.0,0.0,0.0,0.0,0.0,0.0,0.0,0.0,0.0,0.0,0.0,0.0,0.0,0.0,0.0,0.0,0.0,0.0,0.0,0.2222222222222222,0.0,1.5555555555555554,0.4444444444444444,1.5555555555555554,2.2222222222222223,0.0,DF,2
Douglas Santos,Brazil,Brazil,DF,32,1994,Zenit,5,5,441.0,4.9,0.0,0.0,0.0,0.0,0.0,0.0,1.0,0.0,0.0,0.0,0.0,0.0,0.0,2.0,0.0,0.0,0.41,0.0,0.0,0.0,88.0,98.0,88.0,4,0,0.0,0,2.0,10.0,4.0,6.0,1.22,1.22,0.0,3.0,2.0,1.0,6.0,6.0,10.0,0.0,0.0,0.0,0.0,0.0,0.0,0.0,0.0,0.0,0.0,0.0,0.0,0.0,0.0,0.0,0.0,0.0,0.0,0.0,0.0,0.0,0.40816326530612246,0.0,1.2244897959183674,2.0408163265306123,0.6122448979591837,1.2244897959183674,0.0,DF,0
Gabriel Magalhães,Brazil,Brazil,DF,28,1997,Arsenal,5,5,450.0,5.0,0.0,1.0,1.0,0.0,0.0,0.0,0.0,0.0,0.0,0.2,0.2,0.0,0.2,1.0,0.0,0.0,0.2,0.0,0.0,0.0,90.0,100.0,90.0,5,0,0.0,0,2.0,10.0,4.0,6.0,1.2,0.0,0.0,1.0,3.0,0.0,3.0,4.0,2.0,0.0,0.0,0.0,0.0,0.0,0.0,0.0,0.0,0.0,0.0,0.0,0.0,0.0,0.0,0.0,0.0,0.0,0.0,0.0,0.0,0.2,0.2,0.0,0.8,0.4,0.2,0.6000000000000001,0.2,DF,2
Lucas Paquetá,Brazil,Brazil,MF,28,1997,Flamengo,4,4,233.0,2.6,0.0,1.0,1.0,0.0,0.0,0.0,0.0,0.0,0.0,0.39,0.39,0.0,0.39,5.0,1.0,20.0,1.93,0.39,0.0,0.0,58.0,51.8,58.0,0,0,0.0,0,2.5,7.0,2.0,5.0,1.93,1.52,0.0,3.0,6.0,0.0,5.0,5.0,4.0,0.0,0.0,0.0,0.0,0.0,0.0,0.0,0.0,0.0,0.0,0.0,0.0,0.0,0.0,0.0,0.0,0.0,0.0,0.0,0.0,0.38626609442060084,1.9313304721030042,0.38626609442060084,1.9313304721030042,1.5450643776824033,1.1587982832618027,1.9313304721030042,0.38626609442060084,MF,0
Marquinhos,Brazil,Brazil,DF,32,1994,PSG,5,5,450.0,5.0,0.0,0.0,0.0,0.0,0.0,0.0,0.0,0.0,0.0,0.0,0.0,0.0,0.0,2.0,0.0,0.0,0.4,0.0,0.0,0.0,90.0,100.0,90.0,5,0,0.0,0,2.0,10.0,4.0,6.0,1.2,0.0,0.0,0.0,2.0,1.0,1.0,3.0,2.0,0.0,0.0,0.0,0.0,0.0,0.0,0.0,0.0,0.0,0.0,0.0,0.0,0.0,0.0,0.0,0.0,0.0,0.0,0.0,0.0,0.0,0.4,0.0,0.6000000000000001,0.4,0.0,0.2,0.0,DF,2
Matheus Cunha,Brazil,Brazil,FW,27,1999,Manchester Utd,5,4,290.0,3.2,3.0,0.0,3.0,3.0,0.0,0.0,0.0,0.0,0.93,0.0,0.93,0.93,0.93,11.0,5.0,45.5,3.41,1.55,0.27,0.6,58.0,64.4,65.0,0,1,30.0,0,2.0,7.0,1.0,6.0,1.86,1.86,0.0,1.0,3.0,1.0,4.0,3.0,3.0,0.0,0.0,0.0,0.0,0.0,0.0,0.0,0.0,0.0,0.0,0.0,0.0,0.0,0.0,0.0,0.0,0.0,0.0,0.0,0.9310344827586207,0.0,3.413793103448276,1.5517241379310345,0.9310344827586207,0.9310344827586207,0.3103448275862069,1.2413793103448276,0.9310344827586207,FW,1
Rayan,Brazil,Brazil,"FW,MF",19,2006,Bournemouth,4,3,288.0,3.2,0.0,1.0,1.0,0.0,0.0,0.0,0.0,0.0,0.0,0.31,0.31,0.0,0.31,5.0,2.0,40.0,1.56,0.62,0.0,0.0,72.0,64.0,79.0,1,1,51.0,1,2.25,6.0,1.0,5.0,1.56,1.01,0.0,5.0,4.0,1.0,11.0,3.0,4.0,0.0,0.0,0.0,0.0,0.0,0.0,0.0,0.0,0.0,0.0,0.0,0.0,0.0,0.0,0.0,0.0,0.0,0.0,0.0,0.0,0.3125,1.5625,0.625,0.9375,1.25,1.5625,3.4375000000000004,0.3125,MF,3
Vinicius Júnior,Brazil,Brazil,FW,25,2000,Real Madrid,5,5,440.0,4.9,4.0,1.0,5.0,4.0,0.0,0.0,0.0,0.0,0.82,0.2,1.02,0.82,1.02,17.0,11.0,64.7,3.48,2.25,0.24,0.36,88.0,97.8,88.0,4,0,0.0,0,2.0,10.0,4.0,6.0,1.23,1.23,0.0,4.0,10.0,3.0,12.0,1.0,1.0,0.0,0.0,0.0,0.0,0.0,0.0,0.0,0.0,0.0,0.0,0.0,0.0,0.0,0.0,0.0,0.0,0.0,0.0,0.0,0.8181818181818181,0.20454545454545453,3.477272727272727,2.25,0.20454545454545453,0.20454545454545453,0.8181818181818181,2.4545454545454546,1.0227272727272727,FW,1
Deroy Duarte,Cabo Verde,Cape Verde,MF,26,1999,Ludogorets,4,2,264.0,2.9,1.0,0.0,1.0,1.0,0.0,0.0,0.0,0.0,0.34,0.0,0.34,0.34,0.34,3.0,2.0,66.7,1.02,0.68,0.33,0.5,66.0,67.7,95.0,1,2,38.0,0,0.75,2.0,2.0,0.0,0.0,0.71,0.0,4.0,1.0,0.0,1.0,6.0,5.0,0.0,0.0,0.0,0.0,0.0,0.0,0.0,0.0,0.0,0.0,0.0,0.0,0.0,0.0,0.0,0.0,0.0,0.0,0.0,0.34090909090909094,0.0,1.0227272727272727,0.6818181818181819,2.0454545454545454,1.7045454545454546,1.3636363636363638,0.34090909090909094,0.34090909090909094,MF,0
Diney,Cabo Verde,Cape Verde,DF,31,1995,Unknown Club,4,4,390.0,4.3,0.0,0.0,0.0,0.0,0.0,0.0,1.0,0.0,0.0,0.0,0.0,0.0,0.0,4.0,2.0,50.0,0.92,0.46,0.0,0.0,98.0,100.0,98.0,4,0,0.0,0,0.75,4.0,5.0,-1.0,-0.23,0.0,0.0,2.0,0.0,0.0,0.0,4.0,7.0,1.0,0.0,0.0,0.0,0.0,0.0,0.0,0.0,0.0,0.0,0.0,0.0,0.0,0.0,0.0,0.0,0.0,0.0,0.0,0.0,0.0,0.9230769230769231,0.46153846153846156,0.9230769230769231,1.6153846153846152,0.46153846153846156,0.0,0.0,DF,0
Jamiro Monteiro,Cabo Verde,Cape Verde,MF,32,1993,Zwolle,4,3,281.0,3.1,0.0,0.0,0.0,0.0,0.0,0.0,0.0,0.0,0.0,0.0,0.0,0.0,0.0,5.0,1.0,20.0,1.6,0.32,0.0,0.0,70.0,72.1,76.0,0,1,54.0,0,0.75,3.0,4.0,-1.0,-0.32,-0.32,0.0,4.0,2.0,0.0,7.0,4.0,4.0,0.0,0.0,0.0,0.0,0.0,0.0,0.0,0.0,0.0,0.0,0.0,0.0,0.0,0.0,0.0,0.0,0.0,0.0,0.0,0.0,0.0,1.6014234875444842,0.32028469750889677,1.281138790035587,1.281138790035587,1.281138790035587,2.2419928825622777,0.0,MF,0
Kevin Pina,Cabo Verde,Cape Verde,MF,29,1997,Krasnodar,4,4,349.0,3.9,1.0,0.0,1.0,1.0,0.0,0.0,1.0,0.0,0.26,0.0,0.26,0.26,0.26,5.0,1.0,20.0,1.29,0.26,0.2,1.0,87.0,89.5,87.0,2,0,0.0,0,0.75,3.0,4.0,-1.0,-0.26,-0.26,0.0,5.0,3.0,0.0,2.0,3.0,7.0,0.0,0.0,0.0,0.0,0.0,0.0,0.0,0.0,0.0,0.0,0.0,0.0,0.0,0.0,0.0,0.0,0.0,0.0,0.0,0.25787965616045844,0.0,1.2893982808022924,0.25787965616045844,0.7736389684813754,1.8051575931232093,1.2893982808022924,0.5157593123209169,0.25787965616045844,MF,0
Pico,Cabo Verde,Cape Verde,DF,33,1992,Shamrock,4,4,390.0,4.3,0.0,0.0,0.0,0.0,0.0,0.0,0.0,0.0,0.0,0.0,0.0,0.0,0.0,2.0,0.0,0.0,0.46,0.0,0.0,0.0,98.0,100.0,98.0,4,0,0.0,0,0.75,4.0,5.0,-1.0,-0.23,0.0,0.0,0.0,3.0,0.0,0.0,7.0,5.0,0.0,0.0,0.0,0.0,0.0,0.0,0.0,0.0,0.0,0.0,0.0,0.0,0.0,0.0,0.0,0.0,0.0,0.0,0.0,0.0,0.0,0.46153846153846156,0.0,1.6153846153846152,1.1538461538461537,0.0,0.0,0.0,DF,0
Ryan Mendes,Cabo Verde,Cape Verde,"FW,MF",36,1990,Unknown Club,4,4,330.0,3.7,0.0,1.0,1.0,0.0,0.0,0.0,0.0,0.0,0.0,0.27,0.27,0.0,0.27,6.0,0.0,0.0,1.64,0.0,0.0,0.0,83.0,84.6,83.0,2,0,0.0,0,0.75,3.0,3.0,0.0,0.0,1.5,0.0,1.0,2.0,2.0,3.0,5.0,2.0,0.0,0.0,0.0,0.0,0.0,0.0,0.0,0.0,0.0,0.0,0.0,0.0,0.0,0.0,0.0,0.0,0.0,0.0,0.0,0.0,0.2727272727272727,1.6363636363636362,0.0,1.3636363636363638,0.5454545454545454,0.2727272727272727,0.8181818181818181,0.2727272727272727,MF,2
Sidny Lopes Cabral,Cabo Verde,Cape Verde,DF,23,2002,Benfica,3,3,285.0,3.2,1.0,0.0,1.0,1.0,0.0,0.0,2.0,0.0,0.32,0.0,0.32,0.32,0.32,4.0,2.0,50.0,1.26,0.63,0.25,0.5,95.0,73.1,95.0,2,0,0.0,0,0.67,4.0,5.0,-1.0,-0.32,-0.32,0.0,2.0,9.0,0.0,12.0,4.0,2.0,0.0,0.0,0.0,0.0,0.0,0.0,0.0,0.0,0.0,0.0,0.0,0.0,0.0,0.0,0.0,0.0,0.0,0.0,0.0,0.3157894736842105,0.0,1.263157894736842,0.631578947368421,1.263157894736842,0.631578947368421,0.631578947368421,3.789473684210526,0.3157894736842105,DF,3
Steven Moreira,Cabo Verde,Cape Verde,DF,31,1994,Columbus Crew,4,3,301.0,3.3,0.0,0.0,0.0,0.0,0.0,0.0,0.0,0.0,0.0,0.0,0.0,0.0,0.0,2.0,0.0,0.0,0.6,0.0,0.0,0.0,75.0,77.2,100.0,3,1,1.0,0,0.75,4.0,5.0,-1.0,-0.3,-0.3,0.0,0.0,2.0,0.0,4.0,2.0,3.0,0.0,0.0,0.0,0.0,0.0,0.0,0.0,0.0,0.0,0.0,0.0,0.0,0.0,0.0,0.0,0.0,0.0,0.0,0.0,0.0,0.0,0.5980066445182725,0.0,0.5980066445182725,0.8970099667774086,0.0,1.196013289036545,0.0,DF,2
Ali Ahmed,Canada,Canada,MF,25,2000,Norwich City,4,3,234.0,2.6,0.0,0.0,0.0,0.0,0.0,0.0,0.0,0.0,0.0,0.0,0.0,0.0,0.0,2.0,1.0,50.0,0.77,0.38,0.0,0.0,59.0,52.0,68.0,0,1,30.0,1,1.0,5.0,3.0,2.0,0.77,0.35,0.0,1.0,5.0,0.0,13.0,3.0,2.0,0.0,0.0,0.0,0.0,0.0,0.0,0.0,0.0,0.0,0.0,0.0,0.0,0.0,0.0,0.0,0.0,0.0,0.0,0.0,0.0,0.0,0.7692307692307693,0.38461538461538464,1.1538461538461537,0.7692307692307693,0.38461538461538464,5.0,0.0,MF,3
Alistair Johnston,Canada,Canada,DF,27,1998,Celtic,5,5,450.0,5.0,0.0,0.0,0.0,0.0,0.0,0.0,1.0,0.0,0.0,0.0,0.0,0.0,0.0,5.0,2.0,40.0,1.0,0.4,0.0,0.0,90.0,100.0,90.0,5,0,0.0,0,1.4,9.0,6.0,3.0,0.6,0.0,0.0,5.0,4.0,0.0,19.0,6.0,2.0,0.0,0.0,0.0,0.0,0.0,0.0,0.0,0.0,0.0,0.0,0.0,0.0,0.0,0.0,0.0,0.0,0.0,0.0,0.0,0.0,0.0,1.0,0.4,1.2000000000000002,0.4,1.0,3.8000000000000003,0.0,DF,2
Cyle Larin,Canada,Canada,FW,31,1995,Mallorca,4,2,190.0,2.1,2.0,0.0,2.0,2.0,0.0,0.0,2.0,0.0,0.95,0.0,0.95,0.95,0.95,9.0,4.0,44.4,4.26,1.89,0.22,0.5,48.0,42.2,74.0,1,2,22.0,1,1.0,7.0,4.0,3.0,1.42,1.42,0.0,5.0,1.0,3.0,0.0,0.0,0.0,0.0,0.0,0.0,0.0,0.0,0.0,0.0,0.0,0.0,0.0,0.0,0.0,0.0,0.0,0.0,0.0,0.0,0.0,0.0,0.9473684210526315,0.0,4.2631578947368425,1.894736842105263,0.0,0.0,2.3684210526315788,0.0,0.9473684210526315,FW,1
Derek Cornelius,Canada,Canada,DF,28,1997,Marseille,4,4,315.0,3.5,0.0,0.0,0.0,0.0,0.0,0.0,1.0,0.0,0.0,0.0,0.0,0.0,0.0,5.0,1.0,20.0,1.43,0.29,0.0,0.0,79.0,70.0,79.0,3,0,0.0,1,1.75,6.0,3.0,3.0,0.86,0.86,0.0,4.0,3.0,0.0,1.0,2.0,3.0,0.0,0.0,0.0,0.0,0.0,0.0,0.0,0.0,0.0,0.0,0.0,0.0,0.0,0.0,0.0,0.0,0.0,0.0,0.0,0.0,0.0,1.4285714285714284,0.2857142857142857,0.5714285714285714,0.8571428571428572,1.1428571428571428,0.2857142857142857,0.0,DF,2
Jonathan David,Canada,Canada,FW,26,2000,Juventus,5,5,420.0,4.7,3.0,0.0,3.0,3.0,0.0,0.0,1.0,0.0,0.64,0.0,0.64,0.64,0.64,18.0,8.0,44.4,3.86,1.71,0.17,0.38,84.0,93.3,84.0,4,0,0.0,0,1.4,8.0,6.0,2.0,0.43,-2.57,0.0,5.0,5.0,0.0,3.0,3.0,1.0,0.0,0.0,0.0,0.0,0.0,0.0,0.0,0.0,0.0,0.0,0.0,0.0,0.0,0.0,0.0,0.0,0.0,0.0,0.0,0.6428571428571428,0.0,3.857142857142857,1.7142857142857144,0.6428571428571428,0.2142857142857143,1.0714285714285714,0.6428571428571428,0.6428571428571428,FW,1
Luc De Fougerolles,Canada,Canada,DF,20,2005,Fulham,5,4,372.0,4.1,0.0,0.0,0.0,0.0,0.0,0.0,2.0,0.0,0.0,0.0,0.0,0.0,0.0,3.0,1.0,33.3,0.73,0.24,0.0,0.0,74.0,82.7,85.0,3,1,32.0,0,1.4,7.0,6.0,1.0,0.24,-2.07,0.0,8.0,8.0,0.0,1.0,2.0,6.0,0.0,0.0,0.0,0.0,0.0,0.0,0.0,0.0,0.0,0.0,0.0,0.0,0.0,0.0,0.0,0.0,0.0,0.0,0.0,0.0,0.0,0.7258064516129032,0.24193548387096775,0.4838709677419355,1.4516129032258065,1.935483870967742,0.24193548387096775,0.0,DF,2
Moïse Bombito,Canada,Canada,DF,26,2000,Nice,3,2,193.0,2.1,0.0,0.0,0.0,0.0,0.0,0.0,0.0,0.0,0.0,0.0,0.0,0.0,0.0,1.0,1.0,100.0,0.47,0.47,0.0,0.0,64.0,42.9,74.0,1,1,45.0,2,2.0,3.0,3.0,0.0,0.0,-1.05,0.0,2.0,0.0,0.0,0.0,1.0,0.0,0.0,0.0,0.0,0.0,0.0,0.0,0.0,0.0,0.0,0.0,0.0,0.0,0.0,0.0,0.0,0.0,0.0,0.0,0.0,0.0,0.0,0.46632124352331605,0.46632124352331605,0.46632124352331605,0.0,0.9326424870466321,0.0,0.0,DF,2
Nathan Saliba,Canada,Canada,MF,22,2004,Anderlecht,3,2,182.0,2.0,1.0,2.0,3.0,1.0,0.0,0.0,1.0,0.0,0.49,0.99,1.48,0.49,1.48,3.0,1.0,33.3,1.48,0.49,0.33,1.0,61.0,40.4,74.0,1,1,34.0,2,2.0,4.0,2.0,2.0,0.99,0.65,0.0,5.0,2.0,0.0,2.0,4.0,4.0,0.0,0.0,0.0,0.0,0.0,0.0,0.0,0.0,0.0,0.0,0.0,0.0,0.0,0.0,0.0,0.0,0.0,0.0,0.0,0.4945054945054945,0.989010989010989,1.4835164835164836,0.4945054945054945,1.978021978021978,1.978021978021978,2.4725274725274726,0.989010989010989,1.4835164835164836,MF,3
Richie Laryea,Canada,Canada,DF,31,1995,Toronto FC,5,5,429.0,4.8,0.0,0.0,0.0,0.0,0.0,0.0,1.0,0.0,0.0,0.0,0.0,0.0,0.0,2.0,1.0,50.0,0.42,0.21,0.0,0.0,86.0,95.3,86.0,3,0,0.0,0,1.4,9.0,4.0,5.0,1.05,9.62,0.0,8.0,14.0,1.0,2.0,2.0,9.0,0.0,0.0,0.0,0.0,0.0,0.0,0.0,0.0,0.0,0.0,0.0,0.0,0.0,0.0,0.0,0.0,0.0,0.0,0.0,0.0,0.0,0.4195804195804196,0.2097902097902098,0.4195804195804196,1.8881118881118881,1.6783216783216783,0.4195804195804196,0.0,DF,0
Stephen Eustáquio,Canada,Canada,MF,29,1996,Porto,5,4,392.0,4.4,1.0,0.0,1.0,1.0,0.0,0.0,0.0,0.0,0.23,0.0,0.23,0.23,0.23,4.0,1.0,25.0,0.92,0.23,0.25,1.0,78.0,87.1,90.0,3,1,33.0,0,1.4,9.0,4.0,5.0,1.15,4.25,0.0,2.0,7.0,0.0,45.0,3.0,5.0,0.0,0.0,0.0,0.0,0.0,0.0,0.0,0.0,0.0,0.0,0.0,0.0,0.0,0.0,0.0,0.0,0.0,0.0,0.0,0.22959183673469385,0.0,0.9183673469387754,0.22959183673469385,0.6887755102040816,1.1479591836734695,0.4591836734693877,10.331632653061225,0.22959183673469385,MF,3
Tajon Buchanan,Canada,Canada,MF,27,1999,Villarreal,5,5,376.0,4.2,0.0,0.0,0.0,0.0,0.0,0.0,0.0,0.0,0.0,0.0,0.0,0.0,0.0,6.0,3.0,50.0,1.44,0.72,0.0,0.0,75.0,83.6,75.0,0,0,0.0,0,1.4,5.0,5.0,0.0,0.0,-3.65,0.0,5.0,8.0,2.0,16.0,1.0,5.0,0.0,0.0,0.0,0.0,0.0,0.0,0.0,0.0,0.0,0.0,0.0,0.0,0.0,0.0,0.0,0.0,0.0,0.0,0.0,0.0,0.0,1.4361702127659572,0.7180851063829786,0.23936170212765956,1.196808510638298,1.196808510638298,3.829787234042553,0.0,MF,3
Tani Oluwaseyi,Canada,Canada,FW,26,2000,Villarreal,5,3,259.0,2.9,0.0,0.0,0.0,0.0,0.0,0.0,0.0,0.0,0.0,0.0,0.0,0.0,0.0,8.0,4.0,50.0,2.78,1.39,0.0,0.0,52.0,57.6,69.0,0,2,27.0,0,1.4,3.0,2.0,1.0,0.35,-0.59,0.0,5.0,5.0,1.0,2.0,0.0,3.0,0.0,0.0,0.0,0.0,0.0,0.0,0.0,0.0,0.0,0.0,0.0,0.0,0.0,0.0,0.0,0.0,0.0,0.0,0.0,0.0,0.0,2.77992277992278,1.38996138996139,0.0,1.0424710424710424,1.7374517374517373,0.694980694980695,0.0,FW,1
Daniel Muñoz,Colombia,Colombia,DF,30,1996,Crystal Palace,5,4,394.0,4.4,2.0,0.0,2.0,2.0,0.0,0.0,0.0,0.0,0.46,0.0,0.46,0.46,0.46,3.0,2.0,66.7,0.69,0.46,0.67,1.0,79.0,82.1,98.0,4,1,4.0,0,2.2,5.0,1.0,4.0,0.91,0.91,0.0,9.0,1.0,3.0,8.0,7.0,3.0,0.0,0.0,0.0,0.0,0.0,0.0,0.0,0.0,0.0,0.0,0.0,0.0,0.0,0.0,0.0,0.0,0.0,0.0,0.0,0.45685279187817257,0.0,0.6852791878172589,0.45685279187817257,1.598984771573604,0.6852791878172589,2.0558375634517767,1.8274111675126903,0.45685279187817257,DF,0
Davinson Sánchez,Colombia,Colombia,DF,30,1996,Galatasaray,5,5,480.0,5.3,0.0,0.0,0.0,0.0,0.0,0.0,1.0,0.0,0.0,0.0,0.0,0.0,0.0,6.0,2.0,33.3,1.13,0.37,0.0,0.0,96.0,100.0,96.0,5,0,0.0,0,2.2,5.0,1.0,4.0,0.75,0.0,0.0,6.0,5.0,1.0,0.0,6.0,2.0,0.0,0.0,0.0,0.0,0.0,0.0,0.0,0.0,0.0,0.0,0.0,0.0,0.0,0.0,0.0,0.0,0.0,0.0,0.0,0.0,0.0,1.125,0.375,1.125,0.375,1.125,0.0,0.0,DF,2
Gustavo Puerta,Colombia,Colombia,MF,22,2003,Racing Sant,5,5,469.0,5.2,0.0,1.0,1.0,0.0,0.0,0.0,1.0,0.0,0.0,0.19,0.19,0.0,0.19,14.0,5.0,35.7,2.69,0.96,0.0,0.0,94.0,97.7,94.0,4,0,0.0,0,2.2,4.0,1.0,3.0,0.58,-7.61,0.0,9.0,8.0,0.0,2.0,3.0,3.0,0.0,0.0,0.0,0.0,0.0,0.0,0.0,0.0,0.0,0.0,0.0,0.0,0.0,0.0,0.0,0.0,0.0,0.0,0.0,0.0,0.19189765458422176,2.6865671641791042,0.9594882729211087,0.5756929637526652,0.5756929637526652,1.727078891257996,0.3837953091684435,0.19189765458422176,MF,2
James Rodríguez,Colombia,Colombia,"FW,MF",34,1991,Minnesota Utd,5,5,313.0,3.5,0.0,0.0,0.0,0.0,0.0,0.0,0.0,0.0,0.0,0.0,0.0,0.0,0.0,6.0,3.0,50.0,1.73,0.86,0.0,0.0,63.0,65.2,63.0,0,0,0.0,0,2.2,3.0,1.0,2.0,0.58,-0.5,0.0,0.0,5.0,0.0,18.0,1.0,1.0,0.0,0.0,0.0,0.0,0.0,0.0,0.0,0.0,0.0,0.0,0.0,0.0,0.0,0.0,0.0,0.0,0.0,0.0,0.0,0.0,0.0,1.7252396166134185,0.8626198083067093,0.2875399361022364,0.2875399361022364,0.0,5.175718849840256,0.0,MF,3
Jefferson Lerma,Colombia,Colombia,MF,31,1994,Crystal Palace,5,5,410.0,4.6,0.0,0.0,0.0,0.0,0.0,0.0,1.0,0.0,0.0,0.0,0.0,0.0,0.0,5.0,1.0,20.0,1.1,0.22,0.0,0.0,82.0,85.4,82.0,3,0,0.0,0,2.2,5.0,1.0,4.0,0.88,0.88,0.0,6.0,5.0,0.0,1.0,5.0,1.0,0.0,0.0,0.0,0.0,0.0,0.0,0.0,0.0,0.0,0.0,0.0,0.0,0.0,0.0,0.0,0.0,0.0,0.0,0.0,0.0,0.0,1.0975609756097562,0.21951219512195122,1.0975609756097562,0.21951219512195122,1.3170731707317074,0.21951219512195122,0.0,MF,2
Jhon Arias,Colombia,Colombia,MF,28,1997,Palmeiras,5,5,377.0,4.2,1.0,0.0,1.0,1.0,0.0,0.0,1.0,0.0,0.24,0.0,0.24,0.24,0.24,9.0,4.0,44.4,2.15,0.95,0.11,0.25,75.0,78.5,75.0,0,0,0.0,0,2.2,4.0,1.0,3.0,0.72,-0.16,0.0,5.0,2.0,0.0,5.0,2.0,9.0,0.0,0.0,0.0,0.0,0.0,0.0,0.0,0.0,0.0,0.0,0.0,0.0,0.0,0.0,0.0,0.0,0.0,0.0,0.0,0.23872679045092837,0.0,2.1485411140583555,0.9549071618037135,0.47745358090185674,2.1485411140583555,1.193633952254642,1.193633952254642,0.23872679045092837,MF,0
Jhon Lucumí,Colombia,Colombia,DF,27,1998,Bologna,5,5,478.0,5.3,0.0,0.0,0.0,0.0,0.0,0.0,1.0,0.0,0.0,0.0,0.0,0.0,0.0,2.0,0.0,0.0,0.38,0.0,0.0,0.0,96.0,99.6,96.0,4,0,0.0,0,2.2,5.0,1.0,4.0,0.75,0.75,0.0,5.0,0.0,0.0,0.0,5.0,2.0,0.0,0.0,0.0,0.0,0.0,0.0,0.0,0.0,0.0,0.0,0.0,0.0,0.0,0.0,0.0,0.0,0.0,0.0,0.0,0.0,0.0,0.37656903765690375,0.0,0.9414225941422594,0.37656903765690375,0.9414225941422594,0.0,0.0,DF,2
Johan Mojica,Colombia,Colombia,DF,33,1992,Mallorca,4,4,390.0,4.3,0.0,0.0,0.0,0.0,0.0,0.0,1.0,0.0,0.0,0.0,0.0,0.0,0.0,3.0,2.0,66.7,0.69,0.46,0.0,0.0,98.0,81.3,98.0,4,0,0.0,1,2.5,5.0,1.0,4.0,0.92,0.92,0.0,1.0,7.0,1.0,11.0,3.0,3.0,0.0,0.0,0.0,0.0,0.0,0.0,0.0,0.0,0.0,0.0,0.0,0.0,0.0,0.0,0.0,0.0,0.0,0.0,0.0,0.0,0.0,0.6923076923076923,0.46153846153846156,0.6923076923076923,0.6923076923076923,0.23076923076923078,2.5384615384615383,0.0,DF,2
Luis Díaz,Colombia,Colombia,"FW,MF",29,1997,Bayern Munich,5,5,478.0,5.3,1.0,1.0,2.0,1.0,0.0,0.0,0.0,0.0,0.19,0.19,0.38,0.19,0.38,19.0,6.0,31.6,3.58,1.13,0.05,0.17,96.0,99.6,96.0,3,0,0.0,0,2.2,4.0,1.0,3.0,0.56,-44.44,0.0,7.0,9.0,9.0,4.0,1.0,0.0,0.0,0.0,0.0,0.0,0.0,0.0,0.0,0.0,0.0,0.0,0.0,0.0,0.0,0.0,0.0,0.0,0.0,0.0,0.0,0.18828451882845187,0.18828451882845187,3.577405857740586,1.1297071129707112,0.18828451882845187,0.0,1.3179916317991631,0.7531380753138075,0.37656903765690375,MF,1
Luis Suárez,Colombia,Colombia,FW,28,1997,Sporting CP,5,3,331.0,3.7,0.0,1.0,1.0,0.0,0.0,0.0,1.0,0.0,0.0,0.27,0.27,0.0,0.27,9.0,0.0,0.0,2.45,0.0,0.0,0.0,66.0,69.0,72.0,0,2,57.0,0,2.2,3.0,1.0,2.0,0.54,-0.66,0.0,7.0,8.0,1.0,2.0,0.0,4.0,0.0,0.0,0.0,0.0,0.0,0.0,0.0,0.0,0.0,0.0,0.0,0.0,0.0,0.0,0.0,0.0,0.0,0.0,0.0,0.0,0.2719033232628399,2.4471299093655587,0.0,0.0,1.0876132930513596,1.9033232628398793,0.5438066465256798,0.2719033232628399,FW,2
Aaron Wan-Bissaka,Congo DR,Congo DR,DF,28,1997,West Ham,4,4,354.0,3.9,0.0,0.0,0.0,0.0,0.0,0.0,0.0,0.0,0.0,0.0,0.0,0.0,0.0,0.0,0.0,0.0,0.0,0.0,0.0,0.0,89.0,98.3,89.0,3,0,0.0,0,1.0,5.0,5.0,0.0,0.0,0.0,0.0,1.0,1.0,1.0,6.0,7.0,4.0,0.0,0.0,0.0,0.0,0.0,0.0,0.0,0.0,0.0,0.0,0.0,0.0,0.0,0.0,0.0,0.0,0.0,0.0,0.0,0.0,0.0,0.0,0.0,1.7796610169491527,1.0169491525423728,0.2542372881355932,1.5254237288135593,0.0,DF,0
Arthur Masuaku,Congo DR,Congo DR,DF,32,1993,Lens,4,4,315.0,3.5,0.0,1.0,1.0,0.0,0.0,0.0,0.0,0.0,0.0,0.29,0.29,0.0,0.29,0.0,0.0,0.0,0.0,0.0,0.0,0.0,79.0,87.5,79.0,0,0,0.0,0,1.0,4.0,4.0,0.0,0.0,0.0,0.0,0.0,4.0,0.0,12.0,0.0,5.0,0.0,0.0,0.0,0.0,0.0,0.0,0.0,0.0,0.0,0.0,0.0,0.0,0.0,0.0,0.0,0.0,0.0,0.0,0.0,0.0,0.2857142857142857,0.0,0.0,0.0,1.4285714285714284,0.0,3.428571428571429,0.2857142857142857,DF,3
Axel Tuanzebe,Congo DR,Congo DR,DF,28,1997,Burnley,4,4,360.0,4.0,0.0,0.0,0.0,0.0,0.0,0.0,0.0,0.0,0.0,0.0,0.0,0.0,0.0,0.0,0.0,0.0,0.0,0.0,0.0,0.0,90.0,100.0,90.0,4,0,0.0,0,1.0,5.0,5.0,0.0,0.0,0.0,0.0,3.0,3.0,0.0,0.0,1.0,2.0,0.0,0.0,0.0,0.0,0.0,0.0,0.0,0.0,0.0,0.0,0.0,0.0,0.0,0.0,0.0,0.0,0.0,0.0,0.0,0.0,0.0,0.0,0.0,0.25,0.5,0.75,0.0,0.0,DF,2
Chancel Mbemba,Congo DR,Congo DR,DF,31,1994,Lille,4,4,360.0,4.0,0.0,1.0,1.0,0.0,0.0,0.0,1.0,0.0,0.0,0.25,0.25,0.0,0.25,1.0,0.0,0.0,0.25,0.0,0.0,0.0,90.0,100.0,90.0,4,0,0.0,0,1.0,5.0,5.0,0.0,0.0,0.0,0.0,1.0,3.0,0.0,4.0,1.0,3.0,0.0,0.0,0.0,0.0,0.0,0.0,0.0,0.0,0.0,0.0,0.0,0.0,0.0,0.0,0.0,0.0,0.0,0.0,0.0,0.0,0.25,0.25,0.0,0.25,0.75,0.25,1.0,0.25,DF,2
Cédric Bakambu,Congo DR,Congo DR,FW,35,1991,Real Betis,3,3,190.0,2.1,0.0,0.0,0.0,0.0,0.0,0.0,0.0,0.0,0.0,0.0,0.0,0.0,0.0,3.0,0.0,0.0,1.42,0.0,0.0,0.0,63.0,52.8,63.0,0,0,0.0,1,1.33,1.0,2.0,-1.0,-0.47,-1.0,0.0,2.0,1.0,4.0,1.0,0.0,0.0,0.0,0.0,0.0,0.0,0.0,0.0,0.0,0.0,0.0,0.0,0.0,0.0,0.0,0.0,0.0,0.0,0.0,0.0,0.0,0.0,0.0,1.4210526315789473,0.0,0.0,0.0,0.9473684210526315,0.47368421052631576,0.0,FW,2
Ngal'Ayel Mukau,Congo DR,Congo DR,MF,21,2004,Lille,4,3,195.0,2.2,0.0,0.0,0.0,0.0,0.0,0.0,0.0,0.0,0.0,0.0,0.0,0.0,0.0,1.0,0.0,0.0,0.46,0.0,0.0,0.0,49.0,54.2,59.0,0,1,19.0,0,1.0,4.0,2.0,2.0,0.92,2.01,0.0,3.0,4.0,1.0,0.0,3.0,2.0,0.0,0.0,0.0,0.0,0.0,0.0,0.0,0.0,0.0,0.0,0.0,0.0,0.0,0.0,0.0,0.0,0.0,0.0,0.0,0.0,0.0,0.46153846153846156,0.0,1.3846153846153846,0.9230769230769231,1.3846153846153846,0.0,0.0,MF,0
Noah Sadiki,Congo DR,Congo DR,MF,21,2004,Sunderland,4,2,259.0,2.9,0.0,0.0,0.0,0.0,0.0,0.0,2.0,0.0,0.0,0.0,0.0,0.0,0.0,0.0,0.0,0.0,0.0,0.0,0.0,0.0,65.0,71.9,90.0,2,2,40.0,0,1.0,4.0,4.0,0.0,0.0,0.0,0.0,2.0,3.0,0.0,1.0,2.0,4.0,0.0,0.0,0.0,0.0,0.0,0.0,0.0,0.0,0.0,0.0,0.0,0.0,0.0,0.0,0.0,0.0,0.0,0.0,0.0,0.0,0.0,0.0,0.0,0.694980694980695,1.38996138996139,0.694980694980695,0.3474903474903475,0.0,MF,2
Samuel Moutoussamy,Congo DR,Congo DR,MF,29,1996,Atromitos,4,4,330.0,3.7,0.0,0.0,0.0,0.0,0.0,0.0,1.0,0.0,0.0,0.0,0.0,0.0,0.0,3.0,0.0,0.0,0.82,0.0,0.0,0.0,83.0,91.7,83.0,1,0,0.0,0,1.0,3.0,5.0,-2.0,-0.55,-6.55,0.0,8.0,1.0,0.0,1.0,1.0,8.0,0.0,0.0,0.0,0.0,0.0,0.0,0.0,0.0,0.0,0.0,0.0,0.0,0.0,0.0,0.0,0.0,0.0,0.0,0.0,0.0,0.0,0.8181818181818181,0.0,0.2727272727272727,2.1818181818181817,2.1818181818181817,0.2727272727272727,0.0,MF,0
Steve Kapuadi,Congo DR,Congo DR,DF,28,1998,Widzew Łódź,2,2,180.0,2.0,0.0,0.0,0.0,0.0,0.0,0.0,0.0,0.0,0.0,0.0,0.0,0.0,0.0,1.0,0.0,0.0,0.5,0.0,0.0,0.0,90.0,50.0,90.0,2,0,0.0,2,0.5,1.0,2.0,-1.0,-0.5,-1.0,0.0,2.0,0.0,0.0,0.0,1.0,1.0,0.0,0.0,0.0,0.0,0.0,0.0,0.0,0.0,0.0,0.0,0.0,0.0,0.0,0.0,0.0,0.0,0.0,0.0,0.0,0.0,0.0,0.5,0.0,0.5,0.5,1.0,0.0,0.0,DF,2
Yoane Wissa,Congo DR,Congo DR,FW,29,1996,Newcastle,4,4,360.0,4.0,3.0,0.0,3.0,2.0,1.0,1.0,0.0,0.0,0.75,0.0,0.75,0.5,0.5,11.0,3.0,27.3,2.75,0.75,0.18,0.67,90.0,100.0,90.0,4,0,0.0,0,1.0,5.0,5.0,0.0,0.0,0.0,0.0,5.0,9.0,1.0,0.0,0.0,1.0,0.0,0.0,0.0,0.0,0.0,0.0,0.0,0.0,0.0,0.0,0.0,0.0,0.0,0.0,0.0,0.0,0.0,0.0,0.0,0.75,0.0,2.75,0.75,0.0,0.25,1.25,0.0,0.75,FW,1
Ivan Perišić,Croatia,Croatia,"MF,DF",37,1989,PSV,4,4,360.0,4.0,1.0,1.0,2.0,1.0,0.0,0.0,2.0,0.0,0.25,0.25,0.5,0.25,0.5,2.0,2.0,100.0,0.5,0.5,0.5,0.5,90.0,100.0,90.0,4,0,0.0,0,1.5,6.0,7.0,-1.0,-0.25,0.0,0.0,4.0,1.0,0.0,20.0,4.0,4.0,0.0,0.0,0.0,0.0,0.0,0.0,0.0,0.0,0.0,0.0,0.0,0.0,0.0,0.0,0.0,0.0,0.0,0.0,0.0,0.25,0.25,0.5,0.5,1.0,1.0,1.0,5.0,0.5,DF,3
Josip Stanišić,Croatia,Croatia,"DF,MF",26,2000,Bayern Munich,4,4,360.0,4.0,0.0,1.0,1.0,0.0,0.0,0.0,0.0,0.0,0.0,0.25,0.25,0.0,0.25,0.0,0.0,0.0,0.0,0.0,0.0,0.0,90.0,100.0,90.0,4,0,0.0,0,1.5,6.0,7.0,-1.0,-0.25,0.0,0.0,0.0,4.0,0.0,7.0,5.0,2.0,0.0,0.0,0.0,0.0,0.0,0.0,0.0,0.0,0.0,0.0,0.0,0.0,0.0,0.0,0.0,0.0,0.0,0.0,0.0,0.0,0.25,0.0,0.0,1.25,0.5,0.0,1.75,0.25,DF,2
Josip Šutalo,Croatia,Croatia,DF,26,2000,Ajax,4,4,360.0,4.0,0.0,0.0,0.0,0.0,0.0,0.0,0.0,0.0,0.0,0.0,0.0,0.0,0.0,1.0,0.0,0.0,0.25,0.0,0.0,0.0,90.0,100.0,90.0,4,0,0.0,0,1.5,6.0,7.0,-1.0,-0.25,0.0,0.0,2.0,1.0,0.0,0.0,6.0,4.0,0.0,0.0,0.0,0.0,0.0,0.0,0.0,0.0,0.0,0.0,0.0,0.0,0.0,0.0,0.0,0.0,0.0,0.0,0.0,0.0,0.0,0.25,0.0,1.5,1.0,0.5,0.0,0.0,DF,0
Luka Modrić,Croatia,Croatia,MF,40,1985,Milan,4,4,317.0,3.5,0.0,1.0,1.0,0.0,0.0,0.0,1.0,0.0,0.0,0.28,0.28,0.0,0.28,1.0,0.0,0.0,0.28,0.0,0.0,0.0,79.0,88.1,79.0,2,0,0.0,0,1.5,6.0,6.0,0.0,0.0,2.09,0.0,4.0,3.0,0.0,11.0,0.0,3.0,0.0,0.0,0.0,0.0,0.0,0.0,0.0,0.0,0.0,0.0,0.0,0.0,0.0,0.0,0.0,0.0,0.0,0.0,0.0,0.0,0.28391167192429023,0.28391167192429023,0.0,0.0,0.8517350157728707,1.135646687697161,3.1230283911671926,0.28391167192429023,MF,3
Marin Pongračić,Croatia,Croatia,DF,28,1997,Fiorentina,3,3,270.0,3.0,0.0,0.0,0.0,0.0,0.0,0.0,0.0,0.0,0.0,0.0,0.0,0.0,0.0,1.0,0.0,0.0,0.33,0.0,0.0,0.0,90.0,75.0,90.0,3,0,0.0,1,2.0,4.0,3.0,1.0,0.33,2.33,0.0,3.0,0.0,0.0,0.0,0.0,3.0,0.0,0.0,0.0,0.0,0.0,0.0,0.0,0.0,0.0,0.0,0.0,0.0,0.0,0.0,0.0,0.0,0.0,0.0,0.0,0.0,0.0,0.33333333333333337,0.0,0.0,1.0,1.0,0.0,0.0,DF,2
Martin Baturina,Croatia,Croatia,"MF,FW",23,2003,Como,4,4,321.0,3.6,1.0,0.0,1.0,1.0,0.0,0.0,0.0,0.0,0.28,0.0,0.28,0.28,0.28,3.0,1.0,33.3,0.84,0.28,0.33,1.0,80.0,89.2,80.0,1,0,0.0,0,1.5,6.0,5.0,1.0,0.28,4.9,0.0,1.0,14.0,0.0,8.0,1.0,2.0,0.0,0.0,0.0,0.0,0.0,0.0,0.0,0.0,0.0,0.0,0.0,0.0,0.0,0.0,0.0,0.0,0.0,0.0,0.0,0.2803738317757009,0.0,0.8411214953271028,0.2803738317757009,0.2803738317757009,0.5607476635514018,0.2803738317757009,2.2429906542056073,0.2803738317757009,MF,2
Mateo Kovačić,Croatia,Croatia,MF,32,1994,Manchester City,4,3,270.0,3.0,0.0,1.0,1.0,0.0,0.0,0.0,0.0,0.0,0.0,0.33,0.33,0.0,0.33,5.0,4.0,80.0,1.67,1.33,0.0,0.0,68.0,75.0,79.0,0,1,33.0,0,1.5,3.0,3.0,0.0,0.0,1.0,0.0,3.0,3.0,0.0,0.0,2.0,3.0,0.0,0.0,0.0,0.0,0.0,0.0,0.0,0.0,0.0,0.0,0.0,0.0,0.0,0.0,0.0,0.0,0.0,0.0,0.0,0.0,0.33333333333333337,1.6666666666666665,1.3333333333333335,0.6666666666666667,1.0,1.0,0.0,0.33333333333333337,MF,3
Nikola Vlašić,Croatia,Croatia,MF,28,1997,Torino,3,2,189.0,2.1,1.0,0.0,1.0,1.0,0.0,0.0,0.0,0.0,0.48,0.0,0.48,0.48,0.48,3.0,1.0,33.3,1.43,0.48,0.33,1.0,63.0,52.5,88.0,0,1,13.0,1,1.0,3.0,3.0,0.0,0.0,0.53,0.0,5.0,0.0,2.0,3.0,1.0,2.0,0.0,0.0,0.0,0.0,0.0,0.0,0.0,0.0,0.0,0.0,0.0,0.0,0.0,0.0,0.0,0.0,0.0,0.0,0.0,0.47619047619047616,0.0,1.4285714285714284,0.47619047619047616,0.47619047619047616,0.9523809523809523,2.380952380952381,1.4285714285714284,0.47619047619047616,MF,2
Petar Sučić,Croatia,Croatia,"MF,FW",22,2003,Inter,4,3,289.0,3.2,1.0,1.0,2.0,1.0,0.0,0.0,1.0,0.0,0.31,0.31,0.62,0.31,0.62,3.0,2.0,66.7,0.93,0.62,0.33,0.5,72.0,80.3,90.0,3,1,19.0,0,1.5,5.0,7.0,-2.0,-0.62,-1.89,0.0,7.0,6.0,1.0,4.0,1.0,2.0,0.0,0.0,0.0,0.0,0.0,0.0,0.0,0.0,0.0,0.0,0.0,0.0,0.0,0.0,0.0,0.0,0.0,0.0,0.0,0.31141868512110726,0.31141868512110726,0.9342560553633218,0.6228373702422145,0.31141868512110726,0.6228373702422145,2.179930795847751,1.245674740484429,0.6228373702422145,MF,3
Armando Obispo,Curaçao,Curaçao,DF,27,1999,PSV,3,3,270.0,3.0,0.0,0.0,0.0,0.0,0.0,0.0,0.0,0.0,0.0,0.0,0.0,0.0,0.0,0.0,0.0,0.0,0.0,0.0,0.0,0.0,90.0,100.0,90.0,3,0,0.0,0,0.33,1.0,9.0,-8.0,-2.67,0.0,0.0,1.0,0.0,1.0,0.0,7.0,1.0,0.0,0.0,0.0,0.0,0.0,0.0,0.0,0.0,0.0,0.0,0.0,0.0,0.0,0.0,0.0,0.0,0.0,0.0,0.0,0.0,0.0,0.0,0.0,2.3333333333333335,0.33333333333333337,0.33333333333333337,0.0,0.0,DF,0
Deveron Fonville,Curaçao,Curaçao,DF,23,2003,NEC Nijmegen,3,3,241.0,2.7,0.0,0.0,0.0,0.0,0.0,0.0,0.0,0.0,0.0,0.0,0.0,0.0,0.0,0.0,0.0,0.0,0.0,0.0,0.0,0.0,80.0,89.3,80.0,1,0,0.0,0,0.33,1.0,9.0,-8.0,-2.99,-2.99,0.0,2.0,3.0,0.0,0.0,5.0,3.0,0.0,0.0,0.0,0.0,0.0,0.0,0.0,0.0,0.0,0.0,0.0,0.0,0.0,0.0,0.0,0.0,0.0,0.0,0.0,0.0,0.0,0.0,0.0,1.8672199170124482,1.120331950207469,0.7468879668049793,0.0,0.0,DF,0
Juninho Bacuna,Curaçao,Curaçao,MF,28,1997,Volendam,3,3,254.0,2.8,0.0,0.0,0.0,0.0,0.0,0.0,2.0,0.0,0.0,0.0,0.0,0.0,0.0,5.0,1.0,20.0,1.77,0.35,0.0,0.0,85.0,94.1,85.0,2,0,0.0,0,0.33,1.0,9.0,-8.0,-2.83,-2.83,0.0,6.0,3.0,0.0,5.0,5.0,4.0,0.0,0.0,0.0,0.0,0.0,0.0,0.0,0.0,0.0,0.0,0.0,0.0,0.0,0.0,0.0,0.0,0.0,0.0,0.0,0.0,0.0,1.7716535433070866,0.3543307086614173,1.7716535433070866,1.4173228346456692,2.1259842519685037,1.7716535433070866,0.0,MF,0
Jürgen Locadia,Curaçao,Curaçao,FW,32,1993,Miami FC,3,3,235.0,2.6,0.0,0.0,0.0,0.0,0.0,0.0,0.0,0.0,0.0,0.0,0.0,0.0,0.0,1.0,0.0,0.0,0.38,0.0,0.0,0.0,78.0,87.0,78.0,0,0,0.0,0,0.33,1.0,6.0,-5.0,-1.91,5.8,0.0,3.0,4.0,2.0,0.0,1.0,0.0,0.0,0.0,0.0,0.0,0.0,0.0,0.0,0.0,0.0,0.0,0.0,0.0,0.0,0.0,0.0,0.0,0.0,0.0,0.0,0.0,0.0,0.3829787234042553,0.0,0.3829787234042553,0.0,1.1489361702127658,0.0,0.0,FW,2
Leandro Bacuna,Curaçao,Curaçao,MF,34,1991,Unknown Club,3,3,270.0,3.0,0.0,0.0,0.0,0.0,0.0,0.0,1.0,0.0,0.0,0.0,0.0,0.0,0.0,6.0,1.0,16.7,2.0,0.33,0.0,0.0,90.0,100.0,90.0,3,0,0.0,0,0.33,1.0,9.0,-8.0,-2.67,0.0,0.0,3.0,3.0,0.0,4.0,0.0,3.0,0.0,0.0,0.0,0.0,0.0,0.0,0.0,0.0,0.0,0.0,0.0,0.0,0.0,0.0,0.0,0.0,0.0,0.0,0.0,0.0,0.0,2.0,0.33333333333333337,0.0,1.0,1.0,1.3333333333333335,0.0,MF,2
Livano Comenencia,Curaçao,Curaçao,MF,22,2004,Zürich,3,3,233.0,2.6,1.0,0.0,1.0,1.0,0.0,0.0,1.0,0.0,0.39,0.0,0.39,0.39,0.39,5.0,2.0,40.0,1.93,0.77,0.2,0.5,78.0,86.3,78.0,1,0,0.0,0,0.33,1.0,8.0,-7.0,-2.7,-0.27,0.0,4.0,1.0,0.0,1.0,11.0,1.0,0.0,0.0,0.0,0.0,0.0,0.0,0.0,0.0,0.0,0.0,0.0,0.0,0.0,0.0,0.0,0.0,0.0,0.0,0.0,0.38626609442060084,0.0,1.9313304721030042,0.7725321888412017,4.24892703862661,0.38626609442060084,1.5450643776824033,0.38626609442060084,0.38626609442060084,MF,0
Sherel Floranus,Curaçao,Curaçao,DF,27,1998,Zwolle,3,3,270.0,3.0,0.0,0.0,0.0,0.0,0.0,0.0,0.0,0.0,0.0,0.0,0.0,0.0,0.0,2.0,0.0,0.0,0.67,0.0,0.0,0.0,90.0,100.0,90.0,3,0,0.0,0,0.33,1.0,9.0,-8.0,-2.67,0.0,0.0,2.0,0.0,1.0,0.0,4.0,6.0,0.0,0.0,0.0,0.0,0.0,0.0,0.0,0.0,0.0,0.0,0.0,0.0,0.0,0.0,0.0,0.0,0.0,0.0,0.0,0.0,0.0,0.6666666666666667,0.0,1.3333333333333335,2.0,0.6666666666666667,0.0,0.0,DF,0
Tahith Chong,Curaçao,Curaçao,MF,26,1999,Sheffield United,3,3,247.0,2.7,0.0,0.0,0.0,0.0,0.0,0.0,0.0,0.0,0.0,0.0,0.0,0.0,0.0,4.0,2.0,50.0,1.46,0.73,0.0,0.0,82.0,91.5,82.0,1,0,0.0,0,0.33,1.0,8.0,-7.0,-2.55,1.36,0.0,3.0,13.0,0.0,1.0,1.0,0.0,0.0,0.0,0.0,0.0,0.0,0.0,0.0,0.0,0.0,0.0,0.0,0.0,0.0,0.0,0.0,0.0,0.0,0.0,0.0,0.0,0.0,1.45748987854251,0.728744939271255,0.3643724696356275,0.0,1.0931174089068827,0.3643724696356275,0.0,MF,2
Ladislav Krejčí,Czechia,Czech Republic,DF,27,1999,Wolves,3,3,270.0,3.0,1.0,0.0,1.0,1.0,0.0,0.0,1.0,0.0,0.33,0.0,0.33,0.33,0.33,5.0,1.0,20.0,1.67,0.33,0.2,1.0,90.0,100.0,90.0,3,0,0.0,0,0.33,2.0,6.0,-4.0,-1.33,0.0,0.0,6.0,2.0,0.0,2.0,1.0,3.0,0.0,0.0,0.0,0.0,0.0,0.0,0.0,0.0,0.0,0.0,0.0,0.0,0.0,0.0,0.0,0.0,0.0,0.0,0.0,0.33333333333333337,0.0,1.6666666666666665,0.33333333333333337,0.33333333333333337,1.0,2.0,0.6666666666666667,0.33333333333333337,DF,2
Michal Sadílek,Czechia,Czech Republic,MF,27,1999,Slavia Prague,3,2,183.0,2.0,1.0,0.0,1.0,1.0,0.0,0.0,0.0,0.0,0.49,0.0,0.49,0.49,0.49,7.0,3.0,42.9,3.44,1.48,0.14,0.33,61.0,67.8,78.0,1,1,27.0,0,0.33,1.0,5.0,-4.0,-1.97,-1.97,0.0,0.0,3.0,0.0,12.0,2.0,2.0,0.0,0.0,0.0,0.0,0.0,0.0,0.0,0.0,0.0,0.0,0.0,0.0,0.0,0.0,0.0,0.0,0.0,0.0,0.0,0.4918032786885246,0.0,3.4426229508196724,1.4754098360655739,0.9836065573770492,0.9836065573770492,0.0,5.901639344262295,0.4918032786885246,MF,1
Patrik Schick,Czechia,Czech Republic,FW,30,1996,Leverkusen,3,2,180.0,2.0,0.0,0.0,0.0,0.0,0.0,0.0,0.0,0.0,0.0,0.0,0.0,0.0,0.0,2.0,1.0,50.0,1.0,0.5,0.0,0.0,60.0,66.7,77.0,1,1,27.0,0,0.33,2.0,2.0,0.0,0.0,4.0,0.0,1.0,3.0,0.0,0.0,0.0,0.0,0.0,0.0,0.0,0.0,0.0,0.0,0.0,0.0,0.0,0.0,0.0,0.0,0.0,0.0,0.0,0.0,0.0,0.0,0.0,0.0,0.0,1.0,0.5,0.0,0.0,0.5,0.0,0.0,FW,2
Pavel Šulc,Czechia,Czech Republic,FW,25,2000,Lyon,3,2,189.0,2.1,0.0,0.0,0.0,0.0,0.0,0.0,0.0,0.0,0.0,0.0,0.0,0.0,0.0,2.0,0.0,0.0,0.95,0.0,0.0,0.0,63.0,70.0,77.0,1,1,36.0,0,0.33,1.0,4.0,-3.0,-1.43,-0.32,0.0,2.0,1.0,1.0,1.0,0.0,2.0,0.0,0.0,0.0,0.0,0.0,0.0,0.0,0.0,0.0,0.0,0.0,0.0,0.0,0.0,0.0,0.0,0.0,0.0,0.0,0.0,0.0,0.9523809523809523,0.0,0.0,0.9523809523809523,0.9523809523809523,0.47619047619047616,0.0,FW,2
Robin Hranáč,Czechia,Czech Republic,DF,26,2000,Hoffenheim,3,3,270.0,3.0,0.0,0.0,0.0,0.0,0.0,0.0,0.0,0.0,0.0,0.0,0.0,0.0,0.0,0.0,0.0,0.0,0.0,0.0,0.0,0.0,90.0,100.0,90.0,3,0,0.0,0,0.33,2.0,6.0,-4.0,-1.33,0.0,0.0,6.0,0.0,0.0,1.0,1.0,0.0,0.0,0.0,0.0,0.0,0.0,0.0,0.0,0.0,0.0,0.0,0.0,0.0,0.0,0.0,0.0,0.0,0.0,0.0,0.0,0.0,0.0,0.0,0.0,0.33333333333333337,0.0,2.0,0.33333333333333337,0.0,DF,2
Vladimír Coufal,Czechia,Czech Republic,"MF,DF",33,1992,Hoffenheim,3,3,270.0,3.0,0.0,1.0,1.0,0.0,0.0,0.0,0.0,0.0,0.0,0.33,0.33,0.0,0.33,1.0,0.0,0.0,0.33,0.0,0.0,0.0,90.0,100.0,90.0,3,0,0.0,0,0.33,2.0,6.0,-4.0,-1.33,0.0,0.0,4.0,3.0,1.0,20.0,2.0,1.0,0.0,0.0,0.0,0.0,0.0,0.0,0.0,0.0,0.0,0.0,0.0,0.0,0.0,0.0,0.0,0.0,0.0,0.0,0.0,0.0,0.33333333333333337,0.33333333333333337,0.0,0.6666666666666667,0.33333333333333337,1.3333333333333335,6.666666666666666,0.33333333333333337,DF,3
Amad Diallo,Côte d'Ivoire,Côte d'Ivoire,"MF,FW",23,2002,Manchester Utd,4,2,185.0,2.1,2.0,0.0,2.0,2.0,0.0,0.0,0.0,0.0,0.97,0.0,0.97,0.97,0.97,8.0,4.0,50.0,3.89,1.95,0.25,0.5,46.0,51.4,60.0,0,2,33.0,0,1.5,4.0,2.0,2.0,0.97,1.49,0.0,0.0,2.0,1.0,4.0,2.0,4.0,0.0,0.0,0.0,0.0,0.0,0.0,0.0,0.0,0.0,0.0,0.0,0.0,0.0,0.0,0.0,0.0,0.0,0.0,0.0,0.972972972972973,0.0,3.891891891891892,1.945945945945946,0.972972972972973,1.945945945945946,0.0,1.945945945945946,0.972972972972973,MF,1
Ange-Yoan Bonny,Côte d'Ivoire,Côte d'Ivoire,FW,22,2003,Inter,4,3,234.0,2.6,0.0,0.0,0.0,0.0,0.0,0.0,0.0,0.0,0.0,0.0,0.0,0.0,0.0,1.0,1.0,100.0,0.38,0.38,0.0,0.0,59.0,65.0,66.0,0,1,35.0,0,1.5,4.0,2.0,2.0,0.77,1.48,0.0,1.0,3.0,1.0,1.0,1.0,2.0,0.0,0.0,0.0,0.0,0.0,0.0,0.0,0.0,0.0,0.0,0.0,0.0,0.0,0.0,0.0,0.0,0.0,0.0,0.0,0.0,0.0,0.38461538461538464,0.38461538461538464,0.38461538461538464,0.7692307692307693,0.38461538461538464,0.38461538461538464,0.0,FW,2
Christ Inao Oulaï,Côte d'Ivoire,Côte d'Ivoire,MF,20,2006,Trabzonspor,4,2,208.0,2.3,0.0,0.0,0.0,0.0,0.0,0.0,0.0,0.0,0.0,0.0,0.0,0.0,0.0,2.0,0.0,0.0,0.87,0.0,0.0,0.0,52.0,57.8,75.0,1,2,30.0,0,1.5,3.0,3.0,0.0,0.0,-0.59,0.0,3.0,5.0,0.0,0.0,6.0,4.0,0.0,0.0,0.0,0.0,0.0,0.0,0.0,0.0,0.0,0.0,0.0,0.0,0.0,0.0,0.0,0.0,0.0,0.0,0.0,0.0,0.0,0.8653846153846154,0.0,2.5961538461538463,1.7307692307692308,1.2980769230769231,0.0,0.0,MF,0
Emmanuel Agbadou,Côte d'Ivoire,Côte d'Ivoire,DF,28,1997,Beşiktaş,3,3,270.0,3.0,0.0,0.0,0.0,0.0,0.0,0.0,0.0,0.0,0.0,0.0,0.0,0.0,0.0,3.0,1.0,33.3,1.0,0.33,0.0,0.0,90.0,75.0,90.0,3,0,0.0,1,1.0,3.0,4.0,-1.0,-0.33,-2.33,0.0,0.0,0.0,0.0,0.0,4.0,6.0,0.0,0.0,0.0,0.0,0.0,0.0,0.0,0.0,0.0,0.0,0.0,0.0,0.0,0.0,0.0,0.0,0.0,0.0,0.0,0.0,0.0,1.0,0.33333333333333337,1.3333333333333335,2.0,0.0,0.0,0.0,DF,0
Franck Kessié,Côte d'Ivoire,Côte d'Ivoire,MF,29,1996,Al-Ahli,4,4,346.0,3.8,1.0,0.0,1.0,1.0,0.0,0.0,1.0,0.0,0.26,0.0,0.26,0.26,0.26,4.0,2.0,50.0,1.04,0.52,0.25,0.5,87.0,96.1,87.0,3,0,0.0,0,1.5,5.0,4.0,1.0,0.26,0.26,0.0,7.0,2.0,1.0,2.0,0.0,4.0,0.0,0.0,0.0,0.0,0.0,0.0,0.0,0.0,0.0,0.0,0.0,0.0,0.0,0.0,0.0,0.0,0.0,0.0,0.0,0.26011560693641617,0.0,1.0404624277456647,0.5202312138728323,0.0,1.0404624277456647,1.8208092485549132,0.5202312138728323,0.26011560693641617,MF,2
Ghislain Konan,Côte d'Ivoire,Côte d'Ivoire,DF,30,1995,Gil Vicente FC,3,3,269.0,3.0,0.0,0.0,0.0,0.0,0.0,0.0,0.0,0.0,0.0,0.0,0.0,0.0,0.0,4.0,0.0,0.0,1.34,0.0,0.0,0.0,90.0,74.7,90.0,2,0,0.0,1,1.0,3.0,4.0,-1.0,-0.33,-2.31,0.0,0.0,1.0,0.0,8.0,0.0,3.0,0.0,0.0,0.0,0.0,0.0,0.0,0.0,0.0,0.0,0.0,0.0,0.0,0.0,0.0,0.0,0.0,0.0,0.0,0.0,0.0,0.0,1.3382899628252787,0.0,0.0,1.003717472118959,0.0,2.6765799256505574,0.0,DF,2
Guéla Doué,Côte d'Ivoire,Côte d'Ivoire,DF,23,2002,Strasbourg,4,3,277.0,3.1,0.0,0.0,0.0,0.0,0.0,0.0,1.0,0.0,0.0,0.0,0.0,0.0,0.0,1.0,0.0,0.0,0.32,0.0,0.0,0.0,69.0,76.9,89.0,2,1,9.0,0,1.5,3.0,3.0,0.0,0.0,-1.08,0.0,6.0,5.0,0.0,12.0,3.0,5.0,0.0,0.0,0.0,0.0,0.0,0.0,0.0,0.0,0.0,0.0,0.0,0.0,0.0,0.0,0.0,0.0,0.0,0.0,0.0,0.0,0.0,0.3249097472924188,0.0,0.9747292418772563,1.6245487364620939,1.9494584837545126,3.898916967509025,0.0,DF,0
Ibrahim Sangaré,Côte d'Ivoire,Côte d'Ivoire,MF,28,1997,Nottingham,4,3,268.0,3.0,0.0,1.0,1.0,0.0,0.0,0.0,0.0,0.0,0.0,0.34,0.34,0.0,0.34,1.0,0.0,0.0,0.34,0.0,0.0,0.0,67.0,74.4,85.0,2,1,14.0,0,1.5,5.0,3.0,2.0,0.67,1.65,0.0,2.0,4.0,0.0,0.0,6.0,5.0,0.0,0.0,0.0,0.0,0.0,0.0,0.0,0.0,0.0,0.0,0.0,0.0,0.0,0.0,0.0,0.0,0.0,0.0,0.0,0.0,0.33582089552238803,0.33582089552238803,0.0,2.014925373134328,1.6791044776119401,0.6716417910447761,0.0,0.33582089552238803,MF,0
Nicolas Pépé,Côte d'Ivoire,Côte d'Ivoire,FW,31,1995,Villarreal,4,3,234.0,2.6,2.0,1.0,3.0,2.0,0.0,0.0,1.0,0.0,0.77,0.38,1.15,0.77,1.15,6.0,3.0,50.0,2.31,1.15,0.33,0.67,59.0,65.0,76.0,0,1,6.0,0,1.5,3.0,3.0,0.0,0.0,-0.71,0.0,1.0,1.0,1.0,10.0,3.0,0.0,0.0,0.0,0.0,0.0,0.0,0.0,0.0,0.0,0.0,0.0,0.0,0.0,0.0,0.0,0.0,0.0,0.0,0.0,0.0,0.7692307692307693,0.38461538461538464,2.3076923076923075,1.1538461538461537,1.1538461538461537,0.0,0.38461538461538464,3.8461538461538463,1.153846153846154,FW,1
Odilon Kossounou,Côte d'Ivoire,Côte d'Ivoire,DF,25,2001,Atalanta,4,3,272.0,3.0,0.0,0.0,0.0,0.0,0.0,0.0,0.0,0.0,0.0,0.0,0.0,0.0,0.0,0.0,0.0,0.0,0.0,0.0,0.0,0.0,68.0,75.6,90.0,3,1,2.0,0,1.5,5.0,4.0,1.0,0.33,0.33,0.0,0.0,1.0,0.0,0.0,3.0,3.0,0.0,0.0,0.0,0.0,0.0,0.0,0.0,0.0,0.0,0.0,0.0,0.0,0.0,0.0,0.0,0.0,0.0,0.0,0.0,0.0,0.0,0.0,0.0,0.9926470588235294,0.9926470588235294,0.0,0.0,0.0,DF,2
Yan Diomandé,Côte d'Ivoire,Côte d'Ivoire,"MF,FW",19,2006,RB Leipzig,4,4,329.0,3.7,0.0,1.0,1.0,0.0,0.0,0.0,0.0,0.0,0.0,0.27,0.27,0.0,0.27,4.0,0.0,0.0,1.09,0.0,0.0,0.0,82.0,91.4,82.0,1,0,0.0,0,1.5,5.0,3.0,2.0,0.55,3.45,0.0,2.0,7.0,0.0,14.0,4.0,6.0,0.0,0.0,0.0,0.0,0.0,0.0,0.0,0.0,0.0,0.0,0.0,0.0,0.0,0.0,0.0,0.0,0.0,0.0,0.0,0.0,0.2735562310030395,1.094224924012158,0.0,1.094224924012158,1.641337386018237,0.547112462006079,3.829787234042553,0.2735562310030395,MF,3
Alan Franco,Ecuador,Ecuador,DF,27,1998,Atlético Mineiro,4,4,251.0,2.8,0.0,0.0,0.0,0.0,0.0,0.0,2.0,0.0,0.0,0.0,0.0,0.0,0.0,0.0,0.0,0.0,0.0,0.0,0.0,0.0,63.0,69.7,63.0,0,0,0.0,0,1.0,1.0,3.0,-2.0,-0.72,-0.72,0.0,7.0,0.0,0.0,5.0,4.0,6.0,0.0,0.0,0.0,0.0,0.0,0.0,0.0,0.0,0.0,0.0,0.0,0.0,0.0,0.0,0.0,0.0,0.0,0.0,0.0,0.0,0.0,0.0,0.0,1.4342629482071714,2.151394422310757,2.50996015936255,1.792828685258964,0.0,DF,0
Enner Valencia,Ecuador,Ecuador,FW,36,1989,Pachuca,4,4,287.0,3.2,0.0,0.0,0.0,0.0,0.0,0.0,0.0,0.0,0.0,0.0,0.0,0.0,0.0,10.0,6.0,60.0,3.14,1.88,0.0,0.0,72.0,79.7,72.0,1,0,0.0,0,1.0,1.0,3.0,-2.0,-0.63,-0.63,0.0,4.0,7.0,2.0,1.0,0.0,1.0,0.0,0.0,0.0,0.0,0.0,0.0,0.0,0.0,0.0,0.0,0.0,0.0,0.0,0.0,0.0,0.0,0.0,0.0,0.0,0.0,0.0,3.1358885017421603,1.8815331010452963,0.0,0.313588850174216,1.254355400696864,0.313588850174216,0.0,FW,1
Gonzalo Plata,Ecuador,Ecuador,FW,25,2000,Flamengo,4,4,360.0,4.0,1.0,0.0,1.0,1.0,0.0,0.0,1.0,0.0,0.25,0.0,0.25,0.25,0.25,8.0,5.0,62.5,2.0,1.25,0.13,0.2,90.0,100.0,90.0,4,0,0.0,0,1.0,2.0,4.0,-2.0,-0.5,0.0,0.0,5.0,4.0,0.0,8.0,2.0,5.0,0.0,0.0,0.0,0.0,0.0,0.0,0.0,0.0,0.0,0.0,0.0,0.0,0.0,0.0,0.0,0.0,0.0,0.0,0.0,0.25,0.0,2.0,1.25,0.5,1.25,1.25,2.0,0.25,FW,1
Joel Ordóñez,Ecuador,Ecuador,DF,22,2004,Club Brugge,3,3,225.0,2.5,0.0,0.0,0.0,0.0,0.0,0.0,0.0,0.0,0.0,0.0,0.0,0.0,0.0,2.0,0.0,0.0,0.8,0.0,0.0,0.0,75.0,62.5,75.0,2,0,0.0,1,1.0,2.0,4.0,-2.0,-0.8,-0.8,0.0,1.0,1.0,0.0,0.0,1.0,5.0,0.0,0.0,0.0,0.0,0.0,0.0,0.0,0.0,0.0,0.0,0.0,0.0,0.0,0.0,0.0,0.0,0.0,0.0,0.0,0.0,0.0,0.8,0.0,0.4,2.0,0.4,0.0,0.0,DF,0
John Yeboah,Ecuador,Ecuador,MF,25,2000,Venezia,4,4,311.0,3.5,0.0,0.0,0.0,0.0,0.0,0.0,0.0,0.0,0.0,0.0,0.0,0.0,0.0,8.0,3.0,37.5,2.32,0.87,0.0,0.0,78.0,86.4,78.0,0,0,0.0,0,1.0,2.0,3.0,-1.0,-0.29,1.55,0.0,0.0,4.0,0.0,11.0,3.0,3.0,0.0,0.0,0.0,0.0,0.0,0.0,0.0,0.0,0.0,0.0,0.0,0.0,0.0,0.0,0.0,0.0,0.0,0.0,0.0,0.0,0.0,2.315112540192926,0.8681672025723474,0.8681672025723474,0.8681672025723474,0.0,3.1832797427652735,0.0,MF,3
Moisés Caicedo,Ecuador,Ecuador,MF,24,2001,Chelsea,4,4,360.0,4.0,0.0,0.0,0.0,0.0,0.0,0.0,1.0,0.0,0.0,0.0,0.0,0.0,0.0,4.0,1.0,25.0,1.0,0.25,0.0,0.0,90.0,100.0,90.0,4,0,0.0,0,1.0,2.0,4.0,-2.0,-0.5,0.0,0.0,5.0,4.0,0.0,17.0,4.0,6.0,0.0,0.0,0.0,0.0,0.0,0.0,0.0,0.0,0.0,0.0,0.0,0.0,0.0,0.0,0.0,0.0,0.0,0.0,0.0,0.0,0.0,1.0,0.25,1.0,1.5,1.25,4.25,0.0,MF,3
Nilson Angulo,Ecuador,Ecuador,MF,22,2003,Sunderland,4,2,218.0,2.4,1.0,0.0,1.0,1.0,0.0,0.0,0.0,0.0,0.41,0.0,0.41,0.41,0.41,2.0,2.0,100.0,0.83,0.83,0.5,0.5,55.0,60.6,81.0,0,2,28.0,0,1.0,2.0,4.0,-2.0,-0.83,-0.83,0.0,4.0,3.0,0.0,5.0,2.0,1.0,0.0,0.0,0.0,0.0,0.0,0.0,0.0,0.0,0.0,0.0,0.0,0.0,0.0,0.0,0.0,0.0,0.0,0.0,0.0,0.41284403669724773,0.0,0.8256880733944955,0.8256880733944955,0.8256880733944955,0.41284403669724773,1.651376146788991,2.064220183486239,0.41284403669724773,MF,2
Pedro Vite,Ecuador,Ecuador,MF,24,2002,UNAM,4,4,360.0,4.0,0.0,1.0,1.0,0.0,0.0,0.0,0.0,0.0,0.0,0.25,0.25,0.0,0.25,4.0,1.0,25.0,1.0,0.25,0.0,0.0,90.0,100.0,90.0,4,0,0.0,0,1.0,2.0,4.0,-2.0,-0.5,0.0,0.0,2.0,5.0,0.0,6.0,5.0,11.0,0.0,0.0,0.0,0.0,0.0,0.0,0.0,0.0,0.0,0.0,0.0,0.0,0.0,0.0,0.0,0.0,0.0,0.0,0.0,0.0,0.25,1.0,0.25,1.25,2.75,0.5,1.5,0.25,MF,0
Piero Hincapié,Ecuador,Ecuador,DF,24,2002,Arsenal,4,4,339.0,3.8,0.0,0.0,0.0,0.0,0.0,0.0,1.0,1.0,0.0,0.0,0.0,0.0,0.0,3.0,0.0,0.0,0.8,0.0,0.0,0.0,85.0,94.2,85.0,2,0,0.0,0,1.0,1.0,4.0,-3.0,-0.8,-5.08,0.0,5.0,4.0,0.0,14.0,4.0,5.0,0.0,0.0,0.0,0.0,0.0,0.0,0.0,0.0,0.0,0.0,0.0,0.0,0.0,0.0,0.0,0.0,0.0,0.0,0.0,0.0,0.0,0.7964601769911505,0.0,1.0619469026548671,1.3274336283185841,1.3274336283185841,3.7168141592920354,0.0,DF,0
Willian Pacho,Ecuador,Ecuador,DF,24,2001,PSG,4,4,360.0,4.0,0.0,0.0,0.0,0.0,0.0,0.0,0.0,0.0,0.0,0.0,0.0,0.0,0.0,1.0,1.0,100.0,0.25,0.25,0.0,0.0,90.0,100.0,90.0,4,0,0.0,0,1.0,2.0,4.0,-2.0,-0.5,0.0,0.0,3.0,2.0,0.0,0.0,8.0,2.0,0.0,0.0,0.0,0.0,0.0,0.0,0.0,0.0,0.0,0.0,0.0,0.0,0.0,0.0,0.0,0.0,0.0,0.0,0.0,0.0,0.0,0.25,0.25,2.0,0.5,0.75,0.0,0.0,DF,0
Ahmed Fatouh,Egypt,Egypt,DF,28,1998,Unknown Club,3,3,267.0,3.0,0.0,0.0,0.0,0.0,0.0,0.0,1.0,0.0,0.0,0.0,0.0,0.0,0.0,1.0,1.0,100.0,0.34,0.34,0.0,0.0,89.0,55.6,89.0,2,0,0.0,0,1.67,5.0,3.0,2.0,0.67,1.1,0.0,2.0,3.0,0.0,8.0,4.0,5.0,0.0,0.0,0.0,0.0,0.0,0.0,0.0,0.0,0.0,0.0,0.0,0.0,0.0,0.0,0.0,0.0,0.0,0.0,0.0,0.0,0.0,0.33707865168539325,0.33707865168539325,1.348314606741573,1.6853932584269664,0.6741573033707865,2.696629213483146,0.0,DF,0
Emam Ashour,Egypt,Egypt,MF,28,1998,Unknown Club,5,5,362.0,4.0,2.0,0.0,2.0,2.0,0.0,0.0,0.0,0.0,0.5,0.0,0.5,0.5,0.5,10.0,2.0,20.0,2.49,0.5,0.2,1.0,72.0,75.4,72.0,1,0,0.0,0,1.2,7.0,4.0,3.0,0.75,2.27,0.0,2.0,13.0,0.0,4.0,4.0,2.0,0.0,0.0,0.0,0.0,0.0,0.0,0.0,0.0,0.0,0.0,0.0,0.0,0.0,0.0,0.0,0.0,0.0,0.0,0.0,0.49723756906077343,0.0,2.4861878453038675,0.49723756906077343,0.9944751381215469,0.49723756906077343,0.49723756906077343,0.9944751381215469,0.49723756906077343,MF,1
Hamdy Fathy,Egypt,Egypt,"DF,MF",31,1994,Unknown Club,4,3,238.0,2.6,0.0,0.0,0.0,0.0,0.0,0.0,1.0,0.0,0.0,0.0,0.0,0.0,0.0,0.0,0.0,0.0,0.0,0.0,0.0,0.0,60.0,49.6,64.0,0,1,45.0,0,1.25,3.0,6.0,-3.0,-1.13,-2.62,0.0,3.0,2.0,1.0,1.0,2.0,3.0,0.0,0.0,0.0,0.0,0.0,0.0,0.0,0.0,0.0,0.0,0.0,0.0,0.0,0.0,0.0,0.0,0.0,0.0,0.0,0.0,0.0,0.0,0.0,0.7563025210084033,1.134453781512605,1.134453781512605,0.37815126050420167,0.0,DF,2
Marwan Attia,Egypt,Egypt,MF,27,1998,Unknown Club,5,4,434.0,4.8,0.0,1.0,1.0,0.0,0.0,0.0,2.0,0.0,0.0,0.21,0.21,0.0,0.21,4.0,0.0,0.0,0.83,0.0,0.0,0.0,87.0,90.4,97.0,3,1,45.0,0,1.2,7.0,6.0,1.0,0.21,0.21,0.0,8.0,1.0,0.0,11.0,3.0,3.0,0.0,0.0,0.0,0.0,0.0,0.0,0.0,0.0,0.0,0.0,0.0,0.0,0.0,0.0,0.0,0.0,0.0,0.0,0.0,0.0,0.2073732718894009,0.8294930875576036,0.0,0.6221198156682028,0.6221198156682028,1.6589861751152073,2.28110599078341,0.2073732718894009,MF,2
Mohamed Hany,Egypt,Egypt,DF,30,1996,Unknown Club,5,5,480.0,5.3,0.0,1.0,1.0,0.0,0.0,0.0,0.0,0.0,0.0,0.19,0.19,0.0,0.19,4.0,0.0,0.0,0.75,0.0,0.0,0.0,96.0,100.0,96.0,5,0,0.0,0,1.2,8.0,7.0,1.0,0.19,0.0,0.0,2.0,1.0,0.0,15.0,6.0,9.0,2.0,0.0,0.0,0.0,0.0,0.0,0.0,0.0,0.0,0.0,0.0,0.0,0.0,0.0,0.0,0.0,0.0,0.0,0.0,0.0,0.1875,0.75,0.0,1.125,1.6875,0.375,2.8125,0.1875,DF,0
Mohamed Salah,Egypt,Egypt,"FW,MF",33,1992,Liverpool,5,5,425.0,4.7,1.0,2.0,3.0,1.0,0.0,0.0,0.0,0.0,0.21,0.42,0.64,0.21,0.64,9.0,4.0,44.4,1.91,0.85,0.11,0.25,85.0,88.5,85.0,2,0,0.0,0,1.2,8.0,7.0,1.0,0.21,0.21,0.0,5.0,13.0,1.0,14.0,2.0,0.0,0.0,0.0,0.0,0.0,0.0,0.0,0.0,0.0,0.0,0.0,0.0,0.0,0.0,0.0,0.0,0.0,0.0,0.0,0.0,0.2117647058823529,0.4235294117647058,1.9058823529411764,0.8470588235294116,0.4235294117647058,0.0,1.0588235294117647,2.9647058823529413,0.6352941176470588,MF,3
Mohanad Lasheen,Egypt,Egypt,MF,30,1996,Unknown Club,4,4,359.0,4.0,0.0,0.0,0.0,0.0,0.0,0.0,2.0,0.0,0.0,0.0,0.0,0.0,0.0,2.0,0.0,0.0,0.5,0.0,0.0,0.0,90.0,74.8,90.0,3,0,0.0,0,1.25,7.0,5.0,2.0,0.5,1.25,0.0,5.0,3.0,0.0,1.0,8.0,11.0,0.0,0.0,0.0,0.0,0.0,0.0,0.0,0.0,0.0,0.0,0.0,0.0,0.0,0.0,0.0,0.0,0.0,0.0,0.0,0.0,0.0,0.5013927576601671,0.0,2.0055710306406684,2.7576601671309193,1.2534818941504178,0.25069637883008355,0.0,MF,0
Mostafa Ziko,Egypt,Egypt,"FW,MF",29,1997,Unknown Club,5,5,370.0,4.1,2.0,1.0,3.0,2.0,0.0,0.0,0.0,0.0,0.49,0.24,0.73,0.49,0.73,8.0,3.0,37.5,1.95,0.73,0.25,0.67,74.0,77.1,74.0,0,0,0.0,0,1.2,7.0,5.0,2.0,0.49,1.3,0.0,6.0,5.0,2.0,2.0,2.0,4.0,0.0,0.0,0.0,0.0,0.0,0.0,0.0,0.0,0.0,0.0,0.0,0.0,0.0,0.0,0.0,0.0,0.0,0.0,0.0,0.4864864864864865,0.24324324324324326,1.945945945945946,0.7297297297297298,0.4864864864864865,0.972972972972973,1.4594594594594597,0.4864864864864865,0.7297297297297298,MF,1
Omar Marmoush,Egypt,Egypt,"FW,MF",27,1999,Manchester City,5,3,326.0,3.6,0.0,0.0,0.0,0.0,0.0,0.0,0.0,0.0,0.0,0.0,0.0,0.0,0.0,11.0,1.0,9.1,3.04,0.28,0.0,0.0,65.0,67.9,90.0,1,2,28.0,0,1.2,4.0,5.0,-1.0,-0.28,-1.44,0.0,3.0,8.0,0.0,5.0,2.0,3.0,0.0,0.0,0.0,0.0,0.0,0.0,0.0,0.0,0.0,0.0,0.0,0.0,0.0,0.0,0.0,0.0,0.0,0.0,0.0,0.0,0.0,3.03680981595092,0.27607361963190186,0.5521472392638037,0.8282208588957056,0.8282208588957056,1.3803680981595092,0.0,MF,2
Ramy Rabia,Egypt,Egypt,DF,33,1993,Unknown Club,5,3,372.0,4.1,0.0,0.0,0.0,0.0,0.0,0.0,0.0,0.0,0.0,0.0,0.0,0.0,0.0,1.0,1.0,100.0,0.24,0.24,0.0,0.0,74.0,77.5,100.0,3,2,36.0,0,1.2,7.0,5.0,2.0,0.48,1.32,0.0,3.0,2.0,0.0,0.0,3.0,5.0,0.0,0.0,0.0,0.0,0.0,0.0,0.0,0.0,0.0,0.0,0.0,0.0,0.0,0.0,0.0,0.0,0.0,0.0,0.0,0.0,0.0,0.24193548387096775,0.24193548387096775,0.7258064516129032,1.2096774193548387,0.7258064516129032,0.0,0.0,DF,2
Yasser Ibrahim,Egypt,Egypt,DF,33,1993,Unknown Club,5,4,467.0,5.2,1.0,0.0,1.0,1.0,0.0,0.0,2.0,0.0,0.19,0.0,0.19,0.19,0.19,1.0,1.0,100.0,0.19,0.19,1.0,1.0,93.0,97.3,98.0,4,1,77.0,0,1.2,7.0,6.0,1.0,0.19,0.19,0.0,6.0,3.0,0.0,0.0,3.0,6.0,0.0,0.0,0.0,0.0,0.0,0.0,0.0,0.0,0.0,0.0,0.0,0.0,0.0,0.0,0.0,0.0,0.0,0.0,0.0,0.19271948608137046,0.0,0.19271948608137046,0.19271948608137046,0.5781584582441114,1.1563169164882228,1.1563169164882228,0.0,0.19271948608137046,DF,2
Anthony Gordon,England,England,MF,25,2001,Barcelona,6,5,396.0,4.4,1.0,3.0,4.0,1.0,0.0,0.0,0.0,0.0,0.23,0.68,0.91,0.23,0.91,6.0,4.0,66.7,1.36,0.91,0.17,0.25,66.0,52.8,73.0,1,1,30.0,2,2.17,10.0,5.0,5.0,1.14,0.37,0.0,4.0,10.0,0.0,8.0,3.0,3.0,0.0,0.0,0.0,0.0,0.0,0.0,0.0,0.0,0.0,0.0,0.0,0.0,0.0,0.0,0.0,0.0,0.0,0.0,0.0,0.2272727272727273,0.6818181818181819,1.3636363636363638,0.9090909090909092,0.6818181818181819,0.6818181818181819,0.9090909090909092,1.8181818181818183,0.9090909090909092,MF,3
Bukayo Saka,England,England,MF,24,2001,Arsenal,7,3,358.0,4.0,3.0,3.0,6.0,2.0,1.0,1.0,0.0,0.0,0.75,0.75,1.51,0.5,1.26,13.0,7.0,53.8,3.27,1.76,0.15,0.29,51.0,47.7,69.0,1,4,38.0,1,2.71,13.0,5.0,8.0,2.01,2.01,0.0,4.0,9.0,4.0,21.0,1.0,7.0,0.0,0.0,0.0,0.0,0.0,0.0,0.0,0.0,0.0,0.0,0.0,0.0,0.0,0.0,0.0,0.0,0.0,0.0,0.0,0.7541899441340782,0.7541899441340782,3.2681564245810057,1.7597765363128492,0.25139664804469275,1.7597765363128492,1.005586592178771,5.279329608938547,1.5083798882681565,MF,1
Declan Rice,England,England,MF,27,1999,Arsenal,7,7,557.0,6.2,1.0,2.0,3.0,1.0,0.0,0.0,2.0,0.0,0.16,0.32,0.48,0.16,0.48,6.0,3.0,50.0,0.97,0.48,0.17,0.33,80.0,74.3,80.0,3,0,0.0,1,2.29,16.0,10.0,6.0,0.97,0.04,0.0,4.0,0.0,1.0,44.0,5.0,3.0,0.0,0.0,0.0,0.0,0.0,0.0,0.0,0.0,0.0,0.0,0.0,0.0,0.0,0.0,0.0,0.0,0.0,0.0,0.0,0.16157989228007183,0.32315978456014366,0.9694793536804309,0.48473967684021546,0.8078994614003591,0.48473967684021546,0.6463195691202873,7.1095152603231595,0.48473967684021546,MF,3
Djed Spence,England,England,DF,25,2000,Tottenham,8,4,404.0,4.5,0.0,0.0,0.0,0.0,0.0,0.0,0.0,0.0,0.0,0.0,0.0,0.0,0.0,2.0,2.0,100.0,0.45,0.45,0.0,0.0,51.0,53.9,78.0,1,4,23.0,0,2.38,10.0,6.0,4.0,0.89,-0.15,0.0,3.0,5.0,0.0,6.0,5.0,10.0,0.0,0.0,0.0,0.0,0.0,0.0,0.0,0.0,0.0,0.0,0.0,0.0,0.0,0.0,0.0,0.0,0.0,0.0,0.0,0.0,0.0,0.44554455445544555,0.44554455445544555,1.113861386138614,2.227722772277228,0.6683168316831682,1.3366336633663365,0.0,DF,0
Eberechi Eze,England,England,MF,27,1998,Arsenal,5,1,211.0,2.3,0.0,1.0,1.0,0.0,0.0,0.0,0.0,0.0,0.0,0.43,0.43,0.0,0.43,5.0,0.0,0.0,2.13,0.0,0.0,0.0,42.0,28.1,78.0,0,4,33.0,3,2.6,7.0,3.0,4.0,1.71,1.04,0.0,2.0,4.0,1.0,2.0,0.0,0.0,0.0,0.0,0.0,0.0,0.0,0.0,0.0,0.0,0.0,0.0,0.0,0.0,0.0,0.0,0.0,0.0,0.0,0.0,0.0,0.0,0.4265402843601896,2.132701421800948,0.0,0.0,0.0,0.8530805687203792,0.8530805687203792,0.4265402843601896,MF,2
Elliot Anderson,England,England,MF,23,2002,Nottingham,8,7,632.0,7.0,0.0,1.0,1.0,0.0,0.0,0.0,1.0,0.0,0.0,0.14,0.14,0.0,0.14,7.0,1.0,14.3,1.0,0.14,0.0,0.0,79.0,84.3,89.0,4,1,12.0,0,2.38,16.0,9.0,7.0,1.0,0.23,0.0,9.0,13.0,0.0,8.0,8.0,18.0,0.0,0.0,0.0,0.0,0.0,0.0,0.0,0.0,0.0,0.0,0.0,0.0,0.0,0.0,0.0,0.0,0.0,0.0,0.0,0.0,0.14240506329113925,0.9968354430379747,0.14240506329113925,1.139240506329114,2.5632911392405062,1.2816455696202531,1.139240506329114,0.14240506329113925,MF,0
Ezri Konsa,England,England,DF,28,1997,Aston Villa,8,7,647.0,7.2,1.0,0.0,1.0,1.0,0.0,0.0,0.0,0.0,0.14,0.0,0.14,0.14,0.14,3.0,2.0,66.7,0.42,0.28,0.33,0.5,81.0,86.3,90.0,6,1,19.0,0,2.38,18.0,12.0,6.0,0.83,-0.91,0.0,8.0,11.0,0.0,3.0,8.0,5.0,0.0,0.0,0.0,0.0,0.0,0.0,0.0,0.0,0.0,0.0,0.0,0.0,0.0,0.0,0.0,0.0,0.0,0.0,0.0,0.1391035548686244,0.0,0.41731066460587324,0.2782071097372488,1.1128284389489953,0.6955177743431221,1.1128284389489953,0.41731066460587324,0.1391035548686244,DF,2
Harry Kane,England,England,FW,32,1993,Bayern Munich,7,7,652.0,7.2,6.0,1.0,7.0,4.0,2.0,2.0,0.0,0.0,0.83,0.14,0.97,0.55,0.69,23.0,12.0,52.2,3.17,1.66,0.17,0.33,93.0,86.9,93.0,5,0,0.0,1,2.29,14.0,8.0,6.0,0.83,-1.01,0.0,8.0,9.0,2.0,1.0,1.0,3.0,0.0,0.0,0.0,0.0,0.0,0.0,0.0,0.0,0.0,0.0,0.0,0.0,0.0,0.0,0.0,0.0,0.0,0.0,0.0,0.8282208588957056,0.13803680981595093,3.174846625766871,1.6564417177914113,0.13803680981595093,0.4141104294478528,1.1042944785276074,0.13803680981595093,0.9662576687116565,FW,1
Jarell Quansah,England,England,DF,23,2003,Leverkusen,3,3,197.0,2.2,0.0,0.0,0.0,0.0,0.0,0.0,1.0,1.0,0.0,0.0,0.0,0.0,0.0,0.0,0.0,0.0,0.0,0.0,0.0,0.0,66.0,26.3,66.0,0,0,0.0,3,3.0,7.0,4.0,3.0,1.37,0.56,0.0,2.0,2.0,0.0,1.0,0.0,0.0,0.0,0.0,0.0,0.0,0.0,0.0,0.0,0.0,0.0,0.0,0.0,0.0,0.0,0.0,0.0,0.0,0.0,0.0,0.0,0.0,0.0,0.0,0.0,0.0,0.0,0.9137055837563451,0.45685279187817257,0.0,DF,2
John Stones,England,England,DF,32,1994,Manchester City,5,3,330.0,3.7,0.0,0.0,0.0,0.0,0.0,0.0,0.0,0.0,0.0,0.0,0.0,0.0,0.0,1.0,0.0,0.0,0.27,0.0,0.0,0.0,66.0,44.0,98.0,1,2,18.0,3,2.4,8.0,5.0,3.0,0.82,-0.25,0.0,1.0,1.0,0.0,1.0,0.0,0.0,0.0,0.0,0.0,0.0,0.0,0.0,0.0,0.0,0.0,0.0,0.0,0.0,0.0,0.0,0.0,0.0,0.0,0.0,0.0,0.0,0.0,0.2727272727272727,0.0,0.0,0.0,0.2727272727272727,0.2727272727272727,0.0,DF,2
Jude Bellingham,England,England,MF,22,2003,Real Madrid,8,7,614.0,6.8,7.0,1.0,8.0,7.0,0.0,0.0,1.0,0.0,1.03,0.15,1.17,1.03,1.17,19.0,13.0,68.4,2.79,1.91,0.37,0.54,77.0,81.9,86.0,3,1,12.0,0,2.38,15.0,9.0,6.0,0.88,-0.44,0.0,9.0,17.0,1.0,8.0,3.0,10.0,0.0,0.0,0.0,0.0,0.0,0.0,0.0,0.0,0.0,0.0,0.0,0.0,0.0,0.0,0.0,0.0,0.0,0.0,0.0,1.0260586319218241,0.1465798045602606,2.785016286644951,1.9055374592833876,0.43973941368078173,1.4657980456026058,1.3192182410423452,1.1726384364820848,1.1726384364820848,MF,1
Marc Guéhi,England,England,DF,25,2000,Manchester City,8,7,663.0,7.4,0.0,0.0,0.0,0.0,0.0,0.0,1.0,0.0,0.0,0.0,0.0,0.0,0.0,1.0,0.0,0.0,0.14,0.0,0.0,0.0,83.0,88.4,94.0,6,1,4.0,0,2.38,15.0,9.0,6.0,0.81,-1.25,0.0,4.0,13.0,0.0,0.0,6.0,1.0,0.0,0.0,0.0,0.0,0.0,0.0,0.0,0.0,0.0,0.0,0.0,0.0,0.0,0.0,0.0,0.0,0.0,0.0,0.0,0.0,0.0,0.13574660633484165,0.0,0.8144796380090499,0.13574660633484165,0.5429864253393666,0.0,0.0,DF,2
Marcus Rashford,England,England,MF,28,1997,Barcelona,6,3,223.0,2.5,1.0,1.0,2.0,1.0,0.0,0.0,0.0,0.0,0.4,0.4,0.81,0.4,0.81,12.0,5.0,41.7,4.84,2.02,0.08,0.2,37.0,29.7,65.0,1,3,9.0,2,2.17,7.0,1.0,6.0,2.42,2.08,0.0,5.0,1.0,1.0,17.0,0.0,2.0,0.0,0.0,0.0,0.0,0.0,0.0,0.0,0.0,0.0,0.0,0.0,0.0,0.0,0.0,0.0,0.0,0.0,0.0,0.0,0.40358744394618834,0.40358744394618834,4.843049327354261,2.0179372197309418,0.0,0.8071748878923767,2.0179372197309418,6.860986547085202,0.8071748878923767,MF,1
Morgan Rogers,England,England,MF,23,2002,Aston Villa,7,3,339.0,3.8,0.0,1.0,1.0,0.0,0.0,0.0,0.0,0.0,0.0,0.27,0.27,0.0,0.27,3.0,1.0,33.3,0.8,0.27,0.0,0.0,48.0,45.2,90.0,3,4,17.0,1,2.29,11.0,6.0,5.0,1.33,0.67,0.0,5.0,5.0,2.0,5.0,0.0,3.0,0.0,0.0,0.0,0.0,0.0,0.0,0.0,0.0,0.0,0.0,0.0,0.0,0.0,0.0,0.0,0.0,0.0,0.0,0.0,0.0,0.2654867256637168,0.7964601769911505,0.2654867256637168,0.0,0.7964601769911505,1.3274336283185841,1.3274336283185841,0.2654867256637168,MF,2
Nico O'Reilly,England,England,DF,21,2005,Manchester City,7,5,461.0,5.1,0.0,0.0,0.0,0.0,0.0,0.0,1.0,0.0,0.0,0.0,0.0,0.0,0.0,7.0,1.0,14.3,1.37,0.2,0.0,0.0,66.0,61.5,86.0,3,2,17.0,1,2.29,12.0,8.0,4.0,0.78,-0.46,0.0,6.0,4.0,0.0,4.0,5.0,3.0,0.0,0.0,0.0,0.0,0.0,0.0,0.0,0.0,0.0,0.0,0.0,0.0,0.0,0.0,0.0,0.0,0.0,0.0,0.0,0.0,0.0,1.3665943600867678,0.19522776572668113,0.9761388286334056,0.5856832971800434,1.1713665943600868,0.7809110629067245,0.0,DF,2
Noni Madueke,England,England,MF,24,2002,Arsenal,5,4,286.0,3.2,0.0,0.0,0.0,0.0,0.0,0.0,0.0,0.0,0.0,0.0,0.0,0.0,0.0,6.0,1.0,16.7,1.89,0.31,0.0,0.0,57.0,38.1,65.0,0,1,28.0,3,2.6,5.0,4.0,1.0,0.31,-1.04,0.0,2.0,3.0,1.0,21.0,2.0,4.0,0.0,0.0,0.0,0.0,0.0,0.0,0.0,0.0,0.0,0.0,0.0,0.0,0.0,0.0,0.0,0.0,0.0,0.0,0.0,0.0,0.0,1.8881118881118881,0.3146853146853147,0.6293706293706294,1.2587412587412588,0.6293706293706294,6.608391608391608,0.0,MF,3
Reece James,England,England,DF,26,1999,Chelsea,5,3,319.0,3.5,0.0,0.0,0.0,0.0,0.0,0.0,0.0,0.0,0.0,0.0,0.0,0.0,0.0,1.0,0.0,0.0,0.28,0.0,0.0,0.0,64.0,42.5,87.0,2,2,29.0,2,2.0,8.0,3.0,5.0,1.41,0.78,0.0,3.0,1.0,0.0,9.0,3.0,3.0,0.0,0.0,0.0,0.0,0.0,0.0,0.0,0.0,0.0,0.0,0.0,0.0,0.0,0.0,0.0,0.0,0.0,0.0,0.0,0.0,0.0,0.28213166144200624,0.0,0.8463949843260189,0.8463949843260189,0.8463949843260189,2.5391849529780566,0.0,DF,2
Adrien Rabiot,France,France,MF,31,1995,Milan,7,7,585.0,6.5,0.0,1.0,1.0,0.0,0.0,0.0,1.0,0.0,0.0,0.15,0.15,0.0,0.15,9.0,1.0,11.1,1.38,0.15,0.0,0.0,84.0,81.3,84.0,6,0,0.0,1,2.14,16.0,8.0,8.0,1.23,-0.1,0.0,13.0,4.0,1.0,2.0,11.0,7.0,0.0,0.0,0.0,0.0,0.0,0.0,0.0,0.0,0.0,0.0,0.0,0.0,0.0,0.0,0.0,0.0,0.0,0.0,0.0,0.0,0.15384615384615385,1.3846153846153846,0.15384615384615385,1.6923076923076923,1.076923076923077,2.0,0.3076923076923077,0.15384615384615385,MF,0
Aurélien Tchouaméni,France,France,MF,26,2000,Real Madrid,4,4,360.0,4.0,0.0,1.0,1.0,0.0,0.0,0.0,1.0,0.0,0.0,0.25,0.25,0.0,0.25,3.0,0.0,0.0,0.75,0.0,0.0,0.0,90.0,50.0,90.0,4,0,0.0,4,2.25,10.0,4.0,6.0,1.5,0.5,0.0,4.0,3.0,0.0,2.0,6.0,14.0,0.0,0.0,0.0,0.0,0.0,0.0,0.0,0.0,0.0,0.0,0.0,0.0,0.0,0.0,0.0,0.0,0.0,0.0,0.0,0.0,0.25,0.75,0.0,1.5,3.5,1.0,0.5,0.25,MF,0
Bradley Barcola,France,France,MF,23,2002,PSG,8,4,384.0,4.3,3.0,1.0,4.0,3.0,0.0,0.0,1.0,0.0,0.7,0.23,0.94,0.7,0.94,10.0,5.0,50.0,2.34,1.17,0.3,0.6,48.0,53.3,72.0,1,4,24.0,0,2.25,13.0,4.0,9.0,2.11,1.84,0.0,5.0,1.0,1.0,3.0,1.0,4.0,0.0,0.0,0.0,0.0,0.0,0.0,0.0,0.0,0.0,0.0,0.0,0.0,0.0,0.0,0.0,0.0,0.0,0.0,0.0,0.703125,0.234375,2.34375,1.171875,0.234375,0.9375,1.171875,0.703125,0.9375,MF,1
Dayot Upamecano,France,France,DF,27,1998,Bayern Munich,8,7,660.0,7.3,0.0,1.0,1.0,0.0,0.0,0.0,0.0,0.0,0.0,0.14,0.14,0.0,0.14,4.0,2.0,50.0,0.55,0.27,0.0,0.0,83.0,91.7,88.0,6,1,45.0,0,2.25,19.0,6.0,13.0,1.77,6.27,0.0,7.0,4.0,0.0,0.0,15.0,12.0,0.0,0.0,0.0,0.0,0.0,0.0,0.0,0.0,0.0,0.0,0.0,0.0,0.0,0.0,0.0,0.0,0.0,0.0,0.0,0.0,0.13636363636363635,0.5454545454545454,0.2727272727272727,2.0454545454545454,1.6363636363636362,0.9545454545454546,0.0,0.13636363636363635,DF,0
Désiré Doué,France,France,MF,21,2005,PSG,8,4,400.0,4.4,1.0,1.0,2.0,1.0,0.0,0.0,0.0,0.0,0.23,0.23,0.45,0.23,0.45,13.0,8.0,61.5,2.93,1.8,0.08,0.13,50.0,55.6,74.0,1,4,26.0,0,2.25,9.0,6.0,3.0,0.68,-1.29,0.0,4.0,8.0,0.0,3.0,2.0,6.0,0.0,0.0,0.0,0.0,0.0,0.0,0.0,0.0,0.0,0.0,0.0,0.0,0.0,0.0,0.0,0.0,0.0,0.0,0.0,0.225,0.225,2.9250000000000003,1.8,0.45,1.3499999999999999,0.9,0.6749999999999999,0.45,MF,1
Jules Koundé,France,France,DF,27,1998,Barcelona,8,7,599.0,6.7,0.0,0.0,0.0,0.0,0.0,0.0,0.0,0.0,0.0,0.0,0.0,0.0,0.0,2.0,0.0,0.0,0.3,0.0,0.0,0.0,75.0,83.2,85.0,3,1,1.0,0,2.25,16.0,5.0,11.0,1.65,2.4,0.0,6.0,5.0,1.0,12.0,3.0,8.0,0.0,0.0,0.0,0.0,0.0,0.0,0.0,0.0,0.0,0.0,0.0,0.0,0.0,0.0,0.0,0.0,0.0,0.0,0.0,0.0,0.0,0.3005008347245409,0.0,0.4507512520868113,1.2020033388981637,0.9015025041736227,1.8030050083472453,0.0,DF,2
Kylian Mbappé,France,France,FW,27,1998,Real Madrid,8,8,695.0,7.7,10.0,4.0,14.0,9.0,1.0,2.0,1.0,0.0,1.29,0.52,1.81,1.17,1.68,41.0,23.0,56.1,5.31,2.98,0.22,0.39,87.0,96.5,87.0,4,0,0.0,0,2.25,19.0,10.0,9.0,1.17,-2.43,0.0,6.0,8.0,7.0,4.0,0.0,1.0,0.0,0.0,0.0,0.0,0.0,0.0,0.0,0.0,0.0,0.0,0.0,0.0,0.0,0.0,0.0,0.0,0.0,0.0,0.0,1.2949640287769786,0.5179856115107914,5.309352517985611,2.9784172661870505,0.0,0.12949640287769784,0.776978417266187,0.5179856115107914,1.81294964028777,FW,1
Lucas Digne,France,France,DF,32,1993,Aston Villa,6,5,463.0,5.1,0.0,0.0,0.0,0.0,0.0,0.0,0.0,0.0,0.0,0.0,0.0,0.0,0.0,2.0,1.0,50.0,0.39,0.19,0.0,0.0,77.0,64.3,84.0,3,1,45.0,2,2.0,13.0,4.0,9.0,1.75,1.4,0.0,7.0,2.0,0.0,15.0,2.0,3.0,0.0,0.0,0.0,0.0,0.0,0.0,0.0,0.0,0.0,0.0,0.0,0.0,0.0,0.0,0.0,0.0,0.0,0.0,0.0,0.0,0.0,0.38876889848812096,0.19438444924406048,0.38876889848812096,0.5831533477321814,1.3606911447084233,2.9157667386609076,0.0,DF,2
Manu Koné,France,France,MF,25,2001,Roma,5,4,385.0,4.3,0.0,0.0,0.0,0.0,0.0,0.0,1.0,0.0,0.0,0.0,0.0,0.0,0.0,6.0,2.0,33.3,1.4,0.47,0.0,0.0,77.0,53.5,85.0,3,1,45.0,3,2.4,10.0,2.0,8.0,1.87,1.33,0.0,6.0,7.0,0.0,1.0,3.0,5.0,0.0,0.0,0.0,0.0,0.0,0.0,0.0,0.0,0.0,0.0,0.0,0.0,0.0,0.0,0.0,0.0,0.0,0.0,0.0,0.0,0.0,1.4025974025974026,0.4675324675324675,0.7012987012987013,1.168831168831169,1.4025974025974026,0.23376623376623376,0.0,MF,2
Maxence Lacroix,France,France,DF,26,2000,Crystal Palace,3,2,241.0,2.7,0.0,0.0,0.0,0.0,0.0,0.0,0.0,0.0,0.0,0.0,0.0,0.0,0.0,0.0,0.0,0.0,0.0,0.0,0.0,0.0,80.0,33.5,90.0,2,1,61.0,5,1.0,8.0,8.0,0.0,0.0,-1.88,0.0,5.0,0.0,1.0,0.0,3.0,2.0,0.0,0.0,0.0,0.0,0.0,0.0,0.0,0.0,0.0,0.0,0.0,0.0,0.0,0.0,0.0,0.0,0.0,0.0,0.0,0.0,0.0,0.0,0.0,1.120331950207469,0.7468879668049793,1.8672199170124482,0.0,0.0,DF,2
Michael Olise,France,France,MF,24,2001,Bayern Munich,8,8,646.0,7.2,0.0,7.0,7.0,0.0,0.0,0.0,1.0,0.0,0.0,0.98,0.98,0.0,0.98,20.0,5.0,25.0,2.79,0.7,0.0,0.0,81.0,89.7,81.0,4,0,0.0,0,2.25,19.0,10.0,9.0,1.25,0.04,0.0,5.0,16.0,0.0,22.0,3.0,8.0,0.0,0.0,0.0,0.0,0.0,0.0,0.0,0.0,0.0,0.0,0.0,0.0,0.0,0.0,0.0,0.0,0.0,0.0,0.0,0.0,0.9752321981424149,2.7863777089783284,0.6965944272445821,0.4179566563467492,1.1145510835913313,0.6965944272445821,3.065015479876161,0.9752321981424149,MF,3
Ousmane Dembélé,France,France,MF,29,1997,PSG,8,7,592.0,6.6,6.0,2.0,8.0,6.0,0.0,0.0,0.0,0.0,0.91,0.3,1.22,0.91,1.22,20.0,10.0,50.0,3.04,1.52,0.3,0.6,74.0,82.2,78.0,2,1,45.0,0,2.25,17.0,5.0,12.0,1.82,3.23,0.0,0.0,4.0,3.0,34.0,0.0,2.0,0.0,0.0,0.0,0.0,0.0,0.0,0.0,0.0,0.0,0.0,0.0,0.0,0.0,0.0,0.0,0.0,0.0,0.0,0.0,0.9121621621621622,0.30405405405405406,3.040540540540541,1.5202702702702704,0.0,0.30405405405405406,0.0,5.168918918918919,1.2162162162162162,MF,1
Theo Hernández,France,France,DF,28,1997,Al-Hilal,5,3,257.0,2.9,0.0,0.0,0.0,0.0,0.0,0.0,0.0,0.0,0.0,0.0,0.0,0.0,0.0,3.0,0.0,0.0,1.05,0.0,0.0,0.0,51.0,35.7,75.0,2,2,16.0,3,1.8,7.0,6.0,1.0,0.35,-1.4,0.0,2.0,4.0,0.0,6.0,3.0,1.0,0.0,0.0,0.0,0.0,0.0,0.0,0.0,0.0,0.0,0.0,0.0,0.0,0.0,0.0,0.0,0.0,0.0,0.0,0.0,0.0,0.0,1.0505836575875487,0.0,1.0505836575875487,0.35019455252918286,0.7003891050583657,2.1011673151750974,0.0,DF,2
William Saliba,France,France,DF,25,2001,Arsenal,6,6,479.0,5.3,0.0,0.0,0.0,0.0,0.0,0.0,0.0,0.0,0.0,0.0,0.0,0.0,0.0,1.0,0.0,0.0,0.19,0.0,0.0,0.0,80.0,66.5,80.0,5,0,0.0,2,2.5,12.0,2.0,10.0,1.88,1.88,0.0,4.0,0.0,0.0,0.0,6.0,0.0,0.0,0.0,0.0,0.0,0.0,0.0,0.0,0.0,0.0,0.0,0.0,0.0,0.0,0.0,0.0,0.0,0.0,0.0,0.0,0.0,0.0,0.1878914405010438,0.0,1.1273486430062631,0.0,0.7515657620041752,0.0,0.0,DF,2
Aleksandar Pavlovic,Germany,Germany,MF,22,2004,Bayern Munich,4,4,272.0,3.0,0.0,0.0,0.0,0.0,0.0,0.0,1.0,0.0,0.0,0.0,0.0,0.0,0.0,4.0,1.0,25.0,1.32,0.33,0.0,0.0,68.0,69.7,68.0,1,0,0.0,0,1.75,9.0,4.0,5.0,1.65,0.89,0.0,13.0,4.0,0.0,1.0,2.0,3.0,0.0,0.0,0.0,0.0,0.0,0.0,0.0,0.0,0.0,0.0,0.0,0.0,0.0,0.0,0.0,0.0,0.0,0.0,0.0,0.0,0.0,1.3235294117647058,0.33088235294117646,0.6617647058823529,0.9926470588235294,4.3014705882352935,0.33088235294117646,0.0,MF,2
Antonio Rüdiger,Germany,Germany,DF,33,1993,Real Madrid,4,2,262.0,2.9,0.0,0.0,0.0,0.0,0.0,0.0,0.0,0.0,0.0,0.0,0.0,0.0,0.0,1.0,0.0,0.0,0.34,0.0,0.0,0.0,66.0,67.2,100.0,1,2,32.0,0,1.75,6.0,3.0,3.0,1.03,-1.08,0.0,1.0,0.0,0.0,3.0,0.0,0.0,0.0,0.0,0.0,0.0,0.0,0.0,0.0,0.0,0.0,0.0,0.0,0.0,0.0,0.0,0.0,0.0,0.0,0.0,0.0,0.0,0.0,0.34351145038167935,0.0,0.0,0.0,0.34351145038167935,1.0305343511450382,0.0,DF,2
Felix Nmecha,Germany,Germany,MF,25,2000,Dortmund,4,4,270.0,3.0,1.0,1.0,2.0,1.0,0.0,0.0,0.0,0.0,0.33,0.33,0.67,0.33,0.67,8.0,3.0,37.5,2.67,1.0,0.13,0.33,68.0,69.2,68.0,1,0,0.0,0,1.75,8.0,4.0,4.0,1.33,-0.17,0.0,3.0,3.0,0.0,2.0,2.0,9.0,0.0,0.0,0.0,0.0,0.0,0.0,0.0,0.0,0.0,0.0,0.0,0.0,0.0,0.0,0.0,0.0,0.0,0.0,0.0,0.33333333333333337,0.33333333333333337,2.666666666666667,1.0,0.6666666666666667,3.0,1.0,0.6666666666666667,0.6666666666666667,MF,3
Florian Wirtz,Germany,Germany,MF,23,2003,Liverpool,4,4,361.0,4.0,0.0,3.0,3.0,0.0,0.0,0.0,0.0,0.0,0.0,0.75,0.75,0.0,0.75,10.0,1.0,10.0,2.49,0.25,0.0,0.0,90.0,92.6,90.0,2,0,0.0,0,1.75,11.0,4.0,7.0,1.75,4.85,0.0,1.0,3.0,1.0,13.0,2.0,6.0,0.0,0.0,0.0,0.0,0.0,0.0,0.0,0.0,0.0,0.0,0.0,0.0,0.0,0.0,0.0,0.0,0.0,0.0,0.0,0.0,0.7479224376731303,2.493074792243767,0.24930747922437674,0.4986149584487535,1.4958448753462605,0.24930747922437674,3.2409972299168976,0.7479224376731303,MF,3
Jamal Musiala,Germany,Germany,MF,23,2003,Bayern Munich,4,3,270.0,3.0,1.0,0.0,1.0,1.0,0.0,0.0,1.0,0.0,0.33,0.0,0.33,0.33,0.33,6.0,1.0,16.7,2.0,0.33,0.17,1.0,68.0,69.2,71.0,1,1,58.0,0,1.75,5.0,4.0,1.0,0.33,-3.42,0.0,5.0,11.0,0.0,5.0,1.0,5.0,0.0,0.0,0.0,0.0,0.0,0.0,0.0,0.0,0.0,0.0,0.0,0.0,0.0,0.0,0.0,0.0,0.0,0.0,0.0,0.33333333333333337,0.0,2.0,0.33333333333333337,0.33333333333333337,1.6666666666666665,1.6666666666666665,1.6666666666666665,0.33333333333333337,MF,2
Jonathan Tah,Germany,Germany,DF,30,1996,Bayern Munich,4,4,372.0,4.1,0.0,0.0,0.0,0.0,0.0,0.0,0.0,0.0,0.0,0.0,0.0,0.0,0.0,1.0,1.0,100.0,0.24,0.24,0.0,0.0,93.0,95.4,93.0,3,0,0.0,0,1.75,9.0,5.0,4.0,0.97,-9.03,0.0,5.0,1.0,0.0,1.0,1.0,3.0,0.0,0.0,0.0,0.0,0.0,0.0,0.0,0.0,0.0,0.0,0.0,0.0,0.0,0.0,0.0,0.0,0.0,0.0,0.0,0.0,0.0,0.24193548387096775,0.24193548387096775,0.24193548387096775,0.7258064516129032,1.2096774193548387,0.24193548387096775,0.0,DF,2
Joshua Kimmich,Germany,Germany,DF,31,1995,Bayern Munich,4,4,351.0,3.9,0.0,2.0,2.0,0.0,0.0,0.0,0.0,0.0,0.0,0.51,0.51,0.0,0.51,5.0,1.0,20.0,1.28,0.26,0.0,0.0,88.0,90.0,88.0,2,0,0.0,0,1.75,10.0,4.0,6.0,1.54,1.54,0.0,0.0,7.0,0.0,31.0,4.0,4.0,0.0,0.0,0.0,0.0,0.0,0.0,0.0,0.0,0.0,0.0,0.0,0.0,0.0,0.0,0.0,0.0,0.0,0.0,0.0,0.0,0.5128205128205129,1.2820512820512822,0.25641025641025644,1.0256410256410258,1.0256410256410258,0.0,7.948717948717948,0.5128205128205129,DF,3
Kai Havertz,Germany,Germany,FW,27,1999,Arsenal,4,4,353.0,3.9,3.0,0.0,3.0,2.0,1.0,1.0,1.0,0.0,0.76,0.0,0.76,0.51,0.51,12.0,7.0,58.3,3.06,1.78,0.17,0.29,88.0,90.5,88.0,2,0,0.0,0,1.75,10.0,4.0,6.0,1.53,1.53,0.0,3.0,4.0,1.0,1.0,1.0,2.0,0.0,0.0,0.0,0.0,0.0,0.0,0.0,0.0,0.0,0.0,0.0,0.0,0.0,0.0,0.0,0.0,0.0,0.0,0.0,0.764872521246459,0.0,3.059490084985836,1.7847025495750708,0.254957507082153,0.509915014164306,0.764872521246459,0.254957507082153,0.764872521246459,FW,1
Leroy Sané,Germany,Germany,MF,30,1996,Galatasaray,4,4,326.0,3.6,1.0,0.0,1.0,1.0,0.0,0.0,0.0,0.0,0.28,0.0,0.28,0.28,0.28,6.0,2.0,33.3,1.66,0.55,0.17,0.5,82.0,83.6,82.0,2,0,0.0,0,1.75,9.0,5.0,4.0,1.1,-1.71,0.0,3.0,2.0,1.0,10.0,2.0,3.0,0.0,0.0,0.0,0.0,0.0,0.0,0.0,0.0,0.0,0.0,0.0,0.0,0.0,0.0,0.0,0.0,0.0,0.0,0.0,0.27607361963190186,0.0,1.6564417177914113,0.5521472392638037,0.5521472392638037,0.8282208588957056,0.8282208588957056,2.7607361963190185,0.27607361963190186,MF,2
Nathaniel Brown,Germany,Germany,DF,22,2003,Frankfurt,3,3,282.0,3.1,1.0,1.0,2.0,1.0,0.0,0.0,0.0,0.0,0.32,0.32,0.64,0.32,0.64,3.0,2.0,66.7,0.96,0.64,0.33,0.5,94.0,72.3,94.0,2,0,0.0,0,2.33,8.0,3.0,5.0,1.6,0.76,0.0,4.0,1.0,0.0,17.0,2.0,6.0,0.0,0.0,0.0,0.0,0.0,0.0,0.0,0.0,0.0,0.0,0.0,0.0,0.0,0.0,0.0,0.0,0.0,0.0,0.0,0.3191489361702128,0.3191489361702128,0.9574468085106382,0.6382978723404256,0.6382978723404256,1.9148936170212765,1.2765957446808511,5.425531914893616,0.6382978723404256,DF,3
Antoine Semenyo,Ghana,Ghana,"MF,FW",26,2000,Manchester City,4,4,360.0,4.0,0.0,0.0,0.0,0.0,0.0,0.0,0.0,0.0,0.0,0.0,0.0,0.0,0.0,6.0,0.0,0.0,1.5,0.0,0.0,0.0,90.0,100.0,90.0,4,0,0.0,0,1.0,2.0,3.0,-1.0,-0.25,0.0,0.0,6.0,4.0,4.0,5.0,0.0,2.0,0.0,0.0,0.0,0.0,0.0,0.0,0.0,0.0,0.0,0.0,0.0,0.0,0.0,0.0,0.0,0.0,0.0,0.0,0.0,0.0,0.0,1.5,0.0,0.0,0.5,1.5,1.25,0.0,MF,2
Caleb Yirenkyi,Ghana,Ghana,MF,20,2006,Nordsjælland,4,3,264.0,2.9,1.0,0.0,1.0,1.0,0.0,0.0,2.0,0.0,0.34,0.0,0.34,0.34,0.34,2.0,1.0,50.0,0.68,0.34,0.5,1.0,66.0,73.3,86.0,2,1,6.0,0,1.0,1.0,1.0,0.0,0.0,0.94,0.0,7.0,3.0,0.0,1.0,3.0,1.0,0.0,0.0,0.0,0.0,0.0,0.0,0.0,0.0,0.0,0.0,0.0,0.0,0.0,0.0,0.0,0.0,0.0,0.0,0.0,0.34090909090909094,0.0,0.6818181818181819,0.34090909090909094,1.0227272727272727,0.34090909090909094,2.3863636363636362,0.34090909090909094,0.34090909090909094,MF,2
Derrick Luckassen,Ghana,Ghana,DF,30,1995,Unknown Club,2,2,180.0,2.0,1.0,0.0,1.0,1.0,0.0,0.0,0.0,0.0,0.5,0.0,0.5,0.5,0.5,1.0,1.0,100.0,0.5,0.5,1.0,1.0,90.0,50.0,90.0,2,0,0.0,2,0.0,1.0,3.0,-2.0,-1.0,-1.5,0.0,1.0,2.0,0.0,0.0,0.0,1.0,0.0,0.0,0.0,0.0,0.0,0.0,0.0,0.0,0.0,0.0,0.0,0.0,0.0,0.0,0.0,0.0,0.0,0.0,0.0,0.5,0.0,0.5,0.5,0.0,0.5,0.5,0.0,0.5,DF,2
Gideon Mensah,Ghana,Ghana,DF,27,1998,Auxerre,4,4,360.0,4.0,0.0,0.0,0.0,0.0,0.0,0.0,0.0,0.0,0.0,0.0,0.0,0.0,0.0,0.0,0.0,0.0,0.0,0.0,0.0,0.0,90.0,100.0,90.0,4,0,0.0,0,1.0,2.0,3.0,-1.0,-0.25,0.0,0.0,2.0,3.0,0.0,3.0,8.0,5.0,0.0,0.0,0.0,0.0,0.0,0.0,0.0,0.0,0.0,0.0,0.0,0.0,0.0,0.0,0.0,0.0,0.0,0.0,0.0,0.0,0.0,0.0,0.0,2.0,1.25,0.5,0.75,0.0,DF,0
Jerome Opoku,Ghana,Ghana,DF,27,1998,Başakşehir,3,3,270.0,3.0,0.0,0.0,0.0,0.0,0.0,0.0,0.0,0.0,0.0,0.0,0.0,0.0,0.0,0.0,0.0,0.0,0.0,0.0,0.0,0.0,90.0,75.0,90.0,3,0,0.0,1,1.33,1.0,1.0,0.0,0.0,1.0,0.0,2.0,4.0,0.0,0.0,1.0,2.0,0.0,0.0,0.0,0.0,0.0,0.0,0.0,0.0,0.0,0.0,0.0,0.0,0.0,0.0,0.0,0.0,0.0,0.0,0.0,0.0,0.0,0.0,0.0,0.33333333333333337,0.6666666666666667,0.6666666666666667,0.0,0.0,DF,2
Jonas Adjetey,Ghana,Ghana,DF,22,2003,Wolfsburg,3,3,225.0,2.5,0.0,0.0,0.0,0.0,0.0,0.0,0.0,0.0,0.0,0.0,0.0,0.0,0.0,2.0,1.0,50.0,0.8,0.4,0.0,0.0,75.0,62.5,75.0,2,0,0.0,1,1.33,1.0,1.0,0.0,0.0,0.67,0.0,1.0,0.0,0.0,0.0,1.0,3.0,0.0,0.0,0.0,0.0,0.0,0.0,0.0,0.0,0.0,0.0,0.0,0.0,0.0,0.0,0.0,0.0,0.0,0.0,0.0,0.0,0.0,0.8,0.4,0.4,1.2000000000000002,0.4,0.0,0.0,DF,2
Jordan Ayew,Ghana,Ghana,FW,34,1991,Leicester City,4,4,300.0,3.3,0.0,0.0,0.0,0.0,0.0,0.0,0.0,0.0,0.0,0.0,0.0,0.0,0.0,0.0,0.0,0.0,0.0,0.0,0.0,0.0,75.0,83.3,75.0,0,0,0.0,0,1.0,0.0,2.0,-2.0,-0.6,-2.1,0.0,7.0,7.0,1.0,10.0,1.0,3.0,0.0,0.0,0.0,0.0,0.0,0.0,0.0,0.0,0.0,0.0,0.0,0.0,0.0,0.0,0.0,0.0,0.0,0.0,0.0,0.0,0.0,0.0,0.0,0.30000000000000004,0.9,2.1,3.0,0.0,FW,2
Kwasi Sibo,Ghana,Ghana,MF,27,1998,Oviedo,4,3,248.0,2.8,0.0,0.0,0.0,0.0,0.0,0.0,0.0,0.0,0.0,0.0,0.0,0.0,0.0,0.0,0.0,0.0,0.0,0.0,0.0,0.0,62.0,68.9,78.0,1,1,13.0,0,1.0,2.0,3.0,-1.0,-0.36,-0.36,0.0,7.0,1.0,0.0,0.0,2.0,0.0,0.0,0.0,0.0,0.0,0.0,0.0,0.0,0.0,0.0,0.0,0.0,0.0,0.0,0.0,0.0,0.0,0.0,0.0,0.0,0.0,0.0,0.0,0.0,0.7258064516129032,0.0,2.540322580645161,0.0,0.0,MF,2
Marvin Senaya,Ghana,Ghana,DF,25,2001,Auxerre,4,4,278.0,3.1,0.0,0.0,0.0,0.0,0.0,0.0,0.0,0.0,0.0,0.0,0.0,0.0,0.0,2.0,0.0,0.0,0.65,0.0,0.0,0.0,70.0,77.2,70.0,2,0,0.0,0,1.0,2.0,2.0,0.0,0.0,1.1,0.0,6.0,4.0,0.0,8.0,6.0,12.0,0.0,0.0,0.0,0.0,0.0,0.0,0.0,0.0,0.0,0.0,0.0,0.0,0.0,0.0,0.0,0.0,0.0,0.0,0.0,0.0,0.0,0.6474820143884893,0.0,1.9424460431654678,3.8848920863309355,1.9424460431654678,2.589928057553957,0.0,DF,0
Thomas Partey,Ghana,Ghana,MF,33,1993,Villarreal,3,3,270.0,3.0,0.0,0.0,0.0,0.0,0.0,0.0,0.0,0.0,0.0,0.0,0.0,0.0,0.0,2.0,0.0,0.0,0.67,0.0,0.0,0.0,90.0,75.0,90.0,3,0,0.0,0,0.33,1.0,3.0,-2.0,-0.67,-1.67,0.0,2.0,5.0,0.0,0.0,6.0,4.0,0.0,0.0,0.0,0.0,0.0,0.0,0.0,0.0,0.0,0.0,0.0,0.0,0.0,0.0,0.0,0.0,0.0,0.0,0.0,0.0,0.0,0.6666666666666667,0.0,2.0,1.3333333333333335,0.6666666666666667,0.0,0.0,MF,0
Danley Jean-Jacques,Haiti,Haiti,MF,26,2000,Philadelphia,3,3,259.0,2.9,0.0,0.0,0.0,0.0,0.0,0.0,1.0,0.0,0.0,0.0,0.0,0.0,0.0,0.0,0.0,0.0,0.0,0.0,0.0,0.0,86.0,95.9,86.0,2,0,0.0,0,0.0,2.0,7.0,-5.0,-1.74,6.44,0.0,5.0,3.0,0.0,1.0,3.0,6.0,0.0,0.0,0.0,0.0,0.0,0.0,0.0,0.0,0.0,0.0,0.0,0.0,0.0,0.0,0.0,0.0,0.0,0.0,0.0,0.0,0.0,0.0,0.0,1.0424710424710424,2.0849420849420848,1.7374517374517373,0.3474903474903475,0.0,MF,0
Hannes Delcroix,Haiti,Haiti,DF,27,1999,Lugano,3,3,270.0,3.0,0.0,0.0,0.0,0.0,0.0,0.0,0.0,0.0,0.0,0.0,0.0,0.0,0.0,0.0,0.0,0.0,0.0,0.0,0.0,0.0,90.0,100.0,90.0,3,0,0.0,0,0.0,2.0,8.0,-6.0,-2.0,0.0,0.0,1.0,2.0,0.0,0.0,4.0,3.0,0.0,0.0,0.0,0.0,0.0,0.0,0.0,0.0,0.0,0.0,0.0,0.0,0.0,0.0,0.0,0.0,0.0,0.0,0.0,0.0,0.0,0.0,0.0,1.3333333333333335,1.0,0.33333333333333337,0.0,0.0,DF,0
Jean-Ricner Bellegarde,Haiti,Haiti,MF,27,1998,Wolves,3,3,260.0,2.9,0.0,0.0,0.0,0.0,0.0,0.0,1.0,0.0,0.0,0.0,0.0,0.0,0.0,6.0,0.0,0.0,2.08,0.0,0.0,0.0,87.0,96.3,87.0,2,0,0.0,0,0.0,2.0,8.0,-6.0,-2.08,-2.08,0.0,4.0,5.0,0.0,10.0,3.0,2.0,0.0,0.0,0.0,0.0,0.0,0.0,0.0,0.0,0.0,0.0,0.0,0.0,0.0,0.0,0.0,0.0,0.0,0.0,0.0,0.0,0.0,2.076923076923077,0.0,1.0384615384615385,0.6923076923076923,1.3846153846153846,3.4615384615384617,0.0,MF,2
Josué Casimir,Haiti,Haiti,MF,24,2001,Auxerre,3,2,182.0,2.0,0.0,0.0,0.0,0.0,0.0,0.0,1.0,0.0,0.0,0.0,0.0,0.0,0.0,1.0,0.0,0.0,0.49,0.0,0.0,0.0,61.0,67.4,76.0,1,1,30.0,0,0.0,2.0,7.0,-5.0,-2.47,-1.45,0.0,4.0,4.0,0.0,3.0,0.0,0.0,0.0,0.0,0.0,0.0,0.0,0.0,0.0,0.0,0.0,0.0,0.0,0.0,0.0,0.0,0.0,0.0,0.0,0.0,0.0,0.0,0.0,0.4945054945054945,0.0,0.0,0.0,1.978021978021978,1.4835164835164836,0.0,MF,2
Martin Expérience,Haiti,Haiti,"DF,MF",27,1999,Nancy,3,3,270.0,3.0,0.0,0.0,0.0,0.0,0.0,0.0,0.0,0.0,0.0,0.0,0.0,0.0,0.0,1.0,0.0,0.0,0.33,0.0,0.0,0.0,90.0,100.0,90.0,3,0,0.0,0,0.0,2.0,8.0,-6.0,-2.0,0.0,0.0,7.0,6.0,0.0,6.0,4.0,6.0,0.0,0.0,0.0,0.0,0.0,0.0,0.0,0.0,0.0,0.0,0.0,0.0,0.0,0.0,0.0,0.0,0.0,0.0,0.0,0.0,0.0,0.33333333333333337,0.0,1.3333333333333335,2.0,2.3333333333333335,2.0,0.0,DF,0
Ricardo Adé,Haiti,Haiti,DF,36,1990,LDU Quito,3,3,270.0,3.0,0.0,0.0,0.0,0.0,0.0,0.0,0.0,0.0,0.0,0.0,0.0,0.0,0.0,4.0,1.0,25.0,1.33,0.33,0.0,0.0,90.0,100.0,90.0,3,0,0.0,0,0.0,2.0,8.0,-6.0,-2.0,0.0,0.0,6.0,4.0,0.0,1.0,5.0,2.0,0.0,0.0,0.0,0.0,0.0,0.0,0.0,0.0,0.0,0.0,0.0,0.0,0.0,0.0,0.0,0.0,0.0,0.0,0.0,0.0,0.0,1.3333333333333335,0.33333333333333337,1.6666666666666665,0.6666666666666667,2.0,0.33333333333333337,0.0,DF,0
Ruben Providence,Haiti,Haiti,MF,24,2001,Almere City,3,3,220.0,2.4,0.0,0.0,0.0,0.0,0.0,0.0,0.0,0.0,0.0,0.0,0.0,0.0,0.0,4.0,1.0,25.0,1.64,0.41,0.0,0.0,73.0,81.5,73.0,0,0,0.0,0,0.0,2.0,6.0,-4.0,-1.64,1.96,0.0,3.0,5.0,0.0,6.0,0.0,2.0,0.0,0.0,0.0,0.0,0.0,0.0,0.0,0.0,0.0,0.0,0.0,0.0,0.0,0.0,0.0,0.0,0.0,0.0,0.0,0.0,0.0,1.6363636363636362,0.40909090909090906,0.0,0.8181818181818181,1.2272727272727273,2.4545454545454546,0.0,MF,2
Wilson Isidor,Haiti,Haiti,FW,25,2000,Sunderland,3,2,186.0,2.1,1.0,0.0,1.0,1.0,0.0,0.0,0.0,0.0,0.48,0.0,0.48,0.48,0.48,5.0,2.0,40.0,2.42,0.97,0.2,0.5,62.0,68.9,71.0,0,1,45.0,0,0.0,2.0,3.0,-1.0,-0.48,4.87,0.0,3.0,2.0,1.0,0.0,1.0,1.0,0.0,0.0,0.0,0.0,0.0,0.0,0.0,0.0,0.0,0.0,0.0,0.0,0.0,0.0,0.0,0.0,0.0,0.0,0.0,0.4838709677419355,0.0,2.4193548387096775,0.967741935483871,0.4838709677419355,0.4838709677419355,1.4516129032258065,0.0,0.4838709677419355,FW,1
Ali Nemati,IR Iran,Iran,DF,30,1996,Foolad,3,3,270.0,3.0,0.0,0.0,0.0,0.0,0.0,0.0,1.0,0.0,0.0,0.0,0.0,0.0,0.0,1.0,0.0,0.0,0.33,0.0,0.0,0.0,90.0,100.0,90.0,3,0,0.0,0,1.0,3.0,3.0,0.0,0.0,0.0,0.0,3.0,0.0,1.0,2.0,0.0,2.0,0.0,0.0,0.0,0.0,0.0,0.0,0.0,0.0,0.0,0.0,0.0,0.0,0.0,0.0,0.0,0.0,0.0,0.0,0.0,0.0,0.0,0.33333333333333337,0.0,0.0,0.6666666666666667,1.0,0.6666666666666667,0.0,DF,2
Mehdi Taremi,IR Iran,Iran,FW,33,1992,Olympiacos,3,3,259.0,2.9,0.0,0.0,0.0,0.0,0.0,1.0,0.0,0.0,0.0,0.0,0.0,0.0,0.0,5.0,2.0,40.0,1.74,0.69,0.0,0.0,86.0,95.9,86.0,2,0,0.0,0,1.0,3.0,3.0,0.0,0.0,0.0,0.0,3.0,5.0,2.0,1.0,2.0,2.0,0.0,0.0,0.0,0.0,0.0,0.0,0.0,0.0,0.0,0.0,0.0,0.0,0.0,0.0,0.0,0.0,0.0,0.0,0.0,0.0,0.0,1.7374517374517373,0.694980694980695,0.694980694980695,0.694980694980695,1.0424710424710424,0.3474903474903475,0.0,FW,2
Milad Mohammadi,IR Iran,Iran,DF,32,1993,Persepolis,3,2,205.0,2.3,0.0,0.0,0.0,0.0,0.0,0.0,0.0,0.0,0.0,0.0,0.0,0.0,0.0,1.0,1.0,100.0,0.44,0.44,0.0,0.0,68.0,75.9,90.0,2,1,25.0,0,1.0,3.0,3.0,0.0,0.0,0.0,0.0,1.0,1.0,2.0,3.0,2.0,4.0,0.0,0.0,0.0,0.0,0.0,0.0,0.0,0.0,0.0,0.0,0.0,0.0,0.0,0.0,0.0,0.0,0.0,0.0,0.0,0.0,0.0,0.43902439024390244,0.43902439024390244,0.8780487804878049,1.7560975609756098,0.43902439024390244,1.3170731707317074,0.0,DF,0
Mohammad Mohebi,IR Iran,Iran,MF,27,1998,Rostov,3,3,244.0,2.7,1.0,0.0,1.0,1.0,0.0,0.0,0.0,0.0,0.37,0.0,0.37,0.37,0.37,2.0,1.0,50.0,0.74,0.37,0.5,1.0,81.0,90.4,81.0,1,0,0.0,0,1.0,3.0,3.0,0.0,0.0,0.0,0.0,1.0,1.0,0.0,1.0,1.0,1.0,0.0,0.0,0.0,0.0,0.0,0.0,0.0,0.0,0.0,0.0,0.0,0.0,0.0,0.0,0.0,0.0,0.0,0.0,0.0,0.36885245901639346,0.0,0.7377049180327869,0.36885245901639346,0.36885245901639346,0.36885245901639346,0.36885245901639346,0.36885245901639346,0.36885245901639346,MF,2
Ramin Rezaeian,IR Iran,Iran,"DF,MF",36,1990,Foolad,3,3,270.0,3.0,2.0,1.0,3.0,2.0,0.0,0.0,0.0,0.0,0.67,0.33,1.0,0.67,1.0,4.0,2.0,50.0,1.33,0.67,0.5,1.0,90.0,100.0,90.0,3,0,0.0,0,1.0,3.0,3.0,0.0,0.0,0.0,0.0,2.0,3.0,1.0,18.0,2.0,5.0,0.0,0.0,0.0,0.0,0.0,0.0,0.0,0.0,0.0,0.0,0.0,0.0,0.0,0.0,0.0,0.0,0.0,0.0,0.0,0.6666666666666667,0.33333333333333337,1.3333333333333335,0.6666666666666667,0.6666666666666667,1.6666666666666665,0.6666666666666667,6.0,1.0,DF,3
Saeid Ezatolahi,IR Iran,Iran,MF,29,1996,Unknown Club,3,3,264.0,2.9,0.0,0.0,0.0,0.0,0.0,0.0,2.0,0.0,0.0,0.0,0.0,0.0,0.0,6.0,2.0,33.3,2.05,0.68,0.0,0.0,88.0,97.8,88.0,2,0,0.0,0,1.0,3.0,3.0,0.0,0.0,0.0,0.0,7.0,4.0,0.0,0.0,7.0,5.0,0.0,0.0,0.0,0.0,0.0,0.0,0.0,0.0,0.0,0.0,0.0,0.0,0.0,0.0,0.0,0.0,0.0,0.0,0.0,0.0,0.0,2.0454545454545454,0.6818181818181819,2.3863636363636362,1.7045454545454546,2.3863636363636362,0.0,0.0,MF,0
Saman Ghoddos,IR Iran,Iran,MF,32,1993,Unknown Club,3,3,208.0,2.3,0.0,0.0,0.0,0.0,0.0,0.0,0.0,0.0,0.0,0.0,0.0,0.0,0.0,4.0,0.0,0.0,1.73,0.0,0.0,0.0,69.0,77.0,69.0,0,0,0.0,0,1.0,3.0,3.0,0.0,0.0,0.0,0.0,3.0,0.0,1.0,1.0,5.0,4.0,0.0,0.0,0.0,0.0,0.0,0.0,0.0,0.0,0.0,0.0,0.0,0.0,0.0,0.0,0.0,0.0,0.0,0.0,0.0,0.0,0.0,1.7307692307692308,0.0,2.1634615384615388,1.7307692307692308,1.2980769230769231,0.4326923076923077,0.0,MF,0
Shoja' Khalilzadeh,IR Iran,Iran,DF,37,1989,Tractor,3,3,270.0,3.0,0.0,0.0,0.0,0.0,0.0,0.0,1.0,0.0,0.0,0.0,0.0,0.0,0.0,2.0,0.0,0.0,0.67,0.0,0.0,0.0,90.0,100.0,90.0,3,0,0.0,0,1.0,3.0,3.0,0.0,0.0,0.0,0.0,4.0,0.0,1.0,0.0,3.0,3.0,0.0,0.0,0.0,0.0,0.0,0.0,0.0,0.0,0.0,0.0,0.0,0.0,0.0,0.0,0.0,0.0,0.0,0.0,0.0,0.0,0.0,0.6666666666666667,0.0,1.0,1.0,1.3333333333333335,0.0,0.0,DF,2
Akam Hashim,Iraq,Iraq,DF,27,1998,Unknown Club,3,3,270.0,3.0,0.0,0.0,0.0,0.0,0.0,0.0,0.0,0.0,0.0,0.0,0.0,0.0,0.0,1.0,0.0,0.0,0.33,0.0,0.0,0.0,90.0,100.0,90.0,3,0,0.0,0,0.0,1.0,12.0,-11.0,-3.67,0.0,0.0,0.0,3.0,0.0,0.0,2.0,1.0,0.0,0.0,0.0,0.0,0.0,0.0,0.0,0.0,0.0,0.0,0.0,0.0,0.0,0.0,0.0,0.0,0.0,0.0,0.0,0.0,0.0,0.33333333333333337,0.0,0.6666666666666667,0.33333333333333337,0.0,0.0,0.0,DF,2
Ali Al Hamadi,Iraq,Iraq,FW,24,2002,Ipswich Town,3,2,180.0,2.0,0.0,0.0,0.0,0.0,0.0,0.0,0.0,0.0,0.0,0.0,0.0,0.0,0.0,6.0,0.0,0.0,3.0,0.0,0.0,0.0,60.0,66.7,58.0,0,1,65.0,0,0.0,1.0,6.0,-5.0,-2.5,3.5,0.0,1.0,5.0,0.0,0.0,2.0,2.0,0.0,0.0,0.0,0.0,0.0,0.0,0.0,0.0,0.0,0.0,0.0,0.0,0.0,0.0,0.0,0.0,0.0,0.0,0.0,0.0,0.0,3.0,0.0,1.0,1.0,0.5,0.0,0.0,FW,2
Amir Al Ammari,Iraq,Iraq,MF,28,1997,Cracovia,3,3,247.0,2.7,0.0,1.0,1.0,0.0,0.0,0.0,2.0,0.0,0.0,0.36,0.36,0.0,0.36,0.0,0.0,0.0,0.0,0.0,0.0,0.0,82.0,91.5,82.0,2,0,0.0,0,0.0,1.0,12.0,-11.0,-4.01,-4.01,0.0,3.0,0.0,0.0,8.0,2.0,1.0,0.0,0.0,0.0,0.0,0.0,0.0,0.0,0.0,0.0,0.0,0.0,0.0,0.0,0.0,0.0,0.0,0.0,0.0,0.0,0.0,0.3643724696356275,0.0,0.0,0.728744939271255,0.3643724696356275,1.0931174089068827,2.91497975708502,0.3643724696356275,MF,3
Ibrahim Bayesh,Iraq,Iraq,"MF,FW",26,2000,Unknown Club,3,3,235.0,2.6,0.0,0.0,0.0,0.0,0.0,0.0,0.0,0.0,0.0,0.0,0.0,0.0,0.0,1.0,0.0,0.0,0.38,0.0,0.0,0.0,78.0,87.0,78.0,1,0,0.0,0,0.0,1.0,11.0,-10.0,-3.83,-1.26,0.0,3.0,5.0,0.0,4.0,1.0,4.0,0.0,0.0,0.0,0.0,0.0,0.0,0.0,0.0,0.0,0.0,0.0,0.0,0.0,0.0,0.0,0.0,0.0,0.0,0.0,0.0,0.0,0.3829787234042553,0.0,0.3829787234042553,1.5319148936170213,1.1489361702127658,1.5319148936170213,0.0,MF,2
Merchas Doski,Iraq,Iraq,DF,26,1999,Viktoria Plzeň,3,3,270.0,3.0,0.0,0.0,0.0,0.0,0.0,0.0,1.0,0.0,0.0,0.0,0.0,0.0,0.0,1.0,0.0,0.0,0.33,0.0,0.0,0.0,90.0,100.0,90.0,3,0,0.0,0,0.0,1.0,12.0,-11.0,-3.67,0.0,0.0,3.0,8.0,0.0,4.0,6.0,9.0,0.0,0.0,0.0,0.0,0.0,0.0,0.0,0.0,0.0,0.0,0.0,0.0,0.0,0.0,0.0,0.0,0.0,0.0,0.0,0.0,0.0,0.33333333333333337,0.0,2.0,3.0,1.0,1.3333333333333335,0.0,DF,0
Zidane Iqbal,Iraq,Iraq,MF,23,2003,Utrecht,3,2,188.0,2.1,0.0,0.0,0.0,0.0,0.0,0.0,0.0,0.0,0.0,0.0,0.0,0.0,0.0,0.0,0.0,0.0,0.0,0.0,0.0,0.0,63.0,69.6,78.0,1,1,32.0,0,0.0,0.0,8.0,-8.0,-3.83,-0.54,0.0,1.0,2.0,0.0,2.0,1.0,2.0,0.0,0.0,0.0,0.0,0.0,0.0,0.0,0.0,0.0,0.0,0.0,0.0,0.0,0.0,0.0,0.0,0.0,0.0,0.0,0.0,0.0,0.0,0.0,0.4787234042553191,0.9574468085106382,0.4787234042553191,0.9574468085106382,0.0,MF,2
Ao Tanaka,Japan,Japan,MF,27,1998,Leeds United,3,2,193.0,2.1,0.0,0.0,0.0,0.0,0.0,0.0,0.0,0.0,0.0,0.0,0.0,0.0,0.0,2.0,0.0,0.0,0.93,0.0,0.0,0.0,64.0,53.6,90.0,2,1,13.0,1,1.33,5.0,2.0,3.0,1.4,1.4,0.0,6.0,2.0,0.0,0.0,1.0,6.0,0.0,0.0,0.0,0.0,0.0,0.0,0.0,0.0,0.0,0.0,0.0,0.0,0.0,0.0,0.0,0.0,0.0,0.0,0.0,0.0,0.0,0.9326424870466321,0.0,0.46632124352331605,2.7979274611398965,2.7979274611398965,0.0,0.0,MF,0
Ayase Ueda,Japan,Japan,FW,27,1998,Feyenoord,4,4,321.0,3.6,2.0,1.0,3.0,2.0,0.0,0.0,0.0,0.0,0.56,0.28,0.84,0.56,0.84,9.0,4.0,44.4,2.52,1.12,0.22,0.5,80.0,89.2,80.0,1,0,0.0,0,1.25,7.0,5.0,2.0,0.56,-1.75,0.0,6.0,4.0,1.0,0.0,0.0,1.0,0.0,0.0,0.0,0.0,0.0,0.0,0.0,0.0,0.0,0.0,0.0,0.0,0.0,0.0,0.0,0.0,0.0,0.0,0.0,0.5607476635514018,0.2803738317757009,2.5233644859813085,1.1214953271028036,0.0,0.2803738317757009,1.6822429906542056,0.0,0.8411214953271027,FW,1
Daichi Kamada,Japan,Japan,MF,29,1996,Crystal Palace,4,4,329.0,3.7,2.0,0.0,2.0,2.0,0.0,0.0,1.0,0.0,0.55,0.0,0.55,0.55,0.55,3.0,2.0,66.7,0.82,0.55,0.67,1.0,82.0,91.4,82.0,2,0,0.0,0,1.25,7.0,4.0,3.0,0.82,0.82,0.0,2.0,4.0,1.0,4.0,1.0,3.0,0.0,0.0,0.0,0.0,0.0,0.0,0.0,0.0,0.0,0.0,0.0,0.0,0.0,0.0,0.0,0.0,0.0,0.0,0.0,0.547112462006079,0.0,0.8206686930091185,0.547112462006079,0.2735562310030395,0.8206686930091185,0.547112462006079,1.094224924012158,0.547112462006079,MF,2
Daizen Maeda,Japan,Japan,MF,28,1997,Celtic,3,3,244.0,2.7,1.0,0.0,1.0,1.0,0.0,0.0,0.0,0.0,0.37,0.0,0.37,0.37,0.37,2.0,1.0,50.0,0.74,0.37,0.5,1.0,81.0,67.8,81.0,1,0,0.0,1,0.67,3.0,4.0,-1.0,-0.37,-3.47,0.0,2.0,1.0,1.0,3.0,2.0,3.0,0.0,0.0,0.0,0.0,0.0,0.0,0.0,0.0,0.0,0.0,0.0,0.0,0.0,0.0,0.0,0.0,0.0,0.0,0.0,0.36885245901639346,0.0,0.7377049180327869,0.36885245901639346,0.7377049180327869,1.1065573770491803,0.7377049180327869,1.1065573770491803,0.36885245901639346,MF,2
Hiroki Ito,Japan,Japan,DF,27,1999,Bayern Munich,4,4,360.0,4.0,0.0,0.0,0.0,0.0,0.0,0.0,0.0,0.0,0.0,0.0,0.0,0.0,0.0,1.0,0.0,0.0,0.25,0.0,0.0,0.0,90.0,100.0,90.0,4,0,0.0,0,1.25,8.0,5.0,3.0,0.75,0.0,0.0,7.0,0.0,0.0,9.0,0.0,2.0,0.0,0.0,0.0,0.0,0.0,0.0,0.0,0.0,0.0,0.0,0.0,0.0,0.0,0.0,0.0,0.0,0.0,0.0,0.0,0.0,0.0,0.25,0.0,0.0,0.5,1.75,2.25,0.0,DF,2
Junya Itō,Japan,Japan,MF,33,1993,Genk,4,2,216.0,2.4,1.0,0.0,1.0,1.0,0.0,0.0,0.0,0.0,0.42,0.0,0.42,0.42,0.42,3.0,1.0,33.3,1.25,0.42,0.33,1.0,54.0,60.0,84.0,1,2,25.0,0,1.25,6.0,1.0,5.0,2.08,3.33,0.0,2.0,5.0,0.0,17.0,1.0,2.0,0.0,0.0,0.0,0.0,0.0,0.0,0.0,0.0,0.0,0.0,0.0,0.0,0.0,0.0,0.0,0.0,0.0,0.0,0.0,0.41666666666666663,0.0,1.25,0.41666666666666663,0.41666666666666663,0.8333333333333333,0.8333333333333333,7.083333333333334,0.41666666666666663,MF,3
Kaishū Sano,Japan,Japan,MF,25,2000,Mainz 05,3,3,270.0,3.0,1.0,1.0,2.0,1.0,0.0,0.0,1.0,0.0,0.33,0.33,0.67,0.33,0.67,1.0,1.0,100.0,0.33,0.33,1.0,1.0,90.0,75.0,90.0,3,0,0.0,1,1.33,7.0,4.0,3.0,1.0,1.0,0.0,4.0,1.0,0.0,1.0,4.0,2.0,0.0,0.0,0.0,0.0,0.0,0.0,0.0,0.0,0.0,0.0,0.0,0.0,0.0,0.0,0.0,0.0,0.0,0.0,0.0,0.33333333333333337,0.33333333333333337,0.33333333333333337,0.33333333333333337,1.3333333333333335,0.6666666666666667,1.3333333333333335,0.33333333333333337,0.6666666666666667,MF,2
Keito Nakamura,Japan,Japan,MF,25,2000,Reims,4,4,307.0,3.4,1.0,1.0,2.0,1.0,0.0,0.0,0.0,0.0,0.29,0.29,0.59,0.29,0.59,5.0,2.0,40.0,1.47,0.59,0.2,0.5,77.0,85.3,77.0,1,0,0.0,0,1.25,7.0,4.0,3.0,0.88,0.88,0.0,3.0,1.0,1.0,9.0,1.0,3.0,0.0,0.0,0.0,0.0,0.0,0.0,0.0,0.0,0.0,0.0,0.0,0.0,0.0,0.0,0.0,0.0,0.0,0.0,0.0,0.2931596091205212,0.2931596091205212,1.4657980456026058,0.5863192182410424,0.2931596091205212,0.8794788273615635,0.8794788273615635,2.6384364820846904,0.5863192182410424,MF,3
Ritsu Doan,Japan,Japan,MF,27,1998,Frankfurt,4,4,278.0,3.1,0.0,1.0,1.0,0.0,0.0,0.0,0.0,0.0,0.0,0.32,0.32,0.0,0.32,1.0,0.0,0.0,0.32,0.0,0.0,0.0,70.0,77.2,70.0,0,0,0.0,0,1.25,6.0,4.0,2.0,0.65,-0.45,0.0,6.0,4.0,0.0,5.0,1.0,1.0,0.0,0.0,0.0,0.0,0.0,0.0,0.0,0.0,0.0,0.0,0.0,0.0,0.0,0.0,0.0,0.0,0.0,0.0,0.0,0.0,0.32374100719424465,0.32374100719424465,0.0,0.32374100719424465,0.32374100719424465,1.9424460431654678,1.618705035971223,0.32374100719424465,MF,2
Shogo Taniguchi,Japan,Japan,DF,34,1991,Sint-Truiden,3,2,232.0,2.6,0.0,0.0,0.0,0.0,0.0,0.0,1.0,0.0,0.0,0.0,0.0,0.0,0.0,0.0,0.0,0.0,0.0,0.0,0.0,0.0,77.0,64.4,90.0,2,1,52.0,1,0.67,4.0,5.0,-1.0,-0.39,-3.2,0.0,2.0,1.0,0.0,0.0,1.0,0.0,0.0,0.0,0.0,0.0,0.0,0.0,0.0,0.0,0.0,0.0,0.0,0.0,0.0,0.0,0.0,0.0,0.0,0.0,0.0,0.0,0.0,0.0,0.0,0.3879310344827586,0.0,0.7758620689655172,0.0,0.0,DF,2
Takehiro Tomiyasu,Japan,Japan,DF,27,1998,Ajax,3,2,184.0,2.0,0.0,0.0,0.0,0.0,0.0,0.0,0.0,0.0,0.0,0.0,0.0,0.0,0.0,1.0,0.0,0.0,0.49,0.0,0.0,0.0,61.0,51.1,84.0,1,1,16.0,1,1.33,5.0,2.0,3.0,1.47,1.47,0.0,5.0,2.0,0.0,2.0,2.0,1.0,0.0,0.0,0.0,0.0,0.0,0.0,0.0,0.0,0.0,0.0,0.0,0.0,0.0,0.0,0.0,0.0,0.0,0.0,0.0,0.0,0.0,0.4891304347826087,0.0,0.9782608695652174,0.4891304347826087,2.4456521739130435,0.9782608695652174,0.0,DF,2
Abdallah Nasib,Jordan,Jordan,DF,32,1994,Unknown Club,3,3,260.0,2.9,0.0,0.0,0.0,0.0,0.0,0.0,0.0,0.0,0.0,0.0,0.0,0.0,0.0,0.0,0.0,0.0,0.0,0.0,0.0,0.0,87.0,96.3,87.0,2,0,0.0,0,0.0,3.0,7.0,-4.0,-1.38,7.62,0.0,1.0,1.0,0.0,0.0,7.0,3.0,0.0,0.0,0.0,0.0,0.0,0.0,0.0,0.0,0.0,0.0,0.0,0.0,0.0,0.0,0.0,0.0,0.0,0.0,0.0,0.0,0.0,0.0,0.0,2.4230769230769234,1.0384615384615385,0.34615384615384615,0.0,0.0,DF,0
Ali Olwan,Jordan,Jordan,MF,26,2000,Unknown Club,3,3,268.0,3.0,1.0,0.0,1.0,1.0,0.0,0.0,0.0,0.0,0.34,0.0,0.34,0.34,0.34,6.0,3.0,50.0,2.01,1.01,0.17,0.33,89.0,99.3,89.0,1,0,0.0,0,0.0,3.0,8.0,-5.0,-1.68,-1.68,0.0,1.0,4.0,1.0,5.0,1.0,0.0,0.0,0.0,0.0,0.0,0.0,0.0,0.0,0.0,0.0,0.0,0.0,0.0,0.0,0.0,0.0,0.0,0.0,0.0,0.0,0.33582089552238803,0.0,2.014925373134328,1.007462686567164,0.33582089552238803,0.0,0.33582089552238803,1.6791044776119401,0.33582089552238803,MF,1
Ihsan Haddad,Jordan,Jordan,DF,32,1994,Unknown Club,3,3,260.0,2.9,0.0,1.0,1.0,0.0,0.0,0.0,0.0,0.0,0.0,0.35,0.35,0.0,0.35,1.0,0.0,0.0,0.35,0.0,0.0,0.0,87.0,96.3,87.0,2,0,0.0,0,0.0,3.0,7.0,-4.0,-1.38,7.62,0.0,3.0,1.0,0.0,8.0,2.0,1.0,0.0,0.0,0.0,0.0,0.0,0.0,0.0,0.0,0.0,0.0,0.0,0.0,0.0,0.0,0.0,0.0,0.0,0.0,0.0,0.0,0.34615384615384615,0.34615384615384615,0.0,0.6923076923076923,0.34615384615384615,1.0384615384615385,2.769230769230769,0.34615384615384615,DF,3
Mohannad Abu Taha,Jordan,Jordan,DF,23,2003,Unknown Club,3,3,264.0,2.9,0.0,0.0,0.0,0.0,0.0,0.0,1.0,0.0,0.0,0.0,0.0,0.0,0.0,1.0,0.0,0.0,0.34,0.0,0.0,0.0,88.0,97.8,88.0,2,0,0.0,0,0.0,3.0,8.0,-5.0,-1.7,-1.7,0.0,2.0,1.0,0.0,5.0,6.0,2.0,0.0,0.0,0.0,0.0,0.0,0.0,0.0,0.0,0.0,0.0,0.0,0.0,0.0,0.0,0.0,0.0,0.0,0.0,0.0,0.0,0.0,0.34090909090909094,0.0,2.0454545454545454,0.6818181818181819,0.6818181818181819,1.7045454545454546,0.0,DF,0
Musa Al-Taamari,Jordan,Jordan,FW,29,1997,Rennes,3,2,215.0,2.4,1.0,1.0,2.0,1.0,0.0,0.0,0.0,0.0,0.42,0.42,0.84,0.42,0.84,8.0,3.0,37.5,3.35,1.26,0.13,0.33,72.0,79.6,85.0,0,1,45.0,0,0.0,3.0,5.0,-2.0,-0.84,4.07,0.0,2.0,3.0,1.0,0.0,0.0,0.0,0.0,0.0,0.0,0.0,0.0,0.0,0.0,0.0,0.0,0.0,0.0,0.0,0.0,0.0,0.0,0.0,0.0,0.0,0.0,0.41860465116279066,0.41860465116279066,3.3488372093023253,1.255813953488372,0.0,0.0,0.8372093023255813,0.0,0.8372093023255813,FW,1
Nizar Al Rashdan,Jordan,Jordan,MF,27,1999,Unknown Club,3,3,255.0,2.8,1.0,0.0,1.0,1.0,0.0,0.0,0.0,0.0,0.35,0.0,0.35,0.35,0.35,2.0,1.0,50.0,0.71,0.35,0.5,1.0,85.0,94.4,85.0,2,0,0.0,0,0.0,3.0,7.0,-4.0,-1.41,4.59,0.0,5.0,4.0,0.0,0.0,2.0,5.0,0.0,0.0,0.0,0.0,0.0,0.0,0.0,0.0,0.0,0.0,0.0,0.0,0.0,0.0,0.0,0.0,0.0,0.0,0.0,0.3529411764705882,0.0,0.7058823529411764,0.3529411764705882,0.7058823529411764,1.7647058823529411,1.7647058823529411,0.0,0.3529411764705882,MF,0
Noor Al Rawabdeh,Jordan,Jordan,MF,29,1997,Unknown Club,3,3,270.0,3.0,0.0,1.0,1.0,0.0,0.0,0.0,0.0,0.0,0.0,0.33,0.33,0.0,0.33,1.0,0.0,0.0,0.33,0.0,0.0,0.0,90.0,100.0,90.0,3,0,0.0,0,0.0,3.0,8.0,-5.0,-1.67,0.0,0.0,1.0,0.0,0.0,0.0,2.0,7.0,0.0,0.0,0.0,0.0,0.0,0.0,0.0,0.0,0.0,0.0,0.0,0.0,0.0,0.0,0.0,0.0,0.0,0.0,0.0,0.0,0.33333333333333337,0.33333333333333337,0.0,0.6666666666666667,2.3333333333333335,0.33333333333333337,0.0,0.33333333333333337,MF,0
Yazan Al-Arab,Jordan,Jordan,DF,30,1996,FC Seoul,3,3,270.0,3.0,0.0,0.0,0.0,0.0,0.0,0.0,1.0,0.0,0.0,0.0,0.0,0.0,0.0,0.0,0.0,0.0,0.0,0.0,0.0,0.0,90.0,100.0,90.0,3,0,0.0,0,0.0,3.0,8.0,-5.0,-1.67,0.0,0.0,4.0,0.0,0.0,0.0,11.0,1.0,1.0,0.0,0.0,0.0,0.0,0.0,0.0,0.0,0.0,0.0,0.0,0.0,0.0,0.0,0.0,0.0,0.0,0.0,0.0,0.0,0.0,0.0,0.0,3.666666666666667,0.33333333333333337,1.3333333333333335,0.0,0.0,DF,0
Hwang In-beom,Korea Republic,Korea Republic,MF,29,1996,Feyenoord,3,3,263.0,2.9,1.0,1.0,2.0,1.0,0.0,0.0,0.0,0.0,0.34,0.34,0.68,0.34,0.68,4.0,2.0,50.0,1.37,0.68,0.25,0.5,88.0,97.4,88.0,2,0,0.0,0,1.0,2.0,3.0,-1.0,-0.34,-0.34,0.0,1.0,1.0,0.0,2.0,4.0,2.0,0.0,0.0,0.0,0.0,0.0,0.0,0.0,0.0,0.0,0.0,0.0,0.0,0.0,0.0,0.0,0.0,0.0,0.0,0.0,0.34220532319391633,0.34220532319391633,1.3688212927756653,0.6844106463878327,1.3688212927756653,0.6844106463878327,0.34220532319391633,0.6844106463878327,0.6844106463878327,MF,3
Kim Min-jae,Korea Republic,Korea Republic,DF,29,1996,Bayern Munich,3,3,245.0,2.7,0.0,0.0,0.0,0.0,0.0,0.0,0.0,0.0,0.0,0.0,0.0,0.0,0.0,1.0,1.0,100.0,0.37,0.37,0.0,0.0,82.0,90.7,82.0,2,0,0.0,0,1.0,2.0,3.0,-1.0,-0.37,-0.37,0.0,2.0,1.0,0.0,0.0,2.0,2.0,0.0,0.0,0.0,0.0,0.0,0.0,0.0,0.0,0.0,0.0,0.0,0.0,0.0,0.0,0.0,0.0,0.0,0.0,0.0,0.0,0.0,0.3673469387755102,0.3673469387755102,0.7346938775510204,0.7346938775510204,0.7346938775510204,0.0,0.0,DF,2
Lee Gi-hyuk,Korea Republic,Korea Republic,DF,25,2000,Gangwon FC,3,3,270.0,3.0,0.0,0.0,0.0,0.0,0.0,0.0,1.0,0.0,0.0,0.0,0.0,0.0,0.0,0.0,0.0,0.0,0.0,0.0,0.0,0.0,90.0,100.0,90.0,3,0,0.0,0,1.0,2.0,3.0,-1.0,-0.33,0.0,0.0,2.0,1.0,0.0,2.0,5.0,4.0,0.0,0.0,0.0,0.0,0.0,0.0,0.0,0.0,0.0,0.0,0.0,0.0,0.0,0.0,0.0,0.0,0.0,0.0,0.0,0.0,0.0,0.0,0.0,1.6666666666666665,1.3333333333333335,0.6666666666666667,0.6666666666666667,0.0,DF,0
Lee Han-beom,Korea Republic,Korea Republic,DF,23,2002,Midtjylland,3,3,270.0,3.0,0.0,0.0,0.0,0.0,0.0,0.0,0.0,0.0,0.0,0.0,0.0,0.0,0.0,2.0,0.0,0.0,0.67,0.0,0.0,0.0,90.0,100.0,90.0,3,0,0.0,0,1.0,2.0,3.0,-1.0,-0.33,0.0,0.0,7.0,2.0,0.0,2.0,3.0,2.0,0.0,0.0,0.0,0.0,0.0,0.0,0.0,0.0,0.0,0.0,0.0,0.0,0.0,0.0,0.0,0.0,0.0,0.0,0.0,0.0,0.0,0.6666666666666667,0.0,1.0,0.6666666666666667,2.3333333333333335,0.6666666666666667,0.0,DF,2
Lee Kang-in,Korea Republic,Korea Republic,FW,25,2001,PSG,3,3,270.0,3.0,0.0,1.0,1.0,0.0,0.0,0.0,1.0,0.0,0.0,0.33,0.33,0.0,0.33,4.0,1.0,25.0,1.33,0.33,0.0,0.0,90.0,100.0,90.0,3,0,0.0,0,1.0,2.0,3.0,-1.0,-0.33,0.0,0.0,1.0,7.0,0.0,19.0,0.0,0.0,0.0,0.0,0.0,0.0,0.0,0.0,0.0,0.0,0.0,0.0,0.0,0.0,0.0,0.0,0.0,0.0,0.0,0.0,0.0,0.0,0.33333333333333337,1.3333333333333335,0.33333333333333337,0.0,0.0,0.33333333333333337,6.333333333333334,0.33333333333333337,FW,3
Paik Seung-ho,Korea Republic,Korea Republic,MF,29,1997,Birmingham City,3,3,204.0,2.3,0.0,0.0,0.0,0.0,0.0,0.0,1.0,0.0,0.0,0.0,0.0,0.0,0.0,0.0,0.0,0.0,0.0,0.0,0.0,0.0,68.0,75.6,68.0,0,0,0.0,0,1.0,2.0,2.0,0.0,0.0,1.36,0.0,1.0,2.0,0.0,1.0,1.0,0.0,0.0,0.0,0.0,0.0,0.0,0.0,0.0,0.0,0.0,0.0,0.0,0.0,0.0,0.0,0.0,0.0,0.0,0.0,0.0,0.0,0.0,0.0,0.0,0.4411764705882353,0.0,0.4411764705882353,0.4411764705882353,0.0,MF,2
Seol Young-woo,Korea Republic,Korea Republic,MF,27,1998,Red Star,3,3,250.0,2.8,0.0,0.0,0.0,0.0,0.0,0.0,0.0,0.0,0.0,0.0,0.0,0.0,0.0,2.0,0.0,0.0,0.72,0.0,0.0,0.0,83.0,92.6,83.0,2,0,0.0,0,1.0,2.0,3.0,-1.0,-0.36,-0.36,0.0,1.0,2.0,4.0,9.0,1.0,0.0,0.0,0.0,0.0,0.0,0.0,0.0,0.0,0.0,0.0,0.0,0.0,0.0,0.0,0.0,0.0,0.0,0.0,0.0,0.0,0.0,0.0,0.72,0.0,0.36,0.0,0.36,3.2399999999999998,0.0,MF,2
Brian Gutiérrez,Mexico,Mexico,MF,22,2003,Guadalajara,4,2,198.0,2.2,0.0,0.0,0.0,0.0,0.0,0.0,1.0,0.0,0.0,0.0,0.0,0.0,0.0,6.0,0.0,0.0,2.73,0.0,0.0,0.0,50.0,44.0,68.0,0,2,32.0,1,2.25,3.0,0.0,3.0,1.36,-0.06,0.0,5.0,3.0,0.0,5.0,2.0,1.0,0.0,0.0,0.0,0.0,0.0,0.0,0.0,0.0,0.0,0.0,0.0,0.0,0.0,0.0,0.0,0.0,0.0,0.0,0.0,0.0,0.0,2.7272727272727275,0.0,0.9090909090909092,0.4545454545454546,2.2727272727272725,2.2727272727272725,0.0,MF,2
César Montes,Mexico,Mexico,DF,29,1997,Loko Moscow,4,4,314.0,3.5,0.0,0.0,0.0,0.0,0.0,0.0,0.0,1.0,0.0,0.0,0.0,0.0,0.0,1.0,1.0,100.0,0.29,0.29,0.0,0.0,79.0,69.8,79.0,2,0,0.0,0,2.25,8.0,2.0,6.0,1.72,1.06,0.0,4.0,3.0,0.0,2.0,2.0,1.0,0.0,0.0,0.0,0.0,0.0,0.0,0.0,0.0,0.0,0.0,0.0,0.0,0.0,0.0,0.0,0.0,0.0,0.0,0.0,0.0,0.0,0.28662420382165604,0.28662420382165604,0.5732484076433121,0.28662420382165604,1.1464968152866242,0.5732484076433121,0.0,DF,2
Edson Álvarez,Mexico,Mexico,"MF,DF",28,1997,West Ham,4,2,240.0,2.7,0.0,0.0,0.0,0.0,0.0,0.0,1.0,0.0,0.0,0.0,0.0,0.0,0.0,2.0,0.0,0.0,0.75,0.0,0.0,0.0,60.0,53.3,90.0,2,2,30.0,1,2.25,5.0,1.0,4.0,1.5,0.21,0.0,5.0,2.0,0.0,1.0,3.0,6.0,0.0,0.0,0.0,0.0,0.0,0.0,0.0,0.0,0.0,0.0,0.0,0.0,0.0,0.0,0.0,0.0,0.0,0.0,0.0,0.0,0.0,0.75,0.0,1.125,2.25,1.875,0.375,0.0,DF,0
Erik Lira,Mexico,Mexico,MF,26,2000,Cruz Azul,4,4,345.0,3.8,0.0,1.0,1.0,0.0,0.0,0.0,0.0,0.0,0.0,0.26,0.26,0.0,0.26,0.0,0.0,0.0,0.0,0.0,0.0,0.0,86.0,76.7,86.0,3,0,0.0,1,2.25,7.0,3.0,4.0,1.04,-1.53,0.0,3.0,4.0,0.0,2.0,2.0,3.0,0.0,0.0,0.0,0.0,0.0,0.0,0.0,0.0,0.0,0.0,0.0,0.0,0.0,0.0,0.0,0.0,0.0,0.0,0.0,0.0,0.2608695652173913,0.0,0.0,0.5217391304347826,0.782608695652174,0.782608695652174,0.5217391304347826,0.2608695652173913,MF,2
Gilberto Mora,Mexico,Mexico,MF,17,2008,Tijuana,4,3,213.0,2.4,0.0,0.0,0.0,0.0,0.0,0.0,0.0,0.0,0.0,0.0,0.0,0.0,0.0,5.0,0.0,0.0,2.11,0.0,0.0,0.0,53.0,47.3,63.0,0,1,25.0,1,2.25,6.0,3.0,3.0,1.27,-0.25,0.0,3.0,3.0,0.0,4.0,2.0,2.0,0.0,0.0,0.0,0.0,0.0,0.0,0.0,0.0,0.0,0.0,0.0,0.0,0.0,0.0,0.0,0.0,0.0,0.0,0.0,0.0,0.0,2.112676056338028,0.0,0.8450704225352113,0.8450704225352113,1.267605633802817,1.6901408450704225,0.0,MF,2
Israel Reyes,Mexico,Mexico,DF,26,2000,América,4,2,202.0,2.2,0.0,0.0,0.0,0.0,0.0,0.0,0.0,0.0,0.0,0.0,0.0,0.0,0.0,2.0,0.0,0.0,0.89,0.0,0.0,0.0,51.0,44.9,90.0,2,2,11.0,1,3.0,5.0,0.0,5.0,2.23,1.5,0.0,1.0,0.0,0.0,2.0,3.0,1.0,0.0,0.0,0.0,0.0,0.0,0.0,0.0,0.0,0.0,0.0,0.0,0.0,0.0,0.0,0.0,0.0,0.0,0.0,0.0,0.0,0.0,0.8910891089108911,0.0,1.3366336633663365,0.44554455445544555,0.44554455445544555,0.8910891089108911,0.0,DF,2
Jesús Gallardo,Mexico,Mexico,DF,31,1994,Toluca,5,4,373.0,4.1,0.0,0.0,0.0,0.0,0.0,0.0,0.0,0.0,0.0,0.0,0.0,0.0,0.0,4.0,0.0,0.0,0.97,0.0,0.0,0.0,75.0,82.9,90.0,4,1,13.0,0,2.4,8.0,3.0,5.0,1.21,-1.13,0.0,7.0,3.0,0.0,16.0,7.0,1.0,0.0,0.0,0.0,0.0,0.0,0.0,0.0,0.0,0.0,0.0,0.0,0.0,0.0,0.0,0.0,0.0,0.0,0.0,0.0,0.0,0.0,0.9651474530831099,0.0,1.6890080428954422,0.24128686327077747,1.6890080428954422,3.8605898123324396,0.0,DF,2
Johan Vásquez,Mexico,Mexico,DF,27,1998,Genoa,4,4,360.0,4.0,0.0,0.0,0.0,0.0,0.0,0.0,1.0,0.0,0.0,0.0,0.0,0.0,0.0,1.0,0.0,0.0,0.25,0.0,0.0,0.0,90.0,80.0,90.0,4,0,0.0,1,2.25,7.0,3.0,4.0,1.0,-2.0,0.0,0.0,2.0,0.0,1.0,2.0,1.0,0.0,0.0,0.0,0.0,0.0,0.0,0.0,0.0,0.0,0.0,0.0,0.0,0.0,0.0,0.0,0.0,0.0,0.0,0.0,0.0,0.0,0.25,0.0,0.5,0.25,0.0,0.25,0.0,DF,2
Jorge Sánchez,Mexico,Mexico,DF,28,1997,PAOK,4,4,348.0,3.9,0.0,1.0,1.0,0.0,0.0,0.0,1.0,0.0,0.0,0.26,0.26,0.0,0.26,1.0,1.0,100.0,0.26,0.26,0.0,0.0,87.0,77.3,87.0,3,0,0.0,1,2.25,8.0,3.0,5.0,1.29,-0.47,0.0,5.0,1.0,1.0,6.0,5.0,4.0,0.0,0.0,0.0,0.0,0.0,0.0,0.0,0.0,0.0,0.0,0.0,0.0,0.0,0.0,0.0,0.0,0.0,0.0,0.0,0.0,0.25862068965517243,0.25862068965517243,0.25862068965517243,1.293103448275862,1.0344827586206897,1.293103448275862,1.5517241379310345,0.25862068965517243,DF,0
Julián Quiñones,Mexico,Mexico,"FW,MF",29,1997,Al-Qadsiah,5,5,410.0,4.6,4.0,1.0,5.0,4.0,0.0,0.0,0.0,0.0,0.88,0.22,1.1,0.88,1.1,14.0,6.0,42.9,3.07,1.32,0.29,0.67,82.0,91.1,82.0,1,0,0.0,0,2.4,10.0,3.0,7.0,1.54,1.54,0.0,5.0,7.0,1.0,3.0,0.0,0.0,0.0,0.0,0.0,0.0,0.0,0.0,0.0,0.0,0.0,0.0,0.0,0.0,0.0,0.0,0.0,0.0,0.0,0.0,0.0,0.8780487804878049,0.21951219512195122,3.073170731707317,1.3170731707317074,0.0,0.0,1.0975609756097562,0.6585365853658537,1.0975609756097562,MF,1
Luis Romo,Mexico,Mexico,MF,31,1995,Guadalajara,4,4,264.0,2.9,1.0,1.0,2.0,1.0,0.0,0.0,0.0,0.0,0.34,0.34,0.68,0.34,0.68,3.0,1.0,33.3,1.02,0.34,0.33,1.0,66.0,58.7,66.0,0,0,0.0,1,2.25,6.0,3.0,3.0,1.02,-0.91,0.0,1.0,3.0,0.0,1.0,4.0,4.0,0.0,0.0,0.0,0.0,0.0,0.0,0.0,0.0,0.0,0.0,0.0,0.0,0.0,0.0,0.0,0.0,0.0,0.0,0.0,0.34090909090909094,0.34090909090909094,1.0227272727272727,0.34090909090909094,1.3636363636363638,1.3636363636363638,0.34090909090909094,0.34090909090909094,0.6818181818181819,MF,0
Raúl Jiménez,Mexico,Mexico,FW,35,1991,Fulham,4,4,317.0,3.5,3.0,0.0,3.0,2.0,1.0,1.0,0.0,0.0,0.85,0.0,0.85,0.57,0.57,18.0,7.0,38.9,5.11,1.99,0.11,0.29,79.0,70.4,79.0,1,0,0.0,1,2.25,7.0,3.0,4.0,1.14,-0.89,0.0,7.0,2.0,2.0,0.0,0.0,1.0,0.0,0.0,0.0,0.0,0.0,0.0,0.0,0.0,0.0,0.0,0.0,0.0,0.0,0.0,0.0,0.0,0.0,0.0,0.0,0.8517350157728707,0.0,5.110410094637224,1.9873817034700316,0.0,0.28391167192429023,1.9873817034700316,0.0,0.8517350157728707,FW,1
Roberto Alvarado,Mexico,Mexico,"FW,MF",27,1998,Guadalajara,5,5,428.0,4.8,0.0,3.0,3.0,0.0,0.0,0.0,0.0,0.0,0.0,0.63,0.63,0.0,0.63,5.0,0.0,0.0,1.05,0.0,0.0,0.0,86.0,95.1,86.0,3,0,0.0,0,2.4,10.0,3.0,7.0,1.47,1.47,0.0,3.0,5.0,1.0,36.0,2.0,3.0,0.0,0.0,0.0,0.0,0.0,0.0,0.0,0.0,0.0,0.0,0.0,0.0,0.0,0.0,0.0,0.0,0.0,0.0,0.0,0.0,0.6308411214953271,1.0514018691588785,0.0,0.4205607476635514,0.6308411214953271,0.6308411214953271,7.5700934579439245,0.6308411214953271,MF,3
Achraf Hakimi,Morocco,Morocco,DF,27,1998,PSG,6,6,570.0,6.3,1.0,2.0,3.0,1.0,0.0,0.0,1.0,0.0,0.16,0.32,0.47,0.16,0.47,14.0,4.0,28.6,2.21,0.63,0.07,0.25,95.0,100.0,95.0,6,0,0.0,0,1.83,10.0,6.0,4.0,0.63,0.0,0.0,7.0,16.0,0.0,35.0,5.0,10.0,0.0,0.0,0.0,0.0,0.0,0.0,0.0,0.0,0.0,0.0,0.0,0.0,0.0,0.0,0.0,0.0,0.0,0.0,0.0,0.15789473684210525,0.3157894736842105,2.210526315789474,0.631578947368421,0.7894736842105263,1.5789473684210527,1.105263157894737,5.526315789473684,0.47368421052631576,DF,3
Anass Salah-Eddine,Morocco,Morocco,DF,24,2002,PSV,4,2,212.0,2.4,0.0,0.0,0.0,0.0,0.0,0.0,0.0,0.0,0.0,0.0,0.0,0.0,0.0,1.0,0.0,0.0,0.42,0.0,0.0,0.0,53.0,37.2,78.0,0,2,29.0,2,1.25,4.0,4.0,0.0,0.0,-1.01,0.0,3.0,2.0,0.0,3.0,0.0,5.0,0.0,0.0,0.0,0.0,0.0,0.0,0.0,0.0,0.0,0.0,0.0,0.0,0.0,0.0,0.0,0.0,0.0,0.0,0.0,0.0,0.0,0.4245283018867924,0.0,0.0,2.1226415094339623,1.2735849056603774,1.2735849056603774,0.0,DF,2
Ayyoub Bouaddi,Morocco,Morocco,MF,18,2007,Lille,5,5,381.0,4.2,0.0,0.0,0.0,0.0,0.0,0.0,0.0,0.0,0.0,0.0,0.0,0.0,0.0,3.0,0.0,0.0,0.71,0.0,0.0,0.0,76.0,66.8,76.0,2,0,0.0,1,1.6,3.0,3.0,0.0,0.0,-1.9,0.0,3.0,6.0,0.0,0.0,1.0,3.0,0.0,0.0,0.0,0.0,0.0,0.0,0.0,0.0,0.0,0.0,0.0,0.0,0.0,0.0,0.0,0.0,0.0,0.0,0.0,0.0,0.0,0.7086614173228346,0.0,0.23622047244094488,0.7086614173228346,0.7086614173228346,0.0,0.0,MF,2
Azzedine Ounahi,Morocco,Morocco,MF,26,2000,Girona,6,5,435.0,4.8,2.0,0.0,2.0,2.0,0.0,0.0,1.0,0.0,0.41,0.0,0.41,0.41,0.41,5.0,3.0,60.0,1.03,0.62,0.4,0.67,73.0,76.3,83.0,1,1,21.0,0,1.83,6.0,4.0,2.0,0.41,-0.92,0.0,3.0,7.0,0.0,4.0,1.0,1.0,0.0,0.0,0.0,0.0,0.0,0.0,0.0,0.0,0.0,0.0,0.0,0.0,0.0,0.0,0.0,0.0,0.0,0.0,0.0,0.41379310344827586,0.0,1.0344827586206897,0.6206896551724138,0.20689655172413793,0.20689655172413793,0.6206896551724138,0.8275862068965517,0.41379310344827586,MF,2
Bilal El Khannouss,Morocco,Morocco,"MF,FW",22,2004,Stuttgart,6,6,461.0,5.1,0.0,0.0,0.0,0.0,0.0,0.0,1.0,0.0,0.0,0.0,0.0,0.0,0.0,6.0,4.0,66.7,1.17,0.78,0.0,0.0,77.0,80.9,77.0,1,0,0.0,0,1.83,7.0,5.0,2.0,0.39,-1.26,0.0,5.0,6.0,0.0,10.0,1.0,7.0,0.0,0.0,0.0,0.0,0.0,0.0,0.0,0.0,0.0,0.0,0.0,0.0,0.0,0.0,0.0,0.0,0.0,0.0,0.0,0.0,0.0,1.1713665943600868,0.7809110629067245,0.19522776572668113,1.3665943600867678,0.9761388286334056,1.9522776572668112,0.0,MF,2
Brahim Díaz,Morocco,Morocco,MF,26,1999,Real Madrid,6,6,457.0,5.1,0.0,4.0,4.0,0.0,0.0,0.0,0.0,0.0,0.0,0.79,0.79,0.0,0.79,6.0,1.0,16.7,1.18,0.2,0.0,0.0,76.0,80.2,76.0,1,0,0.0,0,1.83,7.0,6.0,1.0,0.2,-2.19,0.0,3.0,10.0,0.0,8.0,4.0,2.0,0.0,0.0,0.0,0.0,0.0,0.0,0.0,0.0,0.0,0.0,0.0,0.0,0.0,0.0,0.0,0.0,0.0,0.0,0.0,0.0,0.787746170678337,1.1816192560175054,0.19693654266958424,0.787746170678337,0.3938730853391685,0.5908096280087527,1.575492341356674,0.787746170678337,MF,3
Chadi Riad,Morocco,Morocco,DF,22,2003,Crystal Palace,4,4,344.0,3.8,0.0,1.0,1.0,0.0,0.0,0.0,0.0,0.0,0.0,0.26,0.26,0.0,0.26,1.0,0.0,0.0,0.26,0.0,0.0,0.0,86.0,60.4,86.0,3,0,0.0,2,2.0,6.0,4.0,2.0,0.52,-0.27,0.0,0.0,1.0,0.0,0.0,4.0,1.0,0.0,0.0,0.0,0.0,0.0,0.0,0.0,0.0,0.0,0.0,0.0,0.0,0.0,0.0,0.0,0.0,0.0,0.0,0.0,0.0,0.2616279069767442,0.2616279069767442,0.0,1.0465116279069768,0.2616279069767442,0.0,0.0,0.2616279069767442,DF,2
Ismael Saibari,Morocco,Morocco,FW,25,2001,PSV,5,5,381.0,4.2,3.0,0.0,3.0,3.0,0.0,0.0,0.0,0.0,0.71,0.0,0.71,0.71,0.71,10.0,3.0,30.0,2.36,0.71,0.3,1.0,76.0,66.8,76.0,1,0,0.0,1,2.2,5.0,4.0,1.0,0.24,-1.19,0.0,8.0,3.0,3.0,5.0,0.0,2.0,0.0,0.0,0.0,0.0,0.0,0.0,0.0,0.0,0.0,0.0,0.0,0.0,0.0,0.0,0.0,0.0,0.0,0.0,0.0,0.7086614173228346,0.0,2.3622047244094486,0.7086614173228346,0.0,0.47244094488188976,1.889763779527559,1.1811023622047243,0.7086614173228346,FW,1
Issa Diop,Morocco,Morocco,DF,29,1997,Fulham,5,5,476.0,5.3,1.0,0.0,1.0,1.0,0.0,0.0,3.0,0.0,0.19,0.0,0.19,0.19,0.19,1.0,1.0,100.0,0.19,0.19,1.0,1.0,95.0,83.5,95.0,4,0,0.0,1,1.6,5.0,4.0,1.0,0.19,-2.68,0.0,4.0,1.0,0.0,0.0,7.0,1.0,0.0,0.0,0.0,0.0,0.0,0.0,0.0,0.0,0.0,0.0,0.0,0.0,0.0,0.0,0.0,0.0,0.0,0.0,0.0,0.18907563025210083,0.0,0.18907563025210083,0.18907563025210083,1.3235294117647058,0.18907563025210083,0.7563025210084033,0.0,0.18907563025210083,DF,2
Neil El Aynaoui,Morocco,Morocco,MF,24,2001,Roma,6,6,562.0,6.2,0.0,0.0,0.0,0.0,0.0,0.0,0.0,0.0,0.0,0.0,0.0,0.0,0.0,7.0,2.0,28.6,1.12,0.32,0.0,0.0,94.0,98.6,94.0,5,0,0.0,0,1.83,9.0,6.0,3.0,0.48,-10.77,0.0,15.0,7.0,0.0,0.0,8.0,9.0,0.0,0.0,0.0,0.0,0.0,0.0,0.0,0.0,0.0,0.0,0.0,0.0,0.0,0.0,0.0,0.0,0.0,0.0,0.0,0.0,0.0,1.1209964412811388,0.32028469750889677,1.281138790035587,1.4412811387900357,2.402135231316726,0.0,0.0,MF,0
Noussair Mazraoui,Morocco,Morocco,DF,28,1997,Manchester Utd,6,5,477.0,5.3,0.0,0.0,0.0,0.0,0.0,0.0,0.0,0.0,0.0,0.0,0.0,0.0,0.0,0.0,0.0,0.0,0.0,0.0,0.0,0.0,80.0,83.7,94.0,4,1,8.0,0,1.83,7.0,4.0,3.0,0.57,-0.4,0.0,4.0,6.0,0.0,3.0,2.0,8.0,0.0,0.0,0.0,0.0,0.0,0.0,0.0,0.0,0.0,0.0,0.0,0.0,0.0,0.0,0.0,0.0,0.0,0.0,0.0,0.0,0.0,0.0,0.0,0.37735849056603776,1.509433962264151,0.7547169811320755,0.5660377358490566,0.0,DF,2
Redouane Halhal,Morocco,Morocco,DF,23,2003,Mechelen,2,2,180.0,2.0,0.0,0.0,0.0,0.0,0.0,0.0,1.0,0.0,0.0,0.0,0.0,0.0,0.0,0.0,0.0,0.0,0.0,0.0,0.0,0.0,90.0,31.6,90.0,2,0,0.0,4,3.0,7.0,2.0,5.0,2.5,2.73,0.0,3.0,5.0,1.0,0.0,1.0,1.0,0.0,0.0,0.0,0.0,0.0,0.0,0.0,0.0,0.0,0.0,0.0,0.0,0.0,0.0,0.0,0.0,0.0,0.0,0.0,0.0,0.0,0.0,0.0,0.5,0.5,1.5,0.0,0.0,DF,2
Brian Brobbey,Netherlands,Netherlands,FW,24,2002,Sunderland,4,3,223.0,2.5,3.0,0.0,3.0,3.0,0.0,0.0,0.0,0.0,1.21,0.0,1.21,1.21,1.21,4.0,3.0,75.0,1.61,1.21,0.75,1.0,56.0,57.2,72.0,0,1,6.0,0,2.0,7.0,3.0,4.0,1.61,0.54,0.0,4.0,3.0,2.0,1.0,0.0,1.0,0.0,0.0,0.0,0.0,0.0,0.0,0.0,0.0,0.0,0.0,0.0,0.0,0.0,0.0,0.0,0.0,0.0,0.0,0.0,1.2107623318385652,0.0,1.6143497757847534,1.2107623318385652,0.0,0.40358744394618834,1.6143497757847534,0.40358744394618834,1.2107623318385652,FW,1
Cody Gakpo,Netherlands,Netherlands,FW,27,1999,Liverpool,4,4,368.0,4.1,3.0,1.0,4.0,3.0,0.0,0.0,0.0,0.0,0.73,0.24,0.98,0.73,0.98,10.0,6.0,60.0,2.45,1.47,0.3,0.5,92.0,94.4,92.0,0,0,0.0,0,2.0,11.0,4.0,7.0,1.71,5.8,0.0,3.0,3.0,3.0,12.0,2.0,1.0,0.0,0.0,0.0,0.0,0.0,0.0,0.0,0.0,0.0,0.0,0.0,0.0,0.0,0.0,0.0,0.0,0.0,0.0,0.0,0.733695652173913,0.24456521739130435,2.4456521739130435,1.467391304347826,0.4891304347826087,0.24456521739130435,0.733695652173913,2.934782608695652,0.9782608695652173,FW,1
Crysencio Summerville,Netherlands,Netherlands,FW,24,2001,West Ham,4,2,253.0,2.8,2.0,2.0,4.0,2.0,0.0,0.0,1.0,0.0,0.71,0.71,1.42,0.71,1.42,2.0,2.0,100.0,0.71,0.71,1.0,1.0,63.0,64.9,95.0,1,2,32.0,0,2.0,6.0,3.0,3.0,1.07,-0.9,0.0,2.0,5.0,1.0,7.0,2.0,2.0,0.0,0.0,0.0,0.0,0.0,0.0,0.0,0.0,0.0,0.0,0.0,0.0,0.0,0.0,0.0,0.0,0.0,0.0,0.0,0.7114624505928854,0.7114624505928854,0.7114624505928854,0.7114624505928854,0.7114624505928854,0.7114624505928854,0.7114624505928854,2.4901185770750986,1.4229249011857708,FW,3
Denzel Dumfries,Netherlands,Netherlands,"DF,MF",30,1996,Inter,4,4,390.0,4.3,0.0,2.0,2.0,0.0,0.0,0.0,0.0,0.0,0.0,0.46,0.46,0.0,0.46,5.0,2.0,40.0,1.15,0.46,0.0,0.0,98.0,100.0,98.0,4,0,0.0,0,2.0,11.0,5.0,6.0,1.38,0.0,0.0,6.0,3.0,1.0,16.0,1.0,6.0,0.0,0.0,0.0,0.0,0.0,0.0,0.0,0.0,0.0,0.0,0.0,0.0,0.0,0.0,0.0,0.0,0.0,0.0,0.0,0.0,0.46153846153846156,1.1538461538461537,0.46153846153846156,0.23076923076923078,1.3846153846153846,1.3846153846153846,3.6923076923076925,0.46153846153846156,DF,3
Donyell Malen,Netherlands,Netherlands,FW,27,1999,Roma,3,3,185.0,2.1,0.0,0.0,0.0,0.0,0.0,0.0,0.0,0.0,0.0,0.0,0.0,0.0,0.0,4.0,2.0,50.0,1.95,0.97,0.0,0.0,62.0,47.4,62.0,0,0,0.0,1,2.33,7.0,2.0,5.0,2.43,1.99,0.0,0.0,2.0,0.0,5.0,0.0,0.0,0.0,0.0,0.0,0.0,0.0,0.0,0.0,0.0,0.0,0.0,0.0,0.0,0.0,0.0,0.0,0.0,0.0,0.0,0.0,0.0,0.0,1.945945945945946,0.972972972972973,0.0,0.0,0.0,2.4324324324324325,0.0,FW,2
Frenkie de Jong,Netherlands,Netherlands,MF,29,1997,Barcelona,4,4,328.0,3.6,0.0,0.0,0.0,0.0,0.0,0.0,0.0,0.0,0.0,0.0,0.0,0.0,0.0,1.0,0.0,0.0,0.27,0.0,0.0,0.0,82.0,84.1,82.0,1,0,0.0,0,2.0,10.0,5.0,5.0,1.37,-0.08,0.0,6.0,6.0,0.0,1.0,8.0,7.0,0.0,0.0,0.0,0.0,0.0,0.0,0.0,0.0,0.0,0.0,0.0,0.0,0.0,0.0,0.0,0.0,0.0,0.0,0.0,0.0,0.0,0.27439024390243905,0.0,2.1951219512195124,1.9207317073170733,1.646341463414634,0.27439024390243905,0.0,MF,0
Jan Paul van Hecke,Netherlands,Netherlands,DF,26,2000,Brighton,4,4,390.0,4.3,1.0,0.0,1.0,1.0,0.0,0.0,0.0,0.0,0.23,0.0,0.23,0.23,0.23,3.0,2.0,66.7,0.69,0.46,0.33,0.5,98.0,100.0,98.0,4,0,0.0,0,2.0,11.0,5.0,6.0,1.38,0.0,0.0,4.0,2.0,0.0,1.0,4.0,3.0,0.0,0.0,0.0,0.0,0.0,0.0,0.0,0.0,0.0,0.0,0.0,0.0,0.0,0.0,0.0,0.0,0.0,0.0,0.0,0.23076923076923078,0.0,0.6923076923076923,0.46153846153846156,0.9230769230769231,0.6923076923076923,0.9230769230769231,0.23076923076923078,0.23076923076923078,DF,2
Micky van de Ven,Netherlands,Netherlands,"DF,MF",25,2001,Tottenham,3,3,265.0,2.9,0.0,0.0,0.0,0.0,0.0,0.0,1.0,0.0,0.0,0.0,0.0,0.0,0.0,3.0,1.0,33.3,1.02,0.34,0.0,0.0,88.0,67.9,88.0,2,0,0.0,1,1.67,8.0,3.0,5.0,1.7,0.98,0.0,5.0,1.0,0.0,2.0,2.0,3.0,0.0,0.0,0.0,0.0,0.0,0.0,0.0,0.0,0.0,0.0,0.0,0.0,0.0,0.0,0.0,0.0,0.0,0.0,0.0,0.0,0.0,1.0188679245283019,0.33962264150943394,0.6792452830188679,1.0188679245283019,1.6981132075471697,0.6792452830188679,0.0,DF,2
Ryan Gravenberch,Netherlands,Netherlands,MF,24,2002,Liverpool,4,4,345.0,3.8,0.0,2.0,2.0,0.0,0.0,0.0,0.0,0.0,0.0,0.52,0.52,0.0,0.52,5.0,0.0,0.0,1.3,0.0,0.0,0.0,86.0,88.5,86.0,2,0,0.0,0,2.0,11.0,3.0,8.0,2.09,6.09,0.0,5.0,3.0,0.0,4.0,6.0,1.0,0.0,0.0,0.0,0.0,0.0,0.0,0.0,0.0,0.0,0.0,0.0,0.0,0.0,0.0,0.0,0.0,0.0,0.0,0.0,0.0,0.5217391304347826,1.3043478260869565,0.0,1.565217391304348,0.2608695652173913,1.3043478260869565,1.0434782608695652,0.5217391304347826,MF,3
Tijjani Reijnders,Netherlands,Netherlands,MF,27,1998,Manchester City,3,3,199.0,2.2,0.0,1.0,1.0,0.0,0.0,0.0,0.0,0.0,0.0,0.45,0.45,0.0,0.45,4.0,2.0,50.0,1.81,0.9,0.0,0.0,66.0,51.0,66.0,0,0,0.0,1,2.33,9.0,3.0,6.0,2.71,2.71,0.0,0.0,3.0,1.0,15.0,2.0,0.0,0.0,0.0,0.0,0.0,0.0,0.0,0.0,0.0,0.0,0.0,0.0,0.0,0.0,0.0,0.0,0.0,0.0,0.0,0.0,0.0,0.45226130653266333,1.8090452261306533,0.9045226130653267,0.9045226130653267,0.0,0.0,6.783919597989949,0.45226130653266333,MF,3
Virgil van Dijk,Netherlands,Netherlands,DF,34,1991,Liverpool,4,4,390.0,4.3,1.0,1.0,2.0,1.0,0.0,0.0,0.0,0.0,0.23,0.23,0.46,0.23,0.46,2.0,2.0,100.0,0.46,0.46,0.5,0.5,98.0,100.0,98.0,4,0,0.0,0,2.0,11.0,5.0,6.0,1.38,0.0,0.0,2.0,2.0,0.0,0.0,3.0,1.0,0.0,0.0,0.0,0.0,0.0,0.0,0.0,0.0,0.0,0.0,0.0,0.0,0.0,0.0,0.0,0.0,0.0,0.0,0.0,0.23076923076923078,0.23076923076923078,0.46153846153846156,0.46153846153846156,0.6923076923076923,0.23076923076923078,0.46153846153846156,0.0,0.46153846153846156,DF,2
Chris Wood,New Zealand,New Zealand,FW,34,1991,Nottingham,3,3,270.0,3.0,0.0,2.0,2.0,0.0,0.0,0.0,0.0,0.0,0.0,0.67,0.67,0.0,0.67,5.0,2.0,40.0,1.67,0.67,0.0,0.0,90.0,100.0,90.0,3,0,0.0,0,0.33,4.0,10.0,-6.0,-2.0,0.0,0.0,2.0,1.0,4.0,0.0,0.0,1.0,0.0,0.0,0.0,0.0,0.0,0.0,0.0,0.0,0.0,0.0,0.0,0.0,0.0,0.0,0.0,0.0,0.0,0.0,0.0,0.0,0.6666666666666667,1.6666666666666665,0.6666666666666667,0.0,0.33333333333333337,0.6666666666666667,0.0,0.6666666666666667,FW,3
Elijah Just,New Zealand,New Zealand,MF,26,2000,Motherwell,3,3,264.0,2.9,3.0,0.0,3.0,3.0,0.0,0.0,1.0,0.0,1.02,0.0,1.02,1.02,1.02,7.0,5.0,71.4,2.39,1.7,0.43,0.6,88.0,97.8,88.0,2,0,0.0,0,0.33,4.0,10.0,-6.0,-2.05,-2.05,0.0,3.0,2.0,0.0,2.0,2.0,3.0,0.0,0.0,0.0,0.0,0.0,0.0,0.0,0.0,0.0,0.0,0.0,0.0,0.0,0.0,0.0,0.0,0.0,0.0,0.0,1.0227272727272727,0.0,2.3863636363636362,1.7045454545454546,0.6818181818181819,1.0227272727272727,1.0227272727272727,0.6818181818181819,1.0227272727272727,MF,1
Finn Surman,New Zealand,New Zealand,DF,22,2003,Portland Timbers,3,3,270.0,3.0,1.0,0.0,1.0,1.0,0.0,0.0,0.0,0.0,0.33,0.0,0.33,0.33,0.33,2.0,1.0,50.0,0.67,0.33,0.5,1.0,90.0,100.0,90.0,3,0,0.0,0,0.33,4.0,10.0,-6.0,-2.0,0.0,0.0,4.0,2.0,0.0,0.0,4.0,1.0,0.0,0.0,0.0,0.0,0.0,0.0,0.0,0.0,0.0,0.0,0.0,0.0,0.0,0.0,0.0,0.0,0.0,0.0,0.0,0.33333333333333337,0.0,0.6666666666666667,0.33333333333333337,1.3333333333333335,0.33333333333333337,1.3333333333333335,0.0,0.33333333333333337,DF,2
Joe Bell,New Zealand,New Zealand,MF,27,1999,Viking,3,3,243.0,2.7,0.0,0.0,0.0,0.0,0.0,0.0,0.0,0.0,0.0,0.0,0.0,0.0,0.0,1.0,0.0,0.0,0.37,0.0,0.0,0.0,81.0,90.0,81.0,2,0,0.0,0,0.33,3.0,7.0,-4.0,-1.48,5.19,0.0,3.0,0.0,0.0,0.0,4.0,2.0,0.0,0.0,0.0,0.0,0.0,0.0,0.0,0.0,0.0,0.0,0.0,0.0,0.0,0.0,0.0,0.0,0.0,0.0,0.0,0.0,0.0,0.3703703703703704,0.0,1.4814814814814816,0.7407407407407408,1.1111111111111112,0.0,0.0,MF,0
Liberato Cacace,New Zealand,New Zealand,DF,25,2000,Wrexham,3,3,220.0,2.4,0.0,0.0,0.0,0.0,0.0,0.0,0.0,0.0,0.0,0.0,0.0,0.0,0.0,1.0,1.0,100.0,0.41,0.41,0.0,0.0,73.0,81.5,73.0,0,0,0.0,0,0.33,3.0,7.0,-4.0,-1.64,1.96,0.0,1.0,5.0,0.0,8.0,3.0,2.0,0.0,0.0,0.0,0.0,0.0,0.0,0.0,0.0,0.0,0.0,0.0,0.0,0.0,0.0,0.0,0.0,0.0,0.0,0.0,0.0,0.0,0.40909090909090906,0.40909090909090906,1.2272727272727273,0.8181818181818181,0.40909090909090906,3.2727272727272725,0.0,DF,2
Marko Stamenic,New Zealand,New Zealand,MF,24,2002,Swansea City,3,3,269.0,3.0,0.0,0.0,0.0,0.0,0.0,0.0,1.0,0.0,0.0,0.0,0.0,0.0,0.0,3.0,0.0,0.0,1.0,0.0,0.0,0.0,90.0,99.6,90.0,2,0,0.0,0,0.33,4.0,10.0,-6.0,-2.01,-2.01,0.0,4.0,0.0,0.0,1.0,4.0,1.0,0.0,0.0,0.0,0.0,0.0,0.0,0.0,0.0,0.0,0.0,0.0,0.0,0.0,0.0,0.0,0.0,0.0,0.0,0.0,0.0,0.0,1.003717472118959,0.0,1.3382899628252787,0.33457249070631967,1.3382899628252787,0.33457249070631967,0.0,MF,2
Michael Boxall,New Zealand,New Zealand,DF,37,1988,Minnesota Utd,3,2,207.0,2.3,0.0,0.0,0.0,0.0,0.0,0.0,0.0,0.0,0.0,0.0,0.0,0.0,0.0,0.0,0.0,0.0,0.0,0.0,0.0,0.0,69.0,76.7,90.0,2,1,27.0,0,0.33,4.0,8.0,-4.0,-1.74,1.12,0.0,2.0,2.0,0.0,1.0,2.0,1.0,0.0,0.0,0.0,0.0,0.0,0.0,0.0,0.0,0.0,0.0,0.0,0.0,0.0,0.0,0.0,0.0,0.0,0.0,0.0,0.0,0.0,0.0,0.0,0.8695652173913043,0.43478260869565216,0.8695652173913043,0.43478260869565216,0.0,DF,2
Sarpreet Singh,New Zealand,New Zealand,MF,27,1999,Wellington,3,3,209.0,2.3,0.0,0.0,0.0,0.0,0.0,0.0,1.0,0.0,0.0,0.0,0.0,0.0,0.0,4.0,2.0,50.0,1.72,0.86,0.0,0.0,70.0,77.4,70.0,0,0,0.0,0,0.33,3.0,5.0,-2.0,-0.86,5.04,0.0,2.0,2.0,0.0,7.0,0.0,1.0,0.0,0.0,0.0,0.0,0.0,0.0,0.0,0.0,0.0,0.0,0.0,0.0,0.0,0.0,0.0,0.0,0.0,0.0,0.0,0.0,0.0,1.7224880382775118,0.8612440191387559,0.0,0.43062200956937796,0.8612440191387559,3.014354066985646,0.0,MF,2
Tim Payne,New Zealand,New Zealand,DF,32,1994,Wellington,3,3,224.0,2.5,0.0,1.0,1.0,0.0,0.0,0.0,0.0,0.0,0.0,0.4,0.4,0.0,0.4,1.0,0.0,0.0,0.4,0.0,0.0,0.0,75.0,83.0,75.0,0,0,0.0,0,0.33,3.0,7.0,-4.0,-1.61,2.31,0.0,2.0,2.0,0.0,10.0,1.0,3.0,0.0,0.0,0.0,0.0,0.0,0.0,0.0,0.0,0.0,0.0,0.0,0.0,0.0,0.0,0.0,0.0,0.0,0.0,0.0,0.0,0.40178571428571425,0.40178571428571425,0.0,0.40178571428571425,1.2053571428571428,0.8035714285714285,4.017857142857143,0.40178571428571425,DF,3
Alexander Sørloth,Norway,Norway,FW,30,1995,Atlético Madrid,5,5,337.0,3.7,0.0,0.0,0.0,0.0,0.0,0.0,0.0,0.0,0.0,0.0,0.0,0.0,0.0,5.0,0.0,0.0,1.34,0.0,0.0,0.0,67.0,59.1,67.0,0,0,0.0,1,2.4,7.0,3.0,4.0,1.07,1.84,0.0,6.0,2.0,2.0,5.0,0.0,1.0,0.0,0.0,0.0,0.0,0.0,0.0,0.0,0.0,0.0,0.0,0.0,0.0,0.0,0.0,0.0,0.0,0.0,0.0,0.0,0.0,0.0,1.3353115727002969,0.0,0.0,0.26706231454005935,1.6023738872403561,1.3353115727002969,0.0,FW,2
Andreas Schjelderup,Norway,Norway,FW,22,2004,Benfica,6,2,252.0,2.8,1.0,3.0,4.0,1.0,0.0,0.0,0.0,0.0,0.36,1.07,1.43,0.36,1.43,3.0,2.0,66.7,1.07,0.71,0.33,0.5,42.0,44.2,75.0,0,4,26.0,0,2.0,7.0,7.0,0.0,0.0,-0.57,0.0,2.0,3.0,0.0,4.0,5.0,3.0,0.0,0.0,0.0,0.0,0.0,0.0,0.0,0.0,0.0,0.0,0.0,0.0,0.0,0.0,0.0,0.0,0.0,0.0,0.0,0.3571428571428571,1.0714285714285714,1.0714285714285714,0.7142857142857142,1.7857142857142856,1.0714285714285714,0.7142857142857142,1.4285714285714284,1.4285714285714284,FW,3
Antonio Nusa,Norway,Norway,FW,21,2005,RB Leipzig,6,4,318.0,3.5,1.0,0.0,1.0,1.0,0.0,0.0,1.0,0.0,0.28,0.0,0.28,0.28,0.28,6.0,2.0,33.3,1.7,0.57,0.17,0.5,53.0,55.8,64.0,0,2,31.0,0,2.0,6.0,4.0,2.0,0.57,0.57,0.0,1.0,5.0,2.0,7.0,2.0,2.0,0.0,0.0,0.0,0.0,0.0,0.0,0.0,0.0,0.0,0.0,0.0,0.0,0.0,0.0,0.0,0.0,0.0,0.0,0.0,0.2830188679245283,0.0,1.6981132075471697,0.5660377358490566,0.5660377358490566,0.5660377358490566,0.2830188679245283,1.981132075471698,0.2830188679245283,FW,2
David Møller Wolfe,Norway,Norway,DF,24,2002,Wolves,5,5,430.0,4.8,0.0,1.0,1.0,0.0,0.0,0.0,0.0,0.0,0.0,0.21,0.21,0.0,0.21,0.0,0.0,0.0,0.0,0.0,0.0,0.0,86.0,75.4,86.0,2,0,0.0,1,2.4,10.0,5.0,5.0,1.05,2.98,0.0,7.0,2.0,0.0,5.0,3.0,3.0,0.0,0.0,0.0,0.0,0.0,0.0,0.0,0.0,0.0,0.0,0.0,0.0,0.0,0.0,0.0,0.0,0.0,0.0,0.0,0.0,0.20930232558139533,0.0,0.0,0.627906976744186,0.627906976744186,1.4651162790697674,1.0465116279069768,0.20930232558139533,DF,2
Erling Haaland,Norway,Norway,FW,25,2000,Manchester City,5,5,465.0,5.2,7.0,0.0,7.0,7.0,0.0,0.0,0.0,0.0,1.35,0.0,1.35,1.35,1.35,20.0,13.0,65.0,3.87,2.52,0.35,0.54,93.0,81.6,93.0,4,0,0.0,1,2.4,12.0,7.0,5.0,0.97,3.54,0.0,5.0,3.0,0.0,1.0,1.0,0.0,0.0,0.0,0.0,0.0,0.0,0.0,0.0,0.0,0.0,0.0,0.0,0.0,0.0,0.0,0.0,0.0,0.0,0.0,0.0,1.3548387096774195,0.0,3.870967741935484,2.5161290322580645,0.1935483870967742,0.0,0.967741935483871,0.1935483870967742,1.3548387096774195,FW,1
Fredrik Aursnes,Norway,Norway,"MF,DF",30,1995,Benfica,6,3,304.0,3.4,0.0,0.0,0.0,0.0,0.0,0.0,0.0,0.0,0.0,0.0,0.0,0.0,0.0,2.0,0.0,0.0,0.59,0.0,0.0,0.0,51.0,53.3,69.0,1,3,32.0,0,2.0,7.0,7.0,0.0,0.0,-0.68,0.0,5.0,3.0,0.0,5.0,1.0,8.0,0.0,0.0,0.0,0.0,0.0,0.0,0.0,0.0,0.0,0.0,0.0,0.0,0.0,0.0,0.0,0.0,0.0,0.0,0.0,0.0,0.0,0.5921052631578947,0.0,0.29605263157894735,2.3684210526315788,1.4802631578947367,1.4802631578947367,0.0,DF,0
Julian Ryerson,Norway,Norway,DF,28,1997,Dortmund,4,4,223.0,2.5,0.0,0.0,0.0,0.0,0.0,0.0,0.0,0.0,0.0,0.0,0.0,0.0,0.0,0.0,0.0,0.0,0.0,0.0,0.0,0.0,56.0,39.1,56.0,1,0,0.0,2,2.25,5.0,2.0,3.0,1.21,1.47,0.0,6.0,1.0,0.0,15.0,0.0,8.0,0.0,0.0,0.0,0.0,0.0,0.0,0.0,0.0,0.0,0.0,0.0,0.0,0.0,0.0,0.0,0.0,0.0,0.0,0.0,0.0,0.0,0.0,0.0,0.0,3.2286995515695067,2.4215246636771304,6.053811659192825,0.0,DF,3
Kristoffer Ajer,Norway,Norway,DF,28,1998,Brentford,5,5,480.0,5.3,0.0,0.0,0.0,0.0,0.0,0.0,1.0,0.0,0.0,0.0,0.0,0.0,0.0,2.0,1.0,50.0,0.37,0.19,0.0,0.0,96.0,84.2,96.0,5,0,0.0,1,2.4,12.0,7.0,5.0,0.94,3.94,0.0,2.0,1.0,0.0,1.0,4.0,8.0,0.0,0.0,0.0,0.0,0.0,0.0,0.0,0.0,0.0,0.0,0.0,0.0,0.0,0.0,0.0,0.0,0.0,0.0,0.0,0.0,0.0,0.375,0.1875,0.75,1.5,0.375,0.1875,0.0,DF,0
Marcus Pedersen,Norway,Norway,DF,25,2000,Torino,4,1,236.0,2.6,1.0,0.0,1.0,1.0,0.0,0.0,0.0,0.0,0.38,0.0,0.38,0.38,0.38,1.0,1.0,100.0,0.38,0.38,1.0,1.0,59.0,41.4,82.0,0,3,51.0,1,1.5,4.0,5.0,-1.0,-0.38,-1.19,0.0,3.0,1.0,0.0,6.0,0.0,2.0,0.0,0.0,0.0,0.0,0.0,0.0,0.0,0.0,0.0,0.0,0.0,0.0,0.0,0.0,0.0,0.0,0.0,0.0,0.0,0.3813559322033898,0.0,0.3813559322033898,0.3813559322033898,0.0,0.7627118644067796,1.1440677966101696,2.288135593220339,0.3813559322033898,DF,2
Martin Ødegaard,Norway,Norway,MF,27,1998,Arsenal,5,5,470.0,5.2,0.0,4.0,4.0,0.0,0.0,0.0,0.0,0.0,0.0,0.77,0.77,0.0,0.77,9.0,3.0,33.3,1.72,0.57,0.0,0.0,94.0,82.5,94.0,4,0,0.0,1,2.4,11.0,7.0,4.0,0.77,2.57,0.0,3.0,4.0,0.0,15.0,3.0,4.0,0.0,0.0,0.0,0.0,0.0,0.0,0.0,0.0,0.0,0.0,0.0,0.0,0.0,0.0,0.0,0.0,0.0,0.0,0.0,0.0,0.7659574468085106,1.7234042553191489,0.5744680851063829,0.5744680851063829,0.7659574468085106,0.5744680851063829,2.8723404255319145,0.7659574468085106,MF,3
Oscar Bobb,Norway,Norway,FW,22,2003,Fulham,6,1,225.0,2.5,0.0,0.0,0.0,0.0,0.0,0.0,0.0,0.0,0.0,0.0,0.0,0.0,0.0,4.0,2.0,50.0,1.6,0.8,0.0,0.0,38.0,39.5,82.0,0,5,29.0,0,2.0,6.0,7.0,-1.0,-0.4,-1.18,0.0,1.0,4.0,0.0,2.0,3.0,3.0,0.0,0.0,0.0,0.0,0.0,0.0,0.0,0.0,0.0,0.0,0.0,0.0,0.0,0.0,0.0,0.0,0.0,0.0,0.0,0.0,0.0,1.6,0.8,1.2000000000000002,1.2000000000000002,0.4,0.8,0.0,FW,0
Patrick Berg,Norway,Norway,MF,28,1997,Bodø/Glimt,6,4,445.0,4.9,0.0,2.0,2.0,0.0,0.0,0.0,1.0,0.0,0.0,0.4,0.4,0.0,0.4,3.0,0.0,0.0,0.61,0.0,0.0,0.0,74.0,78.1,98.0,4,2,28.0,0,2.0,9.0,10.0,-1.0,-0.2,-2.36,0.0,4.0,2.0,0.0,11.0,2.0,7.0,0.0,0.0,0.0,0.0,0.0,0.0,0.0,0.0,0.0,0.0,0.0,0.0,0.0,0.0,0.0,0.0,0.0,0.0,0.0,0.0,0.40449438202247195,0.6067415730337079,0.0,0.40449438202247195,1.4157303370786518,0.8089887640449439,2.2247191011235956,0.40449438202247195,MF,3
Sander Berge,Norway,Norway,MF,28,1998,Fulham,5,5,480.0,5.3,0.0,0.0,0.0,0.0,0.0,0.0,0.0,0.0,0.0,0.0,0.0,0.0,0.0,0.0,0.0,0.0,0.0,0.0,0.0,0.0,96.0,84.2,96.0,5,0,0.0,1,2.4,12.0,7.0,5.0,0.94,3.94,0.0,6.0,2.0,0.0,1.0,9.0,4.0,0.0,0.0,0.0,0.0,0.0,0.0,0.0,0.0,0.0,0.0,0.0,0.0,0.0,0.0,0.0,0.0,0.0,0.0,0.0,0.0,0.0,0.0,0.0,1.6875,0.75,1.125,0.1875,0.0,MF,0
Torbjørn Heggem,Norway,Norway,DF,27,1999,Bologna,5,5,443.0,4.9,0.0,0.0,0.0,0.0,0.0,0.0,0.0,0.0,0.0,0.0,0.0,0.0,0.0,1.0,1.0,100.0,0.2,0.2,0.0,0.0,89.0,77.7,89.0,3,0,0.0,1,2.4,12.0,5.0,7.0,1.42,4.97,0.0,2.0,0.0,0.0,0.0,2.0,7.0,0.0,0.0,0.0,0.0,0.0,0.0,0.0,0.0,0.0,0.0,0.0,0.0,0.0,0.0,0.0,0.0,0.0,0.0,0.0,0.0,0.0,0.20316027088036115,0.20316027088036115,0.4063205417607223,1.4221218961625284,0.4063205417607223,0.0,0.0,DF,2
Andrés Andrade Cedeño,Panama,Panama,DF,27,1998,LASK,3,3,270.0,3.0,0.0,0.0,0.0,0.0,0.0,0.0,1.0,0.0,0.0,0.0,0.0,0.0,0.0,0.0,0.0,0.0,0.0,0.0,0.0,0.0,90.0,100.0,90.0,3,0,0.0,0,0.0,0.0,4.0,-4.0,-1.33,0.0,0.0,4.0,0.0,0.0,8.0,3.0,3.0,0.0,0.0,0.0,0.0,0.0,0.0,0.0,0.0,0.0,0.0,0.0,0.0,0.0,0.0,0.0,0.0,0.0,0.0,0.0,0.0,0.0,0.0,0.0,1.0,1.0,1.3333333333333335,2.666666666666667,0.0,DF,2
Carlos Harvey,Panama,Panama,MF,26,2000,Minnesota Utd,3,3,267.0,3.0,0.0,0.0,0.0,0.0,0.0,0.0,1.0,0.0,0.0,0.0,0.0,0.0,0.0,5.0,0.0,0.0,1.69,0.0,0.0,0.0,89.0,98.9,89.0,2,0,0.0,0,0.0,0.0,4.0,-4.0,-1.35,-1.35,0.0,8.0,3.0,0.0,0.0,0.0,3.0,0.0,0.0,0.0,0.0,0.0,0.0,0.0,0.0,0.0,0.0,0.0,0.0,0.0,0.0,0.0,0.0,0.0,0.0,0.0,0.0,0.0,1.6853932584269664,0.0,0.0,1.0112359550561798,2.696629213483146,0.0,0.0,MF,2
Cristian Martínez,Panama,Panama,"MF,FW",29,1997,Unknown Club,3,3,242.0,2.7,0.0,0.0,0.0,0.0,0.0,0.0,0.0,0.0,0.0,0.0,0.0,0.0,0.0,1.0,0.0,0.0,0.37,0.0,0.0,0.0,81.0,89.6,81.0,2,0,0.0,0,0.0,0.0,3.0,-3.0,-1.12,2.1,0.0,5.0,5.0,1.0,12.0,1.0,4.0,0.0,0.0,0.0,0.0,0.0,0.0,0.0,0.0,0.0,0.0,0.0,0.0,0.0,0.0,0.0,0.0,0.0,0.0,0.0,0.0,0.0,0.371900826446281,0.0,0.371900826446281,1.487603305785124,1.859504132231405,4.462809917355372,0.0,MF,3
José Córdoba,Panama,Panama,DF,25,2001,Norwich City,3,3,270.0,3.0,0.0,0.0,0.0,0.0,0.0,0.0,0.0,0.0,0.0,0.0,0.0,0.0,0.0,0.0,0.0,0.0,0.0,0.0,0.0,0.0,90.0,100.0,90.0,3,0,0.0,0,0.0,0.0,4.0,-4.0,-1.33,0.0,0.0,5.0,1.0,0.0,1.0,1.0,3.0,0.0,0.0,0.0,0.0,0.0,0.0,0.0,0.0,0.0,0.0,0.0,0.0,0.0,0.0,0.0,0.0,0.0,0.0,0.0,0.0,0.0,0.0,0.0,0.33333333333333337,1.0,1.6666666666666665,0.33333333333333337,0.0,DF,2
José Luis Rodríguez,Panama,Panama,"MF,FW",27,1998,FC Juárez,3,3,233.0,2.6,0.0,0.0,0.0,0.0,0.0,0.0,0.0,0.0,0.0,0.0,0.0,0.0,0.0,3.0,1.0,33.3,1.16,0.39,0.0,0.0,78.0,86.3,78.0,1,0,0.0,0,0.0,0.0,3.0,-3.0,-1.16,1.27,0.0,4.0,2.0,0.0,17.0,0.0,3.0,0.0,0.0,0.0,0.0,0.0,0.0,0.0,0.0,0.0,0.0,0.0,0.0,0.0,0.0,0.0,0.0,0.0,0.0,0.0,0.0,0.0,1.1587982832618027,0.38626609442060084,0.0,1.1587982832618027,1.5450643776824033,6.5665236051502145,0.0,MF,3
Michael Amir Murillo,Panama,Panama,"DF,MF",30,1996,Beşiktaş,3,3,270.0,3.0,0.0,0.0,0.0,0.0,0.0,0.0,0.0,0.0,0.0,0.0,0.0,0.0,0.0,5.0,1.0,20.0,1.67,0.33,0.0,0.0,90.0,100.0,90.0,3,0,0.0,0,0.0,0.0,4.0,-4.0,-1.33,0.0,0.0,1.0,7.0,1.0,8.0,1.0,3.0,0.0,0.0,0.0,0.0,0.0,0.0,0.0,0.0,0.0,0.0,0.0,0.0,0.0,0.0,0.0,0.0,0.0,0.0,0.0,0.0,0.0,1.6666666666666665,0.33333333333333337,0.33333333333333337,1.0,0.33333333333333337,2.666666666666667,0.0,DF,2
Yoel Bárcenas,Panama,Panama,MF,32,1993,Mazatlán,3,3,249.0,2.8,0.0,0.0,0.0,0.0,0.0,0.0,1.0,0.0,0.0,0.0,0.0,0.0,0.0,2.0,0.0,0.0,0.72,0.0,0.0,0.0,83.0,92.2,83.0,1,0,0.0,0,0.0,0.0,4.0,-4.0,-1.45,-1.45,0.0,3.0,3.0,0.0,7.0,2.0,0.0,0.0,0.0,0.0,0.0,0.0,0.0,0.0,0.0,0.0,0.0,0.0,0.0,0.0,0.0,0.0,0.0,0.0,0.0,0.0,0.0,0.0,0.7228915662650601,0.0,0.7228915662650601,0.0,1.0843373493975905,2.5301204819277108,0.0,MF,2
Andrés Cubas,Paraguay,Paraguay,MF,30,1996,Vancouver,5,5,480.0,5.3,0.0,0.0,0.0,0.0,0.0,0.0,1.0,0.0,0.0,0.0,0.0,0.0,0.0,1.0,0.0,0.0,0.19,0.0,0.0,0.0,96.0,100.0,96.0,5,0,0.0,0,1.0,3.0,6.0,-3.0,-0.56,0.0,0.0,14.0,3.0,0.0,0.0,11.0,13.0,0.0,0.0,0.0,0.0,0.0,0.0,0.0,0.0,0.0,0.0,0.0,0.0,0.0,0.0,0.0,0.0,0.0,0.0,0.0,0.0,0.0,0.1875,0.0,2.0625,2.4375,2.625,0.0,0.0,MF,0
Damián Bobadilla,Paraguay,Paraguay,MF,24,2001,São Paulo,4,2,189.0,2.1,0.0,0.0,0.0,0.0,0.0,0.0,0.0,0.0,0.0,0.0,0.0,0.0,0.0,0.0,0.0,0.0,0.0,0.0,0.0,0.0,47.0,39.4,72.0,0,2,23.0,1,1.25,1.0,4.0,-3.0,-1.43,-1.43,0.0,1.0,1.0,0.0,1.0,5.0,3.0,1.0,0.0,0.0,0.0,0.0,0.0,0.0,0.0,0.0,0.0,0.0,0.0,0.0,0.0,0.0,0.0,0.0,0.0,0.0,0.0,0.0,0.0,0.0,2.380952380952381,1.4285714285714284,0.47619047619047616,0.47619047619047616,0.0,MF,0
Diego Gómez,Paraguay,Paraguay,MF,23,2003,Brighton,4,4,304.0,3.4,0.0,0.0,0.0,0.0,0.0,0.0,2.0,0.0,0.0,0.0,0.0,0.0,0.0,6.0,0.0,0.0,1.78,0.0,0.0,0.0,76.0,63.3,76.0,0,0,0.0,0,1.0,2.0,4.0,-2.0,-0.59,-0.08,0.0,5.0,1.0,0.0,1.0,9.0,6.0,0.0,0.0,0.0,0.0,0.0,0.0,0.0,0.0,0.0,0.0,0.0,0.0,0.0,0.0,0.0,0.0,0.0,0.0,0.0,0.0,0.0,1.776315789473684,0.0,2.664473684210526,1.776315789473684,1.4802631578947367,0.29605263157894735,0.0,MF,0
Gustavo Gómez,Paraguay,Paraguay,DF,33,1993,Palmeiras,5,5,480.0,5.3,0.0,0.0,0.0,0.0,0.0,0.0,0.0,0.0,0.0,0.0,0.0,0.0,0.0,2.0,0.0,0.0,0.37,0.0,0.0,0.0,96.0,100.0,96.0,5,0,0.0,0,1.0,3.0,6.0,-3.0,-0.56,0.0,0.0,3.0,2.0,1.0,0.0,2.0,3.0,0.0,0.0,0.0,0.0,0.0,0.0,0.0,0.0,0.0,0.0,0.0,0.0,0.0,0.0,0.0,0.0,0.0,0.0,0.0,0.0,0.0,0.375,0.0,0.375,0.5625,0.5625,0.0,0.0,DF,2
Gustavo Velásquez,Paraguay,Paraguay,DF,35,1991,Cerro Porteño,5,2,246.0,2.7,0.0,0.0,0.0,0.0,0.0,0.0,0.0,0.0,0.0,0.0,0.0,0.0,0.0,0.0,0.0,0.0,0.0,0.0,0.0,0.0,49.0,51.3,90.0,2,3,22.0,0,1.0,0.0,2.0,-2.0,-0.73,-0.35,0.0,2.0,0.0,0.0,3.0,1.0,1.0,0.0,0.0,0.0,0.0,0.0,0.0,0.0,0.0,0.0,0.0,0.0,0.0,0.0,0.0,0.0,0.0,0.0,0.0,0.0,0.0,0.0,0.0,0.0,0.3658536585365854,0.3658536585365854,0.7317073170731708,1.0975609756097562,0.0,DF,2
Juan Cáceres,Paraguay,Paraguay,DF,26,2000,Dynamo Moskva,5,5,436.0,4.8,0.0,0.0,0.0,0.0,0.0,0.0,1.0,0.0,0.0,0.0,0.0,0.0,0.0,2.0,1.0,50.0,0.41,0.21,0.0,0.0,87.0,90.8,87.0,2,0,0.0,0,1.0,3.0,5.0,-2.0,-0.41,1.63,0.0,9.0,6.0,0.0,10.0,5.0,11.0,0.0,0.0,0.0,0.0,0.0,0.0,0.0,0.0,0.0,0.0,0.0,0.0,0.0,0.0,0.0,0.0,0.0,0.0,0.0,0.0,0.0,0.41284403669724773,0.20642201834862386,1.0321100917431194,2.2706422018348627,1.8577981651376148,2.064220183486239,0.0,DF,0
Julio Enciso,Paraguay,Paraguay,FW,22,2004,Strasbourg,5,5,386.0,4.3,1.0,2.0,3.0,1.0,0.0,0.0,0.0,0.0,0.23,0.47,0.7,0.23,0.7,8.0,1.0,12.5,1.87,0.23,0.13,1.0,77.0,80.4,77.0,2,0,0.0,0,1.0,3.0,5.0,-2.0,-0.47,0.49,0.0,3.0,9.0,0.0,5.0,1.0,5.0,0.0,0.0,0.0,0.0,0.0,0.0,0.0,0.0,0.0,0.0,0.0,0.0,0.0,0.0,0.0,0.0,0.0,0.0,0.0,0.23316062176165803,0.46632124352331605,1.8652849740932642,0.23316062176165803,0.23316062176165803,1.16580310880829,0.6994818652849741,1.16580310880829,0.6994818652849741,FW,3
Júnior Alonso,Paraguay,Paraguay,DF,33,1993,Atlético Mineiro,5,4,390.0,4.3,0.0,0.0,0.0,0.0,0.0,0.0,1.0,0.0,0.0,0.0,0.0,0.0,0.0,3.0,1.0,33.3,0.69,0.23,0.0,0.0,78.0,81.3,97.0,3,1,1.0,0,1.0,3.0,6.0,-3.0,-0.69,-0.69,0.0,3.0,3.0,1.0,2.0,4.0,9.0,0.0,0.0,0.0,0.0,0.0,0.0,0.0,0.0,0.0,0.0,0.0,0.0,0.0,0.0,0.0,0.0,0.0,0.0,0.0,0.0,0.0,0.6923076923076923,0.23076923076923078,0.9230769230769231,2.076923076923077,0.6923076923076923,0.46153846153846156,0.0,DF,0
Matías Galarza,Paraguay,Paraguay,MF,24,2002,Atlanta Utd,4,4,388.0,4.3,1.0,1.0,2.0,1.0,0.0,0.0,2.0,0.0,0.23,0.23,0.46,0.23,0.46,2.0,1.0,50.0,0.46,0.23,0.5,1.0,97.0,80.8,97.0,2,0,0.0,1,1.25,2.0,2.0,0.0,0.0,2.93,0.0,10.0,9.0,0.0,4.0,7.0,11.0,0.0,0.0,0.0,0.0,0.0,0.0,0.0,0.0,0.0,0.0,0.0,0.0,0.0,0.0,0.0,0.0,0.0,0.0,0.0,0.23195876288659795,0.23195876288659795,0.4639175257731959,0.23195876288659795,1.6237113402061853,2.551546391752577,2.319587628865979,0.9278350515463918,0.4639175257731959,MF,0
Miguel Almirón,Paraguay,Paraguay,"MF,FW",32,1994,Atlanta Utd,4,4,282.0,3.1,0.0,0.0,0.0,0.0,0.0,0.0,1.0,1.0,0.0,0.0,0.0,0.0,0.0,4.0,0.0,0.0,1.28,0.0,0.0,0.0,71.0,58.8,71.0,0,0,0.0,0,1.0,3.0,5.0,-2.0,-0.64,-0.18,0.0,2.0,7.0,0.0,4.0,3.0,7.0,0.0,0.0,0.0,0.0,0.0,0.0,0.0,0.0,0.0,0.0,0.0,0.0,0.0,0.0,0.0,0.0,0.0,0.0,0.0,0.0,0.0,1.2765957446808511,0.0,0.9574468085106382,2.2340425531914896,0.6382978723404256,1.2765957446808511,0.0,MF,0
Omar Alderete,Paraguay,Paraguay,DF,29,1996,Sunderland,4,4,320.0,3.6,0.0,0.0,0.0,0.0,0.0,0.0,0.0,0.0,0.0,0.0,0.0,0.0,0.0,1.0,0.0,0.0,0.28,0.0,0.0,0.0,80.0,66.7,80.0,2,0,0.0,1,1.0,2.0,4.0,-2.0,-0.56,0.0,0.0,2.0,3.0,0.0,0.0,2.0,0.0,0.0,0.0,0.0,0.0,0.0,0.0,0.0,0.0,0.0,0.0,0.0,0.0,0.0,0.0,0.0,0.0,0.0,0.0,0.0,0.0,0.0,0.28125,0.0,0.5625,0.0,0.5625,0.0,0.0,DF,2
Bruno Fernandes,Portugal,Portugal,MF,31,1994,Manchester Utd,5,5,422.0,4.7,0.0,1.0,1.0,0.0,0.0,0.0,0.0,0.0,0.0,0.21,0.21,0.0,0.21,9.0,3.0,33.3,1.92,0.64,0.0,0.0,84.0,93.8,84.0,4,0,0.0,0,1.6,6.0,3.0,3.0,0.64,-5.79,0.0,2.0,8.0,1.0,22.0,0.0,5.0,0.0,0.0,0.0,0.0,0.0,0.0,0.0,0.0,0.0,0.0,0.0,0.0,0.0,0.0,0.0,0.0,0.0,0.0,0.0,0.0,0.2132701421800948,1.9194312796208532,0.6398104265402843,0.0,1.066350710900474,0.4265402843601896,4.691943127962085,0.2132701421800948,MF,3
Cristiano Ronaldo,Portugal,Portugal,FW,41,1985,Al-Nassr,5,5,440.0,4.9,3.0,0.0,3.0,2.0,1.0,1.0,0.0,0.0,0.61,0.0,0.61,0.41,0.41,18.0,9.0,50.0,3.68,1.84,0.11,0.22,88.0,97.8,88.0,4,0,0.0,0,1.6,7.0,3.0,4.0,0.82,-8.18,0.0,2.0,5.0,6.0,0.0,1.0,1.0,0.0,0.0,0.0,0.0,0.0,0.0,0.0,0.0,0.0,0.0,0.0,0.0,0.0,0.0,0.0,0.0,0.0,0.0,0.0,0.6136363636363636,0.0,3.6818181818181817,1.8409090909090908,0.20454545454545453,0.20454545454545453,0.40909090909090906,0.0,0.6136363636363636,FW,1
João Cancelo,Portugal,Portugal,DF,32,1994,Barcelona,5,5,312.0,3.5,0.0,1.0,1.0,0.0,0.0,0.0,0.0,0.0,0.0,0.29,0.29,0.0,0.29,3.0,0.0,0.0,0.87,0.0,0.0,0.0,62.0,69.3,62.0,1,0,0.0,0,1.6,4.0,2.0,2.0,0.58,-1.38,0.0,6.0,2.0,1.0,17.0,5.0,4.0,0.0,0.0,0.0,0.0,0.0,0.0,0.0,0.0,0.0,0.0,0.0,0.0,0.0,0.0,0.0,0.0,0.0,0.0,0.0,0.0,0.28846153846153844,0.8653846153846154,0.0,1.442307692307692,1.1538461538461537,1.7307692307692308,4.903846153846154,0.28846153846153844,DF,3
João Félix,Portugal,Portugal,MF,26,1999,Al-Nassr,3,3,201.0,2.2,0.0,0.0,0.0,0.0,0.0,0.0,0.0,0.0,0.0,0.0,0.0,0.0,0.0,6.0,1.0,16.7,2.69,0.45,0.0,0.0,67.0,44.7,67.0,0,0,0.0,2,1.33,4.0,0.0,4.0,1.79,1.43,0.0,3.0,6.0,0.0,4.0,3.0,4.0,0.0,0.0,0.0,0.0,0.0,0.0,0.0,0.0,0.0,0.0,0.0,0.0,0.0,0.0,0.0,0.0,0.0,0.0,0.0,0.0,0.0,2.6865671641791042,0.44776119402985076,1.3432835820895521,1.791044776119403,1.3432835820895521,1.791044776119403,0.0,MF,0
João Neves,Portugal,Portugal,MF,21,2004,PSG,5,4,390.0,4.3,1.0,0.0,1.0,1.0,0.0,0.0,0.0,0.0,0.23,0.0,0.23,0.23,0.23,3.0,1.0,33.3,0.69,0.23,0.33,1.0,78.0,86.7,86.0,3,1,45.0,0,1.6,7.0,3.0,4.0,0.92,-0.58,0.0,1.0,4.0,0.0,2.0,4.0,7.0,0.0,0.0,0.0,0.0,0.0,0.0,0.0,0.0,0.0,0.0,0.0,0.0,0.0,0.0,0.0,0.0,0.0,0.0,0.0,0.23076923076923078,0.0,0.6923076923076923,0.23076923076923078,0.9230769230769231,1.6153846153846152,0.23076923076923078,0.46153846153846156,0.23076923076923078,MF,0
Nuno Mendes,Portugal,Portugal,DF,23,2002,PSG,5,5,395.0,4.4,1.0,0.0,1.0,1.0,0.0,0.0,0.0,0.0,0.23,0.0,0.23,0.23,0.23,3.0,1.0,33.3,0.68,0.23,0.33,1.0,79.0,87.8,79.0,2,0,0.0,0,1.6,8.0,2.0,6.0,1.37,3.0,0.0,3.0,12.0,1.0,19.0,0.0,6.0,0.0,0.0,0.0,0.0,0.0,0.0,0.0,0.0,0.0,0.0,0.0,0.0,0.0,0.0,0.0,0.0,0.0,0.0,0.0,0.22784810126582278,0.0,0.6835443037974683,0.22784810126582278,0.0,1.3670886075949367,0.6835443037974683,4.329113924050633,0.22784810126582278,DF,3
Pedro Neto,Portugal,Portugal,MF,26,2000,Chelsea,5,5,350.0,3.9,0.0,1.0,1.0,0.0,0.0,0.0,0.0,0.0,0.0,0.26,0.26,0.0,0.26,1.0,0.0,0.0,0.26,0.0,0.0,0.0,70.0,77.8,70.0,1,0,0.0,0,1.6,4.0,2.0,2.0,0.51,-2.19,0.0,4.0,4.0,0.0,13.0,0.0,2.0,0.0,0.0,0.0,0.0,0.0,0.0,0.0,0.0,0.0,0.0,0.0,0.0,0.0,0.0,0.0,0.0,0.0,0.0,0.0,0.0,0.2571428571428571,0.2571428571428571,0.0,0.0,0.5142857142857142,1.0285714285714285,3.342857142857143,0.2571428571428571,MF,3
Renato Veiga,Portugal,Portugal,DF,22,2003,Villarreal,5,5,450.0,5.0,0.0,0.0,0.0,0.0,0.0,0.0,2.0,0.0,0.0,0.0,0.0,0.0,0.0,2.0,0.0,0.0,0.4,0.0,0.0,0.0,90.0,100.0,90.0,5,0,0.0,0,1.6,8.0,3.0,5.0,1.0,0.0,0.0,5.0,3.0,0.0,0.0,6.0,1.0,0.0,0.0,0.0,0.0,0.0,0.0,0.0,0.0,0.0,0.0,0.0,0.0,0.0,0.0,0.0,0.0,0.0,0.0,0.0,0.0,0.0,0.4,0.0,1.2000000000000002,0.2,1.0,0.0,0.0,DF,2
Rúben Dias,Portugal,Portugal,DF,29,1997,Manchester City,4,4,360.0,4.0,0.0,0.0,0.0,0.0,0.0,0.0,1.0,0.0,0.0,0.0,0.0,0.0,0.0,0.0,0.0,0.0,0.0,0.0,0.0,0.0,90.0,80.0,90.0,4,0,0.0,1,1.75,7.0,2.0,5.0,1.25,1.25,0.0,6.0,3.0,0.0,0.0,5.0,3.0,0.0,0.0,0.0,0.0,0.0,0.0,0.0,0.0,0.0,0.0,0.0,0.0,0.0,0.0,0.0,0.0,0.0,0.0,0.0,0.0,0.0,0.0,0.0,1.25,0.75,1.5,0.0,0.0,DF,2
Vitinha,Portugal,Portugal,MF,26,2000,PSG,5,5,376.0,4.2,0.0,0.0,0.0,0.0,0.0,0.0,0.0,0.0,0.0,0.0,0.0,0.0,0.0,4.0,0.0,0.0,0.96,0.0,0.0,0.0,75.0,83.6,75.0,0,0,0.0,0,1.6,5.0,2.0,3.0,0.72,-1.71,0.0,4.0,5.0,0.0,1.0,2.0,0.0,0.0,0.0,0.0,0.0,0.0,0.0,0.0,0.0,0.0,0.0,0.0,0.0,0.0,0.0,0.0,0.0,0.0,0.0,0.0,0.0,0.0,0.9574468085106382,0.0,0.4787234042553191,0.0,0.9574468085106382,0.23936170212765956,0.0,MF,2
Akram Afif,Qatar,Qatar,"FW,MF",29,1996,Unknown Club,3,3,238.0,2.6,0.0,0.0,0.0,0.0,0.0,0.0,0.0,0.0,0.0,0.0,0.0,0.0,0.0,2.0,0.0,0.0,0.76,0.0,0.0,0.0,79.0,88.1,79.0,2,0,0.0,0,0.33,2.0,7.0,-5.0,-1.89,6.55,0.0,0.0,4.0,2.0,11.0,0.0,1.0,0.0,0.0,0.0,0.0,0.0,0.0,0.0,0.0,0.0,0.0,0.0,0.0,0.0,0.0,0.0,0.0,0.0,0.0,0.0,0.0,0.0,0.7563025210084033,0.0,0.0,0.37815126050420167,0.0,4.159663865546219,0.0,MF,2
Boualem Khoukhi,Qatar,Qatar,DF,35,1990,Unknown Club,3,3,270.0,3.0,1.0,0.0,1.0,1.0,0.0,0.0,0.0,0.0,0.33,0.0,0.33,0.33,0.33,3.0,1.0,33.3,1.0,0.33,0.33,1.0,90.0,100.0,90.0,3,0,0.0,0,0.33,2.0,10.0,-8.0,-2.67,0.0,0.0,2.0,1.0,0.0,2.0,3.0,3.0,0.0,0.0,0.0,0.0,0.0,0.0,0.0,0.0,0.0,0.0,0.0,0.0,0.0,0.0,0.0,0.0,0.0,0.0,0.0,0.33333333333333337,0.0,1.0,0.33333333333333337,1.0,1.0,0.6666666666666667,0.6666666666666667,0.33333333333333337,DF,2
Edmilson Junior,Qatar,Qatar,"MF,FW",31,1994,Unknown Club,3,3,210.0,2.3,0.0,1.0,1.0,0.0,0.0,0.0,0.0,0.0,0.0,0.43,0.43,0.0,0.43,3.0,2.0,66.7,1.29,0.86,0.0,0.0,70.0,77.8,70.0,0,0,0.0,0,0.33,1.0,6.0,-5.0,-2.14,2.36,0.0,4.0,2.0,1.0,4.0,0.0,1.0,0.0,0.0,0.0,0.0,0.0,0.0,0.0,0.0,0.0,0.0,0.0,0.0,0.0,0.0,0.0,0.0,0.0,0.0,0.0,0.0,0.4285714285714286,1.2857142857142856,0.8571428571428572,0.0,0.4285714285714286,1.7142857142857144,1.7142857142857144,0.4285714285714286,MF,3
Issa Laye,Qatar,Qatar,"MF,DF",28,1997,Unknown Club,3,3,270.0,3.0,0.0,0.0,0.0,0.0,0.0,0.0,0.0,0.0,0.0,0.0,0.0,0.0,0.0,1.0,0.0,0.0,0.33,0.0,0.0,0.0,90.0,100.0,90.0,3,0,0.0,0,0.33,2.0,10.0,-8.0,-2.67,0.0,0.0,0.0,3.0,0.0,0.0,1.0,1.0,0.0,0.0,0.0,0.0,0.0,0.0,0.0,0.0,0.0,0.0,0.0,0.0,0.0,0.0,0.0,0.0,0.0,0.0,0.0,0.0,0.0,0.33333333333333337,0.0,0.33333333333333337,0.33333333333333337,0.0,0.0,0.0,DF,2
Ró-Ró,Qatar,Qatar,DF,35,1990,Unknown Club,3,3,270.0,3.0,0.0,0.0,0.0,0.0,0.0,0.0,0.0,0.0,0.0,0.0,0.0,0.0,0.0,3.0,1.0,33.3,1.0,0.33,0.0,0.0,90.0,100.0,90.0,3,0,0.0,0,0.33,2.0,10.0,-8.0,-2.67,0.0,0.0,1.0,7.0,0.0,2.0,3.0,4.0,0.0,0.0,0.0,0.0,0.0,0.0,0.0,0.0,0.0,0.0,0.0,0.0,0.0,0.0,0.0,0.0,0.0,0.0,0.0,0.0,0.0,1.0,0.33333333333333337,1.0,1.3333333333333335,0.33333333333333337,0.6666666666666667,0.0,DF,0
Abdulelah Al-Amri,Saudi Arabia,Saudi Arabia,DF,29,1997,Unknown Club,3,3,239.0,2.7,1.0,0.0,1.0,1.0,0.0,0.0,1.0,0.0,0.38,0.0,0.38,0.38,0.38,4.0,2.0,50.0,1.51,0.75,0.25,0.5,80.0,88.5,80.0,2,0,0.0,0,0.67,1.0,5.0,-4.0,-1.51,-1.51,0.0,1.0,0.0,0.0,1.0,4.0,2.0,0.0,0.0,0.0,0.0,0.0,0.0,0.0,0.0,0.0,0.0,0.0,0.0,0.0,0.0,0.0,0.0,0.0,0.0,0.0,0.37656903765690375,0.0,1.506276150627615,0.7531380753138075,1.506276150627615,0.7531380753138075,0.37656903765690375,0.37656903765690375,0.37656903765690375,DF,2
Abdullah Al-Khaibari,Saudi Arabia,Saudi Arabia,MF,29,1996,Al-Nassr,3,3,180.0,2.0,0.0,0.0,0.0,0.0,0.0,0.0,0.0,0.0,0.0,0.0,0.0,0.0,0.0,1.0,0.0,0.0,0.5,0.0,0.0,0.0,60.0,66.7,60.0,1,0,0.0,0,0.67,1.0,4.0,-3.0,-1.5,-0.5,0.0,0.0,2.0,0.0,0.0,1.0,1.0,0.0,0.0,0.0,0.0,0.0,0.0,0.0,0.0,0.0,0.0,0.0,0.0,0.0,0.0,0.0,0.0,0.0,0.0,0.0,0.0,0.0,0.5,0.0,0.5,0.5,0.0,0.0,0.0,MF,2
Firas Al-Buraikan,Saudi Arabia,Saudi Arabia,FW,26,2000,Al-Ahli,3,3,238.0,2.6,0.0,0.0,0.0,0.0,0.0,0.0,1.0,0.0,0.0,0.0,0.0,0.0,0.0,0.0,0.0,0.0,0.0,0.0,0.0,0.0,79.0,88.1,79.0,1,0,0.0,0,0.67,1.0,5.0,-4.0,-1.51,-1.51,0.0,2.0,3.0,0.0,0.0,1.0,0.0,0.0,0.0,0.0,0.0,0.0,0.0,0.0,0.0,0.0,0.0,0.0,0.0,0.0,0.0,0.0,0.0,0.0,0.0,0.0,0.0,0.0,0.0,0.0,0.37815126050420167,0.0,0.7563025210084033,0.0,0.0,FW,2
Hassan Al Tambakti,Saudi Arabia,Saudi Arabia,DF,27,1999,Al-Hilal,3,3,212.0,2.4,0.0,0.0,0.0,0.0,0.0,0.0,0.0,0.0,0.0,0.0,0.0,0.0,0.0,0.0,0.0,0.0,0.0,0.0,0.0,0.0,71.0,78.5,71.0,2,0,0.0,0,0.67,1.0,5.0,-4.0,-1.7,-1.7,0.0,0.0,1.0,0.0,0.0,3.0,3.0,1.0,0.0,0.0,0.0,0.0,0.0,0.0,0.0,0.0,0.0,0.0,0.0,0.0,0.0,0.0,0.0,0.0,0.0,0.0,0.0,0.0,0.0,0.0,1.2735849056603774,1.2735849056603774,0.0,0.0,0.0,DF,0
Mohamed Kanno,Saudi Arabia,Saudi Arabia,MF,31,1994,Al-Hilal,3,2,225.0,2.5,0.0,0.0,0.0,0.0,0.0,0.0,1.0,0.0,0.0,0.0,0.0,0.0,0.0,3.0,2.0,66.7,1.2,0.8,0.0,0.0,75.0,83.3,90.0,2,1,45.0,0,0.67,1.0,2.0,-1.0,-0.4,5.6,0.0,5.0,0.0,0.0,0.0,2.0,4.0,0.0,0.0,0.0,0.0,0.0,0.0,0.0,0.0,0.0,0.0,0.0,0.0,0.0,0.0,0.0,0.0,0.0,0.0,0.0,0.0,0.0,1.2000000000000002,0.8,0.8,1.6,2.0,0.0,0.0,MF,0
Moteb Al-Harbi,Saudi Arabia,Saudi Arabia,DF,26,2000,Al-Hilal,3,2,188.0,2.1,0.0,0.0,0.0,0.0,0.0,0.0,0.0,0.0,0.0,0.0,0.0,0.0,0.0,0.0,0.0,0.0,0.0,0.0,0.0,0.0,63.0,69.6,90.0,1,1,9.0,0,0.67,1.0,5.0,-4.0,-1.91,-1.91,0.0,0.0,4.0,0.0,1.0,4.0,1.0,0.0,0.0,0.0,0.0,0.0,0.0,0.0,0.0,0.0,0.0,0.0,0.0,0.0,0.0,0.0,0.0,0.0,0.0,0.0,0.0,0.0,0.0,0.0,1.9148936170212765,0.4787234042553191,0.0,0.4787234042553191,0.0,DF,0
Nasser Al-Dawsari,Saudi Arabia,Saudi Arabia,MF,27,1998,Al-Hilal,3,2,207.0,2.3,0.0,0.0,0.0,0.0,0.0,0.0,1.0,0.0,0.0,0.0,0.0,0.0,0.0,1.0,0.0,0.0,0.43,0.0,0.0,0.0,69.0,76.7,90.0,1,1,28.0,0,0.67,0.0,5.0,-5.0,-2.17,-3.6,0.0,7.0,2.0,0.0,1.0,4.0,4.0,0.0,0.0,0.0,0.0,0.0,0.0,0.0,0.0,0.0,0.0,0.0,0.0,0.0,0.0,0.0,0.0,0.0,0.0,0.0,0.0,0.0,0.43478260869565216,0.0,1.7391304347826086,1.7391304347826086,3.043478260869565,0.43478260869565216,0.0,MF,0
Salem Al-Dawsari,Saudi Arabia,Saudi Arabia,MF,34,1991,Al-Hilal,3,3,245.0,2.7,0.0,0.0,0.0,0.0,0.0,0.0,1.0,0.0,0.0,0.0,0.0,0.0,0.0,3.0,0.0,0.0,1.1,0.0,0.0,0.0,82.0,90.7,82.0,2,0,0.0,0,0.67,1.0,5.0,-4.0,-1.47,-1.47,0.0,3.0,4.0,1.0,3.0,1.0,1.0,0.0,0.0,0.0,0.0,0.0,0.0,0.0,0.0,0.0,0.0,0.0,0.0,0.0,0.0,0.0,0.0,0.0,0.0,0.0,0.0,0.0,1.1020408163265305,0.0,0.3673469387755102,0.3673469387755102,1.1020408163265305,1.1020408163265305,0.0,MF,2
Saud Abdulhamid,Saudi Arabia,Saudi Arabia,DF,26,1999,Lens,3,3,269.0,3.0,0.0,0.0,0.0,0.0,0.0,0.0,1.0,0.0,0.0,0.0,0.0,0.0,0.0,2.0,0.0,0.0,0.67,0.0,0.0,0.0,90.0,99.6,90.0,2,0,0.0,0,0.67,1.0,5.0,-4.0,-1.34,-1.34,0.0,4.0,2.0,0.0,5.0,2.0,9.0,0.0,0.0,0.0,0.0,0.0,0.0,0.0,0.0,0.0,0.0,0.0,0.0,0.0,0.0,0.0,0.0,0.0,0.0,0.0,0.0,0.0,0.6691449814126393,0.0,0.6691449814126393,3.011152416356877,1.3382899628252787,1.6728624535315986,0.0,DF,0
Andy Robertson,Scotland,Scotland,DF,32,1994,Liverpool,3,3,225.0,2.5,0.0,0.0,0.0,0.0,0.0,0.0,1.0,0.0,0.0,0.0,0.0,0.0,0.0,0.0,0.0,0.0,0.0,0.0,0.0,0.0,75.0,83.3,75.0,2,0,0.0,0,1.0,1.0,3.0,-2.0,-0.8,1.2,0.0,3.0,1.0,0.0,10.0,2.0,1.0,0.0,0.0,0.0,0.0,0.0,0.0,0.0,0.0,0.0,0.0,0.0,0.0,0.0,0.0,0.0,0.0,0.0,0.0,0.0,0.0,0.0,0.0,0.0,0.8,0.4,1.2000000000000002,4.0,0.0,DF,2
Ben Gannon-Doak,Scotland,Scotland,MF,20,2005,Bournemouth,3,2,186.0,2.1,0.0,0.0,0.0,0.0,0.0,0.0,0.0,0.0,0.0,0.0,0.0,0.0,0.0,4.0,0.0,0.0,1.94,0.0,0.0,0.0,62.0,68.9,78.0,0,1,31.0,0,1.0,1.0,3.0,-2.0,-0.97,0.1,0.0,3.0,1.0,0.0,6.0,0.0,1.0,0.0,0.0,0.0,0.0,0.0,0.0,0.0,0.0,0.0,0.0,0.0,0.0,0.0,0.0,0.0,0.0,0.0,0.0,0.0,0.0,0.0,1.935483870967742,0.0,0.0,0.4838709677419355,1.4516129032258065,2.903225806451613,0.0,MF,2
Grant Hanley,Scotland,Scotland,DF,34,1991,Hibernian,2,2,180.0,2.0,0.0,0.0,0.0,0.0,0.0,0.0,0.0,0.0,0.0,0.0,0.0,0.0,0.0,0.0,0.0,0.0,0.0,0.0,0.0,0.0,90.0,66.7,90.0,2,0,0.0,1,1.5,1.0,1.0,0.0,0.0,3.0,0.0,1.0,0.0,1.0,0.0,1.0,2.0,0.0,0.0,0.0,0.0,0.0,0.0,0.0,0.0,0.0,0.0,0.0,0.0,0.0,0.0,0.0,0.0,0.0,0.0,0.0,0.0,0.0,0.0,0.0,0.5,1.0,0.5,0.0,0.0,DF,2
Jack Hendry,Scotland,Scotland,DF,31,1995,Al-Ettifaq,3,3,270.0,3.0,0.0,0.0,0.0,0.0,0.0,0.0,0.0,0.0,0.0,0.0,0.0,0.0,0.0,0.0,0.0,0.0,0.0,0.0,0.0,0.0,90.0,100.0,90.0,3,0,0.0,0,1.0,1.0,4.0,-3.0,-1.0,0.0,0.0,1.0,3.0,0.0,0.0,0.0,2.0,0.0,0.0,0.0,0.0,0.0,0.0,0.0,0.0,0.0,0.0,0.0,0.0,0.0,0.0,0.0,0.0,0.0,0.0,0.0,0.0,0.0,0.0,0.0,0.0,0.6666666666666667,0.33333333333333337,0.0,0.0,DF,2
John McGinn,Scotland,Scotland,MF,31,1994,Aston Villa,3,3,259.0,2.9,1.0,0.0,1.0,1.0,0.0,0.0,0.0,0.0,0.35,0.0,0.35,0.35,0.35,3.0,1.0,33.3,1.04,0.35,0.33,1.0,86.0,95.9,86.0,0,0,0.0,0,1.0,1.0,4.0,-3.0,-1.04,-1.04,0.0,2.0,11.0,0.0,10.0,0.0,0.0,0.0,0.0,0.0,0.0,0.0,0.0,0.0,0.0,0.0,0.0,0.0,0.0,0.0,0.0,0.0,0.0,0.0,0.0,0.0,0.3474903474903475,0.0,1.0424710424710424,0.3474903474903475,0.0,0.0,0.694980694980695,3.4749034749034746,0.3474903474903475,MF,2
Lewis Ferguson,Scotland,Scotland,MF,26,1999,Bologna,3,3,270.0,3.0,0.0,0.0,0.0,0.0,0.0,0.0,0.0,0.0,0.0,0.0,0.0,0.0,0.0,2.0,1.0,50.0,0.67,0.33,0.0,0.0,90.0,100.0,90.0,3,0,0.0,0,1.0,1.0,4.0,-3.0,-1.0,0.0,0.0,5.0,10.0,0.0,9.0,4.0,7.0,0.0,0.0,0.0,0.0,0.0,0.0,0.0,0.0,0.0,0.0,0.0,0.0,0.0,0.0,0.0,0.0,0.0,0.0,0.0,0.0,0.0,0.6666666666666667,0.33333333333333337,1.3333333333333335,2.3333333333333335,1.6666666666666665,3.0,0.0,MF,0
Nathan Patterson,Scotland,Scotland,DF,24,2001,Everton,3,2,185.0,2.1,0.0,0.0,0.0,0.0,0.0,0.0,0.0,0.0,0.0,0.0,0.0,0.0,0.0,0.0,0.0,0.0,0.0,0.0,0.0,0.0,62.0,68.5,85.0,0,1,16.0,0,1.0,0.0,4.0,-4.0,-1.95,-3.0,0.0,2.0,0.0,0.0,1.0,3.0,2.0,0.0,0.0,0.0,0.0,0.0,0.0,0.0,0.0,0.0,0.0,0.0,0.0,0.0,0.0,0.0,0.0,0.0,0.0,0.0,0.0,0.0,0.0,0.0,1.4594594594594597,0.972972972972973,0.972972972972973,0.4864864864864865,0.0,DF,0
Scott McTominay,Scotland,Scotland,MF,29,1996,Napoli,3,3,270.0,3.0,0.0,0.0,0.0,0.0,0.0,0.0,0.0,0.0,0.0,0.0,0.0,0.0,0.0,8.0,3.0,37.5,2.67,1.0,0.0,0.0,90.0,100.0,90.0,3,0,0.0,0,1.0,1.0,4.0,-3.0,-1.0,0.0,0.0,3.0,0.0,0.0,0.0,0.0,2.0,0.0,0.0,0.0,0.0,0.0,0.0,0.0,0.0,0.0,0.0,0.0,0.0,0.0,0.0,0.0,0.0,0.0,0.0,0.0,0.0,0.0,2.666666666666667,1.0,0.0,0.6666666666666667,1.0,0.0,0.0,MF,2
Idrissa Gueye,Senegal,Senegal,MF,36,1989,Everton,4,4,361.0,4.0,0.0,0.0,0.0,0.0,0.0,0.0,0.0,0.0,0.0,0.0,0.0,0.0,0.0,5.0,1.0,20.0,1.25,0.25,0.0,0.0,90.0,92.6,90.0,2,0,0.0,0,0.75,9.0,7.0,2.0,0.5,3.6,0.0,2.0,2.0,0.0,1.0,2.0,4.0,0.0,0.0,0.0,0.0,0.0,0.0,0.0,0.0,0.0,0.0,0.0,0.0,0.0,0.0,0.0,0.0,0.0,0.0,0.0,0.0,0.0,1.2465373961218835,0.24930747922437674,0.4986149584487535,0.997229916897507,0.4986149584487535,0.24930747922437674,0.0,MF,2
Ismail Jakobs,Senegal,Senegal,DF,26,1999,Galatasaray,3,2,219.0,2.4,0.0,0.0,0.0,0.0,0.0,0.0,0.0,0.0,0.0,0.0,0.0,0.0,0.0,1.0,0.0,0.0,0.41,0.0,0.0,0.0,73.0,56.2,91.0,1,1,37.0,1,1.0,8.0,3.0,5.0,2.05,4.16,0.0,2.0,0.0,0.0,18.0,2.0,2.0,0.0,0.0,0.0,0.0,0.0,0.0,0.0,0.0,0.0,0.0,0.0,0.0,0.0,0.0,0.0,0.0,0.0,0.0,0.0,0.0,0.0,0.410958904109589,0.0,0.821917808219178,0.821917808219178,0.821917808219178,7.397260273972602,0.0,DF,3
Ismaila Sarr,Senegal,Senegal,"MF,FW",28,1998,Crystal Palace,4,4,364.0,4.0,4.0,1.0,5.0,4.0,0.0,0.0,0.0,0.0,0.99,0.25,1.24,0.99,1.24,17.0,6.0,35.3,4.2,1.48,0.24,0.67,91.0,93.3,91.0,2,0,0.0,0,0.75,8.0,7.0,1.0,0.25,0.25,0.0,1.0,9.0,2.0,2.0,2.0,1.0,0.0,0.0,0.0,0.0,0.0,0.0,0.0,0.0,0.0,0.0,0.0,0.0,0.0,0.0,0.0,0.0,0.0,0.0,0.0,0.989010989010989,0.24725274725274726,4.2032967032967035,1.4835164835164836,0.4945054945054945,0.24725274725274726,0.24725274725274726,0.4945054945054945,1.2362637362637363,MF,1
Krépin Diatta,Senegal,Senegal,DF,27,1999,Monaco,4,4,390.0,4.3,0.0,0.0,0.0,0.0,0.0,0.0,0.0,0.0,0.0,0.0,0.0,0.0,0.0,1.0,0.0,0.0,0.23,0.0,0.0,0.0,98.0,100.0,98.0,4,0,0.0,0,0.75,10.0,9.0,1.0,0.23,0.0,0.0,4.0,6.0,0.0,12.0,3.0,10.0,0.0,0.0,0.0,0.0,0.0,0.0,0.0,0.0,0.0,0.0,0.0,0.0,0.0,0.0,0.0,0.0,0.0,0.0,0.0,0.0,0.0,0.23076923076923078,0.0,0.6923076923076923,2.3076923076923075,0.9230769230769231,2.769230769230769,0.0,DF,0
Lamine Camara,Senegal,Senegal,MF,22,2004,Monaco,4,3,248.0,2.8,0.0,1.0,1.0,0.0,0.0,0.0,1.0,0.0,0.0,0.36,0.36,0.0,0.36,3.0,0.0,0.0,1.09,0.0,0.0,0.0,62.0,63.6,64.0,0,1,55.0,0,0.75,3.0,7.0,-4.0,-1.45,-4.62,0.0,5.0,3.0,0.0,7.0,2.0,1.0,0.0,0.0,0.0,0.0,0.0,0.0,0.0,0.0,0.0,0.0,0.0,0.0,0.0,0.0,0.0,0.0,0.0,0.0,0.0,0.0,0.3629032258064516,1.0887096774193548,0.0,0.7258064516129032,0.3629032258064516,1.814516129032258,2.540322580645161,0.3629032258064516,MF,3
Moussa Niakhaté,Senegal,Senegal,DF,30,1996,Lyon,4,4,390.0,4.3,0.0,1.0,1.0,0.0,0.0,0.0,0.0,0.0,0.0,0.23,0.23,0.0,0.23,1.0,0.0,0.0,0.23,0.0,0.0,0.0,98.0,100.0,98.0,4,0,0.0,0,0.75,10.0,9.0,1.0,0.23,0.0,0.0,3.0,6.0,0.0,2.0,4.0,1.0,0.0,0.0,0.0,0.0,0.0,0.0,0.0,0.0,0.0,0.0,0.0,0.0,0.0,0.0,0.0,0.0,0.0,0.0,0.0,0.0,0.23076923076923078,0.23076923076923078,0.0,0.9230769230769231,0.23076923076923078,0.6923076923076923,0.46153846153846156,0.23076923076923078,DF,2
Nicolas Jackson,Senegal,Senegal,FW,24,2001,Bayern Munich,4,2,234.0,2.6,0.0,1.0,1.0,0.0,0.0,0.0,0.0,0.0,0.0,0.38,0.38,0.0,0.38,7.0,3.0,42.9,2.69,1.15,0.0,0.0,59.0,60.0,86.0,1,2,31.0,0,0.75,5.0,6.0,-1.0,-0.38,-1.54,0.0,2.0,0.0,5.0,1.0,1.0,2.0,0.0,0.0,0.0,0.0,0.0,0.0,0.0,0.0,0.0,0.0,0.0,0.0,0.0,0.0,0.0,0.0,0.0,0.0,0.0,0.0,0.38461538461538464,2.6923076923076925,1.1538461538461537,0.38461538461538464,0.7692307692307693,0.7692307692307693,0.38461538461538464,0.38461538461538464,FW,1
Pape Gueye,Senegal,Senegal,MF,27,1999,Villarreal,4,3,234.0,2.6,2.0,1.0,3.0,2.0,0.0,0.0,1.0,0.0,0.77,0.38,1.15,0.77,1.15,8.0,3.0,37.5,3.08,1.15,0.25,0.67,59.0,60.0,67.0,0,1,34.0,0,0.75,6.0,4.0,2.0,0.77,1.35,0.0,4.0,2.0,0.0,3.0,4.0,1.0,0.0,0.0,0.0,0.0,0.0,0.0,0.0,0.0,0.0,0.0,0.0,0.0,0.0,0.0,0.0,0.0,0.0,0.0,0.0,0.7692307692307693,0.38461538461538464,3.076923076923077,1.1538461538461537,1.5384615384615385,0.38461538461538464,1.5384615384615385,1.1538461538461537,1.153846153846154,MF,1
Pathé Ciss,Senegal,Senegal,DF,32,1994,Rayo Vallecano,4,1,184.0,2.0,0.0,0.0,0.0,0.0,0.0,0.0,0.0,0.0,0.0,0.0,0.0,0.0,0.0,2.0,1.0,50.0,0.98,0.49,0.0,0.0,46.0,47.2,120.0,1,3,21.0,0,0.75,7.0,4.0,3.0,1.47,2.34,0.0,1.0,0.0,0.0,0.0,0.0,0.0,0.0,0.0,0.0,0.0,0.0,0.0,0.0,0.0,0.0,0.0,0.0,0.0,0.0,0.0,0.0,0.0,0.0,0.0,0.0,0.0,0.0,0.9782608695652174,0.4891304347826087,0.0,0.0,0.4891304347826087,0.0,0.0,DF,2
Sadio Mané,Senegal,Senegal,"MF,FW",34,1992,Al-Nassr,4,4,362.0,4.0,0.0,1.0,1.0,0.0,0.0,0.0,0.0,0.0,0.0,0.25,0.25,0.0,0.25,6.0,3.0,50.0,1.49,0.75,0.0,0.0,91.0,92.8,91.0,3,0,0.0,0,0.75,10.0,8.0,2.0,0.5,3.71,0.0,4.0,10.0,3.0,13.0,3.0,2.0,0.0,0.0,0.0,0.0,0.0,0.0,0.0,0.0,0.0,0.0,0.0,0.0,0.0,0.0,0.0,0.0,0.0,0.0,0.0,0.0,0.24861878453038672,1.4917127071823204,0.7458563535911602,0.7458563535911602,0.49723756906077343,0.9944751381215469,3.2320441988950277,0.24861878453038672,MF,3
Aubrey Modiba,South Africa,South Africa,DF,30,1995,Sundowns,4,4,346.0,3.8,0.0,0.0,0.0,0.0,0.0,0.0,1.0,0.0,0.0,0.0,0.0,0.0,0.0,5.0,1.0,20.0,1.3,0.26,0.0,0.0,87.0,96.1,87.0,3,0,0.0,0,1.0,2.0,4.0,-2.0,-0.52,-0.52,0.0,4.0,6.0,2.0,11.0,4.0,5.0,0.0,0.0,0.0,0.0,0.0,0.0,0.0,0.0,0.0,0.0,0.0,0.0,0.0,0.0,0.0,0.0,0.0,0.0,0.0,0.0,0.0,1.300578034682081,0.26011560693641617,1.0404624277456647,1.300578034682081,1.0404624277456647,2.8612716763005777,0.0,DF,0
Evidence Makgopa,South Africa,South Africa,FW,26,2000,Orlando Pirates,4,2,215.0,2.4,0.0,0.0,0.0,0.0,0.0,0.0,0.0,0.0,0.0,0.0,0.0,0.0,0.0,4.0,3.0,75.0,1.67,1.26,0.0,0.0,54.0,59.7,88.0,1,2,20.0,0,1.0,2.0,0.0,2.0,0.84,3.32,0.0,1.0,1.0,2.0,0.0,1.0,1.0,0.0,0.0,0.0,0.0,0.0,0.0,0.0,0.0,0.0,0.0,0.0,0.0,0.0,0.0,0.0,0.0,0.0,0.0,0.0,0.0,0.0,1.6744186046511627,1.255813953488372,0.41860465116279066,0.41860465116279066,0.41860465116279066,0.0,0.0,FW,2
Ime Okon,South Africa,South Africa,DF,22,2004,Hannover 96,4,4,360.0,4.0,0.0,0.0,0.0,0.0,0.0,0.0,0.0,0.0,0.0,0.0,0.0,0.0,0.0,1.0,0.0,0.0,0.25,0.0,0.0,0.0,90.0,100.0,90.0,4,0,0.0,0,1.0,2.0,4.0,-2.0,-0.5,0.0,0.0,1.0,0.0,0.0,0.0,5.0,2.0,0.0,0.0,0.0,0.0,0.0,0.0,0.0,0.0,0.0,0.0,0.0,0.0,0.0,0.0,0.0,0.0,0.0,0.0,0.0,0.0,0.0,0.25,0.0,1.25,0.5,0.25,0.0,0.0,DF,2
Khuliso Mudau,South Africa,South Africa,DF,31,1995,Sundowns,4,4,360.0,4.0,0.0,0.0,0.0,0.0,0.0,0.0,0.0,0.0,0.0,0.0,0.0,0.0,0.0,0.0,0.0,0.0,0.0,0.0,0.0,0.0,90.0,100.0,90.0,4,0,0.0,0,1.0,2.0,4.0,-2.0,-0.5,0.0,0.0,4.0,10.0,1.0,3.0,11.0,8.0,0.0,0.0,0.0,0.0,0.0,0.0,0.0,0.0,0.0,0.0,0.0,0.0,0.0,0.0,0.0,0.0,0.0,0.0,0.0,0.0,0.0,0.0,0.0,2.75,2.0,1.0,0.75,0.0,DF,0
Mbekezeli Mbokazi,South Africa,South Africa,DF,20,2005,Chicago Fire,4,4,360.0,4.0,0.0,0.0,0.0,0.0,0.0,0.0,0.0,0.0,0.0,0.0,0.0,0.0,0.0,4.0,1.0,25.0,1.0,0.25,0.0,0.0,90.0,100.0,90.0,4,0,0.0,0,1.0,2.0,4.0,-2.0,-0.5,0.0,0.0,3.0,5.0,1.0,3.0,4.0,5.0,0.0,0.0,0.0,0.0,0.0,0.0,0.0,0.0,0.0,0.0,0.0,0.0,0.0,0.0,0.0,0.0,0.0,0.0,0.0,0.0,0.0,1.0,0.25,1.0,1.25,0.75,0.75,0.0,DF,0
Oswin Appollis,South Africa,South Africa,"MF,FW",24,2001,Orlando Pirates,4,3,255.0,2.8,0.0,0.0,0.0,0.0,0.0,0.0,0.0,0.0,0.0,0.0,0.0,0.0,0.0,4.0,1.0,25.0,1.41,0.35,0.0,0.0,64.0,70.8,80.0,2,1,14.0,0,1.0,1.0,2.0,-1.0,-0.35,0.5,0.0,1.0,2.0,0.0,8.0,1.0,3.0,0.0,0.0,0.0,0.0,0.0,0.0,0.0,0.0,0.0,0.0,0.0,0.0,0.0,0.0,0.0,0.0,0.0,0.0,0.0,0.0,0.0,1.4117647058823528,0.3529411764705882,0.3529411764705882,1.0588235294117647,0.3529411764705882,2.8235294117647056,0.0,MF,2
Sphephelo Sithole,South Africa,South Africa,MF,27,1999,Tondela,3,3,229.0,2.5,0.0,0.0,0.0,0.0,0.0,0.0,0.0,1.0,0.0,0.0,0.0,0.0,0.0,0.0,0.0,0.0,0.0,0.0,0.0,0.0,76.0,63.6,76.0,2,0,0.0,0,1.0,1.0,2.0,-1.0,-0.39,0.29,0.0,5.0,1.0,0.0,0.0,5.0,5.0,0.0,0.0,0.0,0.0,0.0,0.0,0.0,0.0,0.0,0.0,0.0,0.0,0.0,0.0,0.0,0.0,0.0,0.0,0.0,0.0,0.0,0.0,0.0,1.965065502183406,1.965065502183406,1.965065502183406,0.0,0.0,MF,0
Teboho Mokoena,South Africa,South Africa,MF,29,1997,Sundowns,3,3,270.0,3.0,1.0,0.0,1.0,0.0,1.0,1.0,2.0,0.0,0.33,0.0,0.33,0.0,0.0,4.0,2.0,50.0,1.33,0.67,0.0,0.0,90.0,75.0,90.0,3,0,0.0,0,0.33,1.0,4.0,-3.0,-1.0,-2.0,0.0,3.0,6.0,0.0,5.0,5.0,3.0,0.0,0.0,0.0,0.0,0.0,0.0,0.0,0.0,0.0,0.0,0.0,0.0,0.0,0.0,0.0,0.0,0.0,0.0,0.0,0.33333333333333337,0.0,1.3333333333333335,0.6666666666666667,1.6666666666666665,1.0,1.0,1.6666666666666665,0.33333333333333337,MF,0
Thalente Mbatha,South Africa,South Africa,MF,26,2000,Orlando Pirates,4,2,260.0,2.9,0.0,0.0,0.0,0.0,0.0,0.0,1.0,0.0,0.0,0.0,0.0,0.0,0.0,4.0,1.0,25.0,1.38,0.35,0.0,0.0,65.0,72.2,90.0,2,2,40.0,0,1.0,2.0,3.0,-1.0,-0.35,0.55,0.0,4.0,0.0,0.0,4.0,5.0,2.0,0.0,0.0,0.0,0.0,0.0,0.0,0.0,0.0,0.0,0.0,0.0,0.0,0.0,0.0,0.0,0.0,0.0,0.0,0.0,0.0,0.0,1.3846153846153846,0.34615384615384615,1.7307692307692308,0.6923076923076923,1.3846153846153846,1.3846153846153846,0.0,MF,0
Thapelo Maseko,South Africa,South Africa,"MF,FW",22,2003,Unknown Club,3,3,242.0,2.7,1.0,0.0,1.0,1.0,0.0,0.0,0.0,0.0,0.37,0.0,0.37,0.37,0.37,8.0,1.0,12.5,2.98,0.37,0.13,1.0,81.0,67.2,81.0,0,0,0.0,1,1.33,2.0,1.0,1.0,0.37,2.66,0.0,4.0,10.0,0.0,2.0,2.0,1.0,0.0,0.0,0.0,0.0,0.0,0.0,0.0,0.0,0.0,0.0,0.0,0.0,0.0,0.0,0.0,0.0,0.0,0.0,0.0,0.371900826446281,0.0,2.975206611570248,0.371900826446281,0.743801652892562,0.371900826446281,1.487603305785124,0.743801652892562,0.371900826446281,MF,2
Aymeric Laporte,Spain,Spain,DF,32,1994,Athletic Club,8,8,727.0,8.1,0.0,1.0,1.0,0.0,0.0,0.0,1.0,0.0,0.0,0.12,0.12,0.0,0.12,5.0,2.0,40.0,0.62,0.25,0.0,0.0,91.0,96.9,91.0,6,0,0.0,0,2.75,13.0,1.0,12.0,1.49,-2.43,0.0,5.0,4.0,0.0,1.0,14.0,3.0,0.0,0.0,0.0,0.0,0.0,0.0,0.0,0.0,0.0,0.0,0.0,0.0,0.0,0.0,0.0,0.0,0.0,0.0,0.0,0.0,0.12379642365887208,0.6189821182943603,0.24759284731774417,1.7331499312242091,0.37138927097661617,0.6189821182943603,0.12379642365887208,0.12379642365887208,DF,0
Dani Olmo,Spain,Spain,MF,28,1998,Barcelona,8,6,491.0,5.5,0.0,2.0,2.0,0.0,0.0,0.0,0.0,0.0,0.0,0.37,0.37,0.0,0.37,13.0,2.0,15.4,2.38,0.37,0.0,0.0,61.0,65.5,75.0,0,2,21.0,0,2.75,9.0,1.0,8.0,1.47,-0.27,0.0,6.0,10.0,0.0,1.0,1.0,5.0,0.0,0.0,0.0,0.0,0.0,0.0,0.0,0.0,0.0,0.0,0.0,0.0,0.0,0.0,0.0,0.0,0.0,0.0,0.0,0.0,0.3665987780040733,2.3828920570264764,0.3665987780040733,0.18329938900203666,0.9164969450101833,1.0997963340122199,0.18329938900203666,0.3665987780040733,MF,2
Fabián Ruiz Peña,Spain,Spain,MF,30,1996,PSG,8,4,321.0,3.6,1.0,0.0,1.0,1.0,0.0,0.0,0.0,0.0,0.28,0.0,0.28,0.28,0.28,8.0,2.0,25.0,2.24,0.56,0.13,0.5,40.0,42.8,66.0,0,4,15.0,0,2.75,4.0,1.0,3.0,0.84,-1.26,0.0,1.0,3.0,0.0,9.0,4.0,3.0,0.0,0.0,0.0,0.0,0.0,0.0,0.0,0.0,0.0,0.0,0.0,0.0,0.0,0.0,0.0,0.0,0.0,0.0,0.0,0.2803738317757009,0.0,2.2429906542056073,0.5607476635514018,1.1214953271028036,0.8411214953271028,0.2803738317757009,2.5233644859813085,0.2803738317757009,MF,2
Ferran Torres,Spain,Spain,FW,26,2000,Barcelona,8,1,288.0,3.2,1.0,1.0,2.0,1.0,0.0,0.0,1.0,0.0,0.31,0.31,0.62,0.31,0.62,14.0,4.0,28.6,4.37,1.25,0.07,0.25,36.0,38.4,80.0,0,7,30.0,0,2.75,5.0,0.0,5.0,1.56,0.0,0.0,6.0,4.0,3.0,4.0,0.0,0.0,0.0,0.0,0.0,0.0,0.0,0.0,0.0,0.0,0.0,0.0,0.0,0.0,0.0,0.0,0.0,0.0,0.0,0.0,0.0,0.3125,0.3125,4.375,1.25,0.0,0.0,1.875,1.25,0.625,FW,1
Lamine Yamal,Spain,Spain,"MF,FW",18,2007,Barcelona,8,7,614.0,6.8,1.0,0.0,1.0,1.0,0.0,0.0,0.0,0.0,0.15,0.0,0.15,0.15,0.15,27.0,12.0,44.4,3.96,1.76,0.04,0.08,77.0,81.9,85.0,4,1,20.0,0,2.75,12.0,1.0,11.0,1.61,0.29,0.0,14.0,9.0,7.0,34.0,2.0,9.0,0.0,0.0,0.0,0.0,0.0,0.0,0.0,0.0,0.0,0.0,0.0,0.0,0.0,0.0,0.0,0.0,0.0,0.0,0.0,0.1465798045602606,0.0,3.957654723127036,1.758957654723127,0.2931596091205212,1.3192182410423452,2.0521172638436482,4.9837133550488595,0.1465798045602606,MF,1
Marc Cucurella,Spain,Spain,DF,27,1998,Chelsea,8,8,750.0,8.3,0.0,2.0,2.0,0.0,0.0,0.0,1.0,0.0,0.0,0.24,0.24,0.0,0.24,5.0,3.0,60.0,0.6,0.36,0.0,0.0,94.0,100.0,94.0,8,0,0.0,0,2.75,14.0,1.0,13.0,1.56,0.0,0.0,8.0,5.0,4.0,13.0,7.0,4.0,0.0,0.0,0.0,0.0,0.0,0.0,0.0,0.0,0.0,0.0,0.0,0.0,0.0,0.0,0.0,0.0,0.0,0.0,0.0,0.0,0.24,0.6000000000000001,0.36,0.8400000000000001,0.48,0.96,1.5599999999999998,0.24,DF,2
Marcos Llorente,Spain,Spain,DF,31,1995,Atlético Madrid,3,2,187.0,2.1,0.0,1.0,1.0,0.0,0.0,0.0,0.0,0.0,0.0,0.48,0.48,0.0,0.48,0.0,0.0,0.0,0.0,0.0,0.0,0.0,62.0,24.9,90.0,2,1,7.0,5,2.33,1.0,0.0,1.0,0.48,-1.44,0.0,2.0,1.0,0.0,4.0,1.0,6.0,0.0,0.0,0.0,0.0,0.0,0.0,0.0,0.0,0.0,0.0,0.0,0.0,0.0,0.0,0.0,0.0,0.0,0.0,0.0,0.0,0.48128342245989303,0.0,0.0,0.48128342245989303,2.8877005347593587,0.9625668449197861,1.9251336898395721,0.48128342245989303,DF,3
Mikel Merino,Spain,Spain,MF,29,1996,Arsenal,8,1,199.0,2.2,2.0,0.0,2.0,2.0,0.0,0.0,0.0,0.0,0.9,0.0,0.9,0.9,0.9,5.0,3.0,60.0,2.26,1.36,0.4,0.67,25.0,26.5,59.0,0,7,20.0,0,2.75,5.0,0.0,5.0,2.26,0.95,0.0,6.0,8.0,0.0,1.0,3.0,2.0,0.0,0.0,0.0,0.0,0.0,0.0,0.0,0.0,0.0,0.0,0.0,0.0,0.0,0.0,0.0,0.0,0.0,0.0,0.0,0.9045226130653267,0.0,2.261306532663317,1.3567839195979898,1.3567839195979898,0.9045226130653267,2.7135678391959797,0.45226130653266333,0.9045226130653267,MF,1
Mikel Oyarzabal,Spain,Spain,FW,29,1997,Real Sociedad,8,8,601.0,6.7,5.0,1.0,6.0,4.0,1.0,1.0,0.0,0.0,0.75,0.15,0.9,0.6,0.75,23.0,12.0,52.2,3.44,1.8,0.17,0.33,75.0,80.1,75.0,2,0,0.0,0,2.75,10.0,1.0,9.0,1.35,-1.07,0.0,4.0,5.0,1.0,3.0,1.0,5.0,0.0,0.0,0.0,0.0,0.0,0.0,0.0,0.0,0.0,0.0,0.0,0.0,0.0,0.0,0.0,0.0,0.0,0.0,0.0,0.7487520798668885,0.1497504159733777,3.4442595673876872,1.7970049916805324,0.1497504159733777,0.7487520798668885,0.5990016638935108,0.4492512479201331,0.8985024958402662,FW,1
Pau Cubarsí,Spain,Spain,DF,19,2007,Barcelona,8,8,750.0,8.3,0.0,0.0,0.0,0.0,0.0,0.0,1.0,0.0,0.0,0.0,0.0,0.0,0.0,4.0,2.0,50.0,0.48,0.24,0.0,0.0,94.0,100.0,94.0,8,0,0.0,0,2.75,14.0,1.0,13.0,1.56,0.0,0.0,4.0,5.0,0.0,1.0,4.0,4.0,0.0,0.0,0.0,0.0,0.0,0.0,0.0,0.0,0.0,0.0,0.0,0.0,0.0,0.0,0.0,0.0,0.0,0.0,0.0,0.0,0.0,0.48,0.24,0.48,0.48,0.48,0.12,0.0,DF,2
Pedri,Spain,Spain,MF,23,2002,Barcelona,8,5,499.0,5.5,0.0,0.0,0.0,0.0,0.0,0.0,1.0,0.0,0.0,0.0,0.0,0.0,0.0,5.0,2.0,40.0,0.9,0.36,0.0,0.0,62.0,66.5,78.0,1,3,36.0,0,2.75,10.0,0.0,10.0,1.8,0.73,0.0,4.0,5.0,1.0,13.0,10.0,8.0,0.0,0.0,0.0,0.0,0.0,0.0,0.0,0.0,0.0,0.0,0.0,0.0,0.0,0.0,0.0,0.0,0.0,0.0,0.0,0.0,0.0,0.9018036072144289,0.3607214428857715,1.8036072144288577,1.442885771543086,0.721442885771543,2.344689378757515,0.0,MF,0
Pedro Porro,Spain,Spain,DF,26,1999,Tottenham,6,6,563.0,6.3,2.0,0.0,2.0,2.0,0.0,0.0,0.0,0.0,0.32,0.0,0.32,0.32,0.32,7.0,3.0,42.9,1.12,0.48,0.29,0.67,94.0,75.1,94.0,5,0,0.0,2,3.0,13.0,1.0,12.0,1.92,1.44,0.0,10.0,9.0,0.0,24.0,8.0,11.0,0.0,0.0,0.0,0.0,0.0,0.0,0.0,0.0,0.0,0.0,0.0,0.0,0.0,0.0,0.0,0.0,0.0,0.0,0.0,0.3197158081705151,0.0,1.119005328596803,0.47957371225577267,1.2788632326820604,1.7584369449378332,1.5985790408525753,3.8365896980461813,0.3197158081705151,DF,0
Rodri,Spain,Spain,MF,29,1996,Manchester City,8,8,724.0,8.0,0.0,0.0,0.0,0.0,0.0,0.0,0.0,0.0,0.0,0.0,0.0,0.0,0.0,7.0,0.0,0.0,0.87,0.0,0.0,0.0,91.0,96.5,91.0,6,0,0.0,0,2.75,13.0,1.0,12.0,1.49,-1.97,0.0,11.0,9.0,1.0,4.0,3.0,20.0,0.0,0.0,0.0,0.0,0.0,0.0,0.0,0.0,0.0,0.0,0.0,0.0,0.0,0.0,0.0,0.0,0.0,0.0,0.0,0.0,0.0,0.8701657458563535,0.0,0.3729281767955801,2.4861878453038675,1.367403314917127,0.49723756906077343,0.0,MF,0
Álex Baena,Spain,Spain,"MF,FW",24,2001,Atlético Madrid,7,7,481.0,5.3,1.0,1.0,2.0,1.0,0.0,0.0,1.0,0.0,0.19,0.19,0.37,0.19,0.37,12.0,5.0,41.7,2.25,0.94,0.08,0.2,69.0,64.1,69.0,0,0,0.0,1,3.0,10.0,1.0,9.0,1.68,0.35,0.0,13.0,7.0,2.0,41.0,2.0,5.0,0.0,0.0,0.0,0.0,0.0,0.0,0.0,0.0,0.0,0.0,0.0,0.0,0.0,0.0,0.0,0.0,0.0,0.0,0.0,0.18711018711018712,0.18711018711018712,2.2453222453222454,0.9355509355509356,0.37422037422037424,0.9355509355509356,2.4324324324324325,7.671517671517672,0.37422037422037424,MF,3
Alexander Bernhardsson,Sweden,Sweden,MF,27,1998,Holstein Kiel,3,3,217.0,2.4,0.0,0.0,0.0,0.0,0.0,0.0,0.0,0.0,0.0,0.0,0.0,0.0,0.0,1.0,1.0,100.0,0.41,0.41,0.0,0.0,72.0,60.3,72.0,0,0,0.0,1,1.33,5.0,6.0,-1.0,-0.41,0.84,0.0,2.0,4.0,0.0,3.0,2.0,2.0,0.0,0.0,0.0,0.0,0.0,0.0,0.0,0.0,0.0,0.0,0.0,0.0,0.0,0.0,0.0,0.0,0.0,0.0,0.0,0.0,0.0,0.4147465437788018,0.4147465437788018,0.8294930875576036,0.8294930875576036,0.8294930875576036,1.2442396313364057,0.0,MF,2
Alexander Isak,Sweden,Sweden,FW,26,1999,Liverpool,4,4,357.0,4.0,1.0,3.0,4.0,1.0,0.0,0.0,0.0,0.0,0.25,0.76,1.01,0.25,1.01,8.0,6.0,75.0,2.02,1.51,0.13,0.17,89.0,99.2,89.0,2,0,0.0,0,1.0,6.0,10.0,-4.0,-1.01,-31.01,0.0,4.0,1.0,5.0,3.0,0.0,2.0,0.0,0.0,0.0,0.0,0.0,0.0,0.0,0.0,0.0,0.0,0.0,0.0,0.0,0.0,0.0,0.0,0.0,0.0,0.0,0.25210084033613445,0.7563025210084033,2.0168067226890756,1.5126050420168067,0.0,0.5042016806722689,1.0084033613445378,0.7563025210084033,1.0084033613445378,FW,1
Anthony Elanga,Sweden,Sweden,"MF,FW",24,2002,Newcastle,4,2,217.0,2.4,2.0,0.0,2.0,2.0,0.0,0.0,0.0,0.0,0.83,0.0,0.83,0.83,0.83,3.0,3.0,100.0,1.24,1.24,0.67,0.67,54.0,60.3,90.0,2,2,19.0,0,1.0,3.0,5.0,-2.0,-0.83,-0.2,0.0,0.0,7.0,1.0,12.0,2.0,0.0,0.0,0.0,0.0,0.0,0.0,0.0,0.0,0.0,0.0,0.0,0.0,0.0,0.0,0.0,0.0,0.0,0.0,0.0,0.0,0.8294930875576036,0.0,1.2442396313364057,1.2442396313364057,0.8294930875576036,0.0,0.0,4.976958525345623,0.8294930875576036,MF,1
Gabriel Gudmundsson,Sweden,Sweden,"MF,DF",27,1999,Leeds United,4,4,330.0,3.7,0.0,0.0,0.0,0.0,0.0,0.0,1.0,0.0,0.0,0.0,0.0,0.0,0.0,0.0,0.0,0.0,0.0,0.0,0.0,0.0,83.0,91.7,83.0,1,0,0.0,0,1.0,5.0,10.0,-5.0,-1.36,-7.36,0.0,5.0,7.0,0.0,4.0,5.0,3.0,0.0,0.0,0.0,0.0,0.0,0.0,0.0,0.0,0.0,0.0,0.0,0.0,0.0,0.0,0.0,0.0,0.0,0.0,0.0,0.0,0.0,0.0,0.0,1.3636363636363638,0.8181818181818181,1.3636363636363638,1.0909090909090908,0.0,DF,0
Gustaf Lagerbielke,Sweden,Sweden,DF,26,2000,Braga,4,4,360.0,4.0,0.0,0.0,0.0,0.0,0.0,0.0,0.0,0.0,0.0,0.0,0.0,0.0,0.0,3.0,1.0,33.3,0.75,0.25,0.0,0.0,90.0,100.0,90.0,4,0,0.0,0,1.0,7.0,10.0,-3.0,-0.75,0.0,0.0,1.0,3.0,1.0,1.0,5.0,5.0,0.0,0.0,0.0,0.0,0.0,0.0,0.0,0.0,0.0,0.0,0.0,0.0,0.0,0.0,0.0,0.0,0.0,0.0,0.0,0.0,0.0,0.75,0.25,1.25,1.25,0.25,0.25,0.0,DF,0
Isak Hien,Sweden,Sweden,DF,27,1999,Atalanta,3,3,216.0,2.4,0.0,0.0,0.0,0.0,0.0,0.0,1.0,0.0,0.0,0.0,0.0,0.0,0.0,0.0,0.0,0.0,0.0,0.0,0.0,0.0,72.0,60.0,72.0,2,0,0.0,0,1.33,6.0,6.0,0.0,0.0,1.87,0.0,3.0,3.0,0.0,0.0,1.0,3.0,0.0,0.0,0.0,0.0,0.0,0.0,0.0,0.0,0.0,0.0,0.0,0.0,0.0,0.0,0.0,0.0,0.0,0.0,0.0,0.0,0.0,0.0,0.0,0.41666666666666663,1.25,1.25,0.0,0.0,DF,2
Lucas Bergvall,Sweden,Sweden,MF,20,2006,Tottenham,4,1,181.0,2.0,0.0,1.0,1.0,0.0,0.0,0.0,1.0,0.0,0.0,0.5,0.5,0.0,0.5,2.0,0.0,0.0,0.99,0.0,0.0,0.0,45.0,50.3,65.0,0,3,39.0,0,1.0,4.0,4.0,0.0,0.0,1.51,0.0,7.0,4.0,0.0,3.0,2.0,2.0,0.0,0.0,0.0,0.0,0.0,0.0,0.0,0.0,0.0,0.0,0.0,0.0,0.0,0.0,0.0,0.0,0.0,0.0,0.0,0.0,0.49723756906077343,0.9944751381215469,0.0,0.9944751381215469,0.9944751381215469,3.480662983425414,1.4917127071823204,0.49723756906077343,MF,3
Victor Lindelöf,Sweden,Sweden,"DF,MF",31,1994,Aston Villa,4,4,356.0,4.0,0.0,0.0,0.0,0.0,0.0,0.0,0.0,0.0,0.0,0.0,0.0,0.0,0.0,2.0,0.0,0.0,0.51,0.0,0.0,0.0,89.0,98.9,89.0,3,0,0.0,0,1.0,7.0,10.0,-3.0,-0.76,-0.76,0.0,3.0,0.0,0.0,0.0,4.0,1.0,0.0,0.0,0.0,0.0,0.0,0.0,0.0,0.0,0.0,0.0,0.0,0.0,0.0,0.0,0.0,0.0,0.0,0.0,0.0,0.0,0.0,0.5056179775280899,0.0,1.0112359550561798,0.25280898876404495,0.7584269662921348,0.0,0.0,DF,2
Viktor Gyökeres,Sweden,Sweden,FW,28,1998,Arsenal,4,4,360.0,4.0,1.0,2.0,3.0,1.0,0.0,0.0,1.0,0.0,0.25,0.5,0.75,0.25,0.75,12.0,6.0,50.0,3.0,1.5,0.08,0.17,90.0,100.0,90.0,4,0,0.0,0,1.0,7.0,10.0,-3.0,-0.75,0.0,0.0,4.0,7.0,1.0,1.0,0.0,1.0,0.0,0.0,0.0,0.0,0.0,0.0,0.0,0.0,0.0,0.0,0.0,0.0,0.0,0.0,0.0,0.0,0.0,0.0,0.0,0.25,0.5,3.0,1.5,0.0,0.25,1.0,0.25,0.75,FW,1
Yasin Ayari,Sweden,Sweden,MF,22,2003,Brighton,4,4,339.0,3.8,2.0,0.0,2.0,2.0,0.0,0.0,1.0,0.0,0.53,0.0,0.53,0.53,0.53,7.0,3.0,42.9,1.86,0.8,0.29,0.67,85.0,94.2,85.0,2,0,0.0,0,1.0,7.0,9.0,-2.0,-0.53,3.75,0.0,4.0,8.0,0.0,19.0,3.0,4.0,0.0,0.0,0.0,0.0,0.0,0.0,0.0,0.0,0.0,0.0,0.0,0.0,0.0,0.0,0.0,0.0,0.0,0.0,0.0,0.5309734513274336,0.0,1.8584070796460177,0.7964601769911505,0.7964601769911505,1.0619469026548671,1.0619469026548671,5.04424778761062,0.5309734513274336,MF,3
Breel Embolo,Switzerland,Switzerland,FW,29,1997,Rennes,6,6,501.0,5.6,2.0,2.0,4.0,1.0,1.0,1.0,2.0,1.0,0.36,0.36,0.72,0.18,0.54,10.0,5.0,50.0,1.8,0.9,0.1,0.2,84.0,83.5,84.0,1,0,0.0,0,1.83,8.0,3.0,5.0,0.9,1.81,1.0,9.0,11.0,4.0,1.0,2.0,0.0,0.0,0.0,0.0,0.0,0.0,0.0,0.0,0.0,0.0,0.0,0.0,0.0,0.0,0.0,0.0,0.0,0.0,0.0,0.0,0.35928143712574845,0.35928143712574845,1.7964071856287425,0.8982035928143712,0.35928143712574845,0.0,1.6167664670658681,0.17964071856287422,0.7185628742514969,FW,1
Dan Ndoye,Switzerland,Switzerland,"MF,FW",25,2000,Nottingham,6,5,406.0,4.5,2.0,0.0,2.0,2.0,0.0,0.0,0.0,0.0,0.44,0.0,0.44,0.44,0.44,16.0,8.0,50.0,3.55,1.77,0.13,0.25,68.0,67.7,79.0,0,1,11.0,0,1.83,4.0,1.0,3.0,0.67,0.2,0.0,5.0,16.0,4.0,11.0,4.0,5.0,0.0,0.0,0.0,0.0,0.0,0.0,0.0,0.0,0.0,0.0,0.0,0.0,0.0,0.0,0.0,0.0,0.0,0.0,0.0,0.4433497536945813,0.0,3.5467980295566504,1.7733990147783252,0.8866995073891626,1.1083743842364533,1.1083743842364533,2.438423645320197,0.4433497536945813,MF,1
Denis Zakaria,Switzerland,Switzerland,DF,29,1996,Monaco,4,4,357.0,4.0,0.0,0.0,0.0,0.0,0.0,0.0,2.0,0.0,0.0,0.0,0.0,0.0,0.0,5.0,2.0,40.0,1.26,0.5,0.0,0.0,89.0,59.5,89.0,1,0,0.0,2,1.25,4.0,2.0,2.0,0.5,-0.24,0.0,4.0,0.0,1.0,13.0,9.0,5.0,0.0,0.0,0.0,0.0,0.0,0.0,0.0,0.0,0.0,0.0,0.0,0.0,0.0,0.0,0.0,0.0,0.0,0.0,0.0,0.0,0.0,1.2605042016806722,0.5042016806722689,2.26890756302521,1.2605042016806722,1.0084033613445378,3.2773109243697482,0.0,DF,0
Djibril Sow,Switzerland,Switzerland,MF,29,1997,Sevilla,4,2,253.0,2.8,0.0,0.0,0.0,0.0,0.0,0.0,0.0,0.0,0.0,0.0,0.0,0.0,0.0,2.0,1.0,50.0,0.71,0.36,0.0,0.0,63.0,42.2,79.0,0,2,48.0,2,1.75,7.0,2.0,5.0,1.78,2.04,0.0,5.0,4.0,0.0,3.0,2.0,1.0,0.0,0.0,0.0,0.0,0.0,0.0,0.0,0.0,0.0,0.0,0.0,0.0,0.0,0.0,0.0,0.0,0.0,0.0,0.0,0.0,0.0,0.7114624505928854,0.3557312252964427,0.7114624505928854,0.3557312252964427,1.7786561264822134,1.067193675889328,0.0,MF,2
Fabian Rieder,Switzerland,Switzerland,"MF,FW",24,2002,Augsburg,5,3,302.0,3.4,0.0,0.0,0.0,0.0,0.0,0.0,0.0,0.0,0.0,0.0,0.0,0.0,0.0,7.0,2.0,28.6,2.09,0.6,0.0,0.0,60.0,50.3,86.0,0,2,23.0,1,1.6,1.0,2.0,-1.0,-0.3,-1.81,0.0,3.0,6.0,0.0,13.0,1.0,3.0,0.0,0.0,0.0,0.0,0.0,0.0,0.0,0.0,0.0,0.0,0.0,0.0,0.0,0.0,0.0,0.0,0.0,0.0,0.0,0.0,0.0,2.0860927152317883,0.5960264900662252,0.2980132450331126,0.8940397350993378,0.8940397350993378,3.8741721854304636,0.0,MF,3
Granit Xhaka,Switzerland,Switzerland,MF,33,1992,Sunderland,6,6,600.0,6.7,1.0,0.0,1.0,0.0,1.0,1.0,2.0,0.0,0.15,0.0,0.15,0.0,0.0,9.0,2.0,22.2,1.35,0.3,0.0,0.0,100.0,100.0,100.0,6,0,0.0,0,1.83,10.0,6.0,4.0,0.6,0.0,0.0,4.0,12.0,0.0,4.0,4.0,4.0,0.0,0.0,0.0,0.0,0.0,0.0,0.0,0.0,0.0,0.0,0.0,0.0,0.0,0.0,0.0,0.0,0.0,0.0,0.0,0.15000000000000002,0.0,1.3499999999999999,0.30000000000000004,0.6000000000000001,0.6000000000000001,0.6000000000000001,0.6000000000000001,0.15000000000000002,MF,2
Johan Manzambi,Switzerland,Switzerland,"MF,FW",20,2005,Freiburg,4,2,199.0,2.2,3.0,2.0,5.0,3.0,0.0,0.0,0.0,0.0,1.36,0.9,2.26,1.36,2.26,6.0,3.0,50.0,2.71,1.36,0.5,1.0,50.0,33.2,77.0,0,2,23.0,0,2.5,8.0,3.0,5.0,2.26,2.49,0.0,3.0,3.0,1.0,3.0,0.0,0.0,0.0,0.0,0.0,0.0,0.0,0.0,0.0,0.0,0.0,0.0,0.0,0.0,0.0,0.0,0.0,0.0,0.0,0.0,0.0,1.3567839195979898,0.9045226130653267,2.7135678391959797,1.3567839195979898,0.0,0.0,1.3567839195979898,1.3567839195979898,2.2613065326633164,MF,1
Manuel Akanji,Switzerland,Switzerland,DF,30,1995,Inter,6,6,600.0,6.7,0.0,0.0,0.0,0.0,0.0,0.0,0.0,0.0,0.0,0.0,0.0,0.0,0.0,1.0,1.0,100.0,0.15,0.15,0.0,0.0,100.0,100.0,100.0,6,0,0.0,0,1.83,10.0,6.0,4.0,0.6,0.0,0.0,4.0,4.0,0.0,0.0,6.0,9.0,0.0,0.0,0.0,0.0,0.0,0.0,0.0,0.0,0.0,0.0,0.0,0.0,0.0,0.0,0.0,0.0,0.0,0.0,0.0,0.0,0.0,0.15000000000000002,0.15000000000000002,0.9,1.3499999999999999,0.6000000000000001,0.0,0.0,DF,0
Nico Elvedi,Switzerland,Switzerland,DF,29,1996,Gladbach,6,6,600.0,6.7,0.0,0.0,0.0,0.0,0.0,0.0,1.0,0.0,0.0,0.0,0.0,0.0,0.0,3.0,0.0,0.0,0.45,0.0,0.0,0.0,100.0,100.0,100.0,6,0,0.0,0,1.83,10.0,6.0,4.0,0.6,0.0,0.0,5.0,6.0,0.0,0.0,6.0,2.0,0.0,0.0,0.0,0.0,0.0,0.0,0.0,0.0,0.0,0.0,0.0,0.0,0.0,0.0,0.0,0.0,0.0,0.0,0.0,0.0,0.0,0.45,0.0,0.9,0.30000000000000004,0.75,0.0,0.0,DF,2
Remo Freuler,Switzerland,Switzerland,MF,34,1992,Bologna,6,6,592.0,6.6,0.0,0.0,0.0,0.0,0.0,0.0,0.0,0.0,0.0,0.0,0.0,0.0,0.0,2.0,1.0,50.0,0.3,0.15,0.0,0.0,99.0,98.7,99.0,4,0,0.0,0,1.83,10.0,4.0,6.0,0.91,23.41,0.0,8.0,3.0,1.0,5.0,8.0,5.0,0.0,0.0,0.0,0.0,0.0,0.0,0.0,0.0,0.0,0.0,0.0,0.0,0.0,0.0,0.0,0.0,0.0,0.0,0.0,0.0,0.0,0.30405405405405406,0.15202702702702703,1.2162162162162162,0.7601351351351352,1.2162162162162162,0.7601351351351352,0.0,MF,2
Ricardo Rodríguez,Switzerland,Switzerland,DF,33,1992,Real Betis,6,6,517.0,5.7,0.0,1.0,1.0,0.0,0.0,0.0,0.0,0.0,0.0,0.17,0.17,0.0,0.17,1.0,0.0,0.0,0.17,0.0,0.0,0.0,86.0,86.2,86.0,3,0,0.0,0,1.83,10.0,3.0,7.0,1.22,4.47,0.0,11.0,2.0,0.0,19.0,4.0,7.0,0.0,0.0,0.0,0.0,0.0,0.0,0.0,0.0,0.0,0.0,0.0,0.0,0.0,0.0,0.0,0.0,0.0,0.0,0.0,0.0,0.17408123791102514,0.17408123791102514,0.0,0.6963249516441006,1.2185686653771761,1.9148936170212765,3.307543520309478,0.17408123791102514,DF,3
Ruben Vargas,Switzerland,Switzerland,MF,27,1998,Sevilla,6,3,284.0,3.2,2.0,1.0,3.0,2.0,0.0,0.0,0.0,0.0,0.63,0.32,0.95,0.63,0.95,6.0,4.0,66.7,1.9,1.27,0.33,0.5,47.0,47.3,76.0,0,3,19.0,0,1.83,9.0,3.0,6.0,1.9,2.47,0.0,6.0,6.0,2.0,23.0,2.0,2.0,0.0,0.0,0.0,0.0,0.0,0.0,0.0,0.0,0.0,0.0,0.0,0.0,0.0,0.0,0.0,0.0,0.0,0.0,0.0,0.6338028169014085,0.31690140845070425,1.9014084507042253,1.267605633802817,0.6338028169014085,0.6338028169014085,1.9014084507042253,7.288732394366198,0.9507042253521127,MF,3
Ali Abdi,Tunisia,Tunisia,DF,32,1993,Nice,3,3,269.0,3.0,0.0,0.0,0.0,0.0,0.0,0.0,0.0,0.0,0.0,0.0,0.0,0.0,0.0,1.0,0.0,0.0,0.33,0.0,0.0,0.0,90.0,99.6,90.0,2,0,0.0,0,0.0,2.0,12.0,-10.0,-3.35,-3.35,0.0,4.0,1.0,0.0,4.0,4.0,8.0,0.0,0.0,0.0,0.0,0.0,0.0,0.0,0.0,0.0,0.0,0.0,0.0,0.0,0.0,0.0,0.0,0.0,0.0,0.0,0.0,0.0,0.33457249070631967,0.0,1.3382899628252787,2.6765799256505574,1.3382899628252787,1.3382899628252787,0.0,DF,0
Anis Ben Slimane,Tunisia,Tunisia,"MF,FW",25,2001,Norwich City,3,3,240.0,2.7,0.0,0.0,0.0,0.0,0.0,0.0,0.0,0.0,0.0,0.0,0.0,0.0,0.0,1.0,1.0,100.0,0.37,0.37,0.0,0.0,80.0,88.9,80.0,1,0,0.0,0,0.0,2.0,11.0,-9.0,-3.38,-0.38,0.0,0.0,0.0,2.0,6.0,2.0,2.0,0.0,0.0,0.0,0.0,0.0,0.0,0.0,0.0,0.0,0.0,0.0,0.0,0.0,0.0,0.0,0.0,0.0,0.0,0.0,0.0,0.0,0.375,0.375,0.75,0.75,0.0,2.25,0.0,MF,2
Ellyes Skhiri,Tunisia,Tunisia,"MF,DF",31,1995,Frankfurt,3,3,250.0,2.8,0.0,0.0,0.0,0.0,0.0,0.0,0.0,0.0,0.0,0.0,0.0,0.0,0.0,0.0,0.0,0.0,0.0,0.0,0.0,0.0,83.0,92.6,83.0,1,0,0.0,0,0.0,2.0,10.0,-8.0,-2.88,6.12,0.0,0.0,1.0,0.0,0.0,2.0,1.0,1.0,0.0,0.0,0.0,0.0,0.0,0.0,0.0,0.0,0.0,0.0,0.0,0.0,0.0,0.0,0.0,0.0,0.0,0.0,0.0,0.0,0.0,0.0,0.72,0.36,0.0,0.0,0.0,DF,2
Hannibal Mejbri,Tunisia,Tunisia,MF,23,2003,Burnley,3,3,270.0,3.0,0.0,2.0,2.0,0.0,0.0,0.0,0.0,0.0,0.0,0.67,0.67,0.0,0.67,3.0,1.0,33.3,1.0,0.33,0.0,0.0,90.0,100.0,90.0,3,0,0.0,0,0.0,2.0,12.0,-10.0,-3.33,0.0,0.0,4.0,15.0,0.0,10.0,1.0,4.0,0.0,0.0,0.0,0.0,0.0,0.0,0.0,0.0,0.0,0.0,0.0,0.0,0.0,0.0,0.0,0.0,0.0,0.0,0.0,0.0,0.6666666666666667,1.0,0.33333333333333337,0.33333333333333337,1.3333333333333335,1.3333333333333335,3.333333333333333,0.6666666666666667,MF,3
Mohamed Amine Ben Hamida,Tunisia,Tunisia,DF,30,1995,Unknown Club,3,2,202.0,2.2,0.0,0.0,0.0,0.0,0.0,0.0,0.0,0.0,0.0,0.0,0.0,0.0,0.0,0.0,0.0,0.0,0.0,0.0,0.0,0.0,67.0,74.8,79.0,1,1,45.0,0,0.0,2.0,10.0,-8.0,-3.56,-0.92,0.0,3.0,1.0,0.0,1.0,1.0,9.0,0.0,0.0,0.0,0.0,0.0,0.0,0.0,0.0,0.0,0.0,0.0,0.0,0.0,0.0,0.0,0.0,0.0,0.0,0.0,0.0,0.0,0.0,0.0,0.44554455445544555,4.00990099009901,1.3366336633663365,0.44554455445544555,0.0,DF,0
Montassar Talbi,Tunisia,Tunisia,DF,28,1998,Lorient,3,3,270.0,3.0,0.0,0.0,0.0,0.0,0.0,0.0,0.0,0.0,0.0,0.0,0.0,0.0,0.0,1.0,0.0,0.0,0.33,0.0,0.0,0.0,90.0,100.0,90.0,3,0,0.0,0,0.0,2.0,12.0,-10.0,-3.33,0.0,0.0,1.0,1.0,0.0,0.0,5.0,2.0,0.0,0.0,0.0,0.0,0.0,0.0,0.0,0.0,0.0,0.0,0.0,0.0,0.0,0.0,0.0,0.0,0.0,0.0,0.0,0.0,0.0,0.33333333333333337,0.0,1.6666666666666665,0.6666666666666667,0.33333333333333337,0.0,0.0,DF,0
Omar Rekik,Tunisia,Tunisia,DF,24,2001,Unknown Club,2,2,180.0,2.0,1.0,0.0,1.0,1.0,0.0,0.0,0.0,0.0,0.5,0.0,0.5,0.5,0.5,1.0,1.0,100.0,0.5,0.5,1.0,1.0,90.0,66.7,90.0,2,0,0.0,1,0.0,1.0,9.0,-8.0,-4.0,-2.0,0.0,0.0,1.0,1.0,1.0,3.0,2.0,0.0,0.0,0.0,0.0,0.0,0.0,0.0,0.0,0.0,0.0,0.0,0.0,0.0,0.0,0.0,0.0,0.0,0.0,0.0,0.5,0.0,0.5,0.5,1.5,1.0,0.0,0.5,0.5,DF,0
Yan Valery,Tunisia,Tunisia,DF,27,1999,Young Boys,3,3,251.0,2.8,0.0,0.0,0.0,0.0,0.0,0.0,0.0,0.0,0.0,0.0,0.0,0.0,0.0,0.0,0.0,0.0,0.0,0.0,0.0,0.0,84.0,93.0,84.0,2,0,0.0,0,0.0,2.0,10.0,-8.0,-2.87,6.61,0.0,4.0,0.0,1.0,7.0,4.0,1.0,0.0,0.0,0.0,0.0,0.0,0.0,0.0,0.0,0.0,0.0,0.0,0.0,0.0,0.0,0.0,0.0,0.0,0.0,0.0,0.0,0.0,0.0,0.0,1.4342629482071714,0.35856573705179284,1.4342629482071714,2.50996015936255,0.0,DF,2
Abdülkerim Bardakcı,Türkiye,Turkey,DF,31,1994,Galatasaray,3,3,265.0,2.9,0.0,0.0,0.0,0.0,0.0,0.0,0.0,0.0,0.0,0.0,0.0,0.0,0.0,3.0,1.0,33.3,1.02,0.34,0.0,0.0,88.0,98.1,88.0,2,0,0.0,0,1.0,3.0,5.0,-2.0,-0.68,-0.68,0.0,1.0,3.0,0.0,7.0,2.0,5.0,0.0,0.0,0.0,0.0,0.0,0.0,0.0,0.0,0.0,0.0,0.0,0.0,0.0,0.0,0.0,0.0,0.0,0.0,0.0,0.0,0.0,1.0188679245283019,0.33962264150943394,0.6792452830188679,1.6981132075471697,0.33962264150943394,2.3773584905660377,0.0,DF,0
Arda Güler,Türkiye,Turkey,MF,21,2005,Real Madrid,3,3,270.0,3.0,1.0,0.0,1.0,1.0,0.0,0.0,0.0,0.0,0.33,0.0,0.33,0.33,0.33,12.0,4.0,33.3,4.0,1.33,0.08,0.25,90.0,100.0,90.0,3,0,0.0,0,1.0,3.0,5.0,-2.0,-0.67,0.0,0.0,3.0,10.0,2.0,14.0,2.0,3.0,0.0,0.0,0.0,0.0,0.0,0.0,0.0,0.0,0.0,0.0,0.0,0.0,0.0,0.0,0.0,0.0,0.0,0.0,0.0,0.33333333333333337,0.0,4.0,1.3333333333333335,0.6666666666666667,1.0,1.0,4.666666666666667,0.33333333333333337,MF,1
Hakan Çalhanoğlu,Türkiye,Turkey,MF,32,1994,Inter,2,2,180.0,2.0,0.0,0.0,0.0,0.0,0.0,0.0,0.0,0.0,0.0,0.0,0.0,0.0,0.0,11.0,2.0,18.2,5.5,1.0,0.0,0.0,90.0,66.7,90.0,2,0,0.0,1,0.0,0.0,3.0,-3.0,-1.5,-2.5,0.0,2.0,1.0,0.0,10.0,1.0,3.0,0.0,0.0,0.0,0.0,0.0,0.0,0.0,0.0,0.0,0.0,0.0,0.0,0.0,0.0,0.0,0.0,0.0,0.0,0.0,0.0,0.0,5.5,1.0,0.5,1.5,1.0,5.0,0.0,MF,1
Kenan Yıldız,Türkiye,Turkey,MF,21,2005,Juventus,3,2,218.0,2.4,0.0,0.0,0.0,0.0,0.0,0.0,0.0,0.0,0.0,0.0,0.0,0.0,0.0,14.0,1.0,7.1,5.78,0.41,0.0,0.0,73.0,80.7,87.0,1,1,45.0,0,1.0,2.0,4.0,-2.0,-0.83,-0.83,0.0,2.0,4.0,0.0,6.0,1.0,2.0,0.0,0.0,0.0,0.0,0.0,0.0,0.0,0.0,0.0,0.0,0.0,0.0,0.0,0.0,0.0,0.0,0.0,0.0,0.0,0.0,0.0,5.779816513761468,0.41284403669724773,0.41284403669724773,0.8256880733944955,0.8256880733944955,2.4770642201834865,0.0,MF,1
Merih Demiral,Türkiye,Turkey,DF,28,1998,Al-Ahli,2,2,180.0,2.0,0.0,0.0,0.0,0.0,0.0,0.0,0.0,0.0,0.0,0.0,0.0,0.0,0.0,6.0,2.0,33.3,3.0,1.0,0.0,0.0,90.0,66.7,90.0,2,0,0.0,1,0.0,0.0,3.0,-3.0,-1.5,-2.5,0.0,2.0,1.0,3.0,1.0,1.0,1.0,0.0,0.0,0.0,0.0,0.0,0.0,0.0,0.0,0.0,0.0,0.0,0.0,0.0,0.0,0.0,0.0,0.0,0.0,0.0,0.0,0.0,3.0,1.0,0.5,0.5,1.0,0.5,0.0,DF,2
Alex Freeman,United States,United States,DF,21,2004,Villarreal,5,4,374.0,4.2,1.0,1.0,2.0,1.0,0.0,0.0,0.0,0.0,0.24,0.24,0.48,0.24,0.48,4.0,1.0,25.0,0.96,0.24,0.25,1.0,75.0,83.1,90.0,4,1,14.0,0,1.8,9.0,6.0,3.0,0.72,0.72,0.0,1.0,1.0,0.0,4.0,7.0,6.0,0.0,0.0,0.0,0.0,0.0,0.0,0.0,0.0,0.0,0.0,0.0,0.0,0.0,0.0,0.0,0.0,0.0,0.0,0.0,0.24064171122994651,0.24064171122994651,0.9625668449197861,0.24064171122994651,1.6844919786096255,1.4438502673796794,0.24064171122994651,0.9625668449197861,0.48128342245989303,DF,0
Antonee Robinson,United States,United States,"DF,MF",28,1997,Fulham,4,4,348.0,3.9,0.0,0.0,0.0,0.0,0.0,0.0,1.0,0.0,0.0,0.0,0.0,0.0,0.0,0.0,0.0,0.0,0.0,0.0,0.0,0.0,87.0,77.3,87.0,2,0,0.0,1,2.25,9.0,4.0,5.0,1.29,3.06,0.0,4.0,1.0,0.0,18.0,6.0,4.0,0.0,0.0,0.0,0.0,0.0,0.0,0.0,0.0,0.0,0.0,0.0,0.0,0.0,0.0,0.0,0.0,0.0,0.0,0.0,0.0,0.0,0.0,0.0,1.5517241379310345,1.0344827586206897,1.0344827586206897,4.655172413793103,0.0,DF,0
Chris Richards,United States,United States,DF,26,2000,Crystal Palace,4,4,360.0,4.0,0.0,0.0,0.0,0.0,0.0,0.0,1.0,0.0,0.0,0.0,0.0,0.0,0.0,1.0,0.0,0.0,0.25,0.0,0.0,0.0,90.0,80.0,90.0,4,0,0.0,1,2.25,9.0,5.0,4.0,1.0,2.0,0.0,8.0,3.0,0.0,0.0,4.0,3.0,0.0,0.0,0.0,0.0,0.0,0.0,0.0,0.0,0.0,0.0,0.0,0.0,0.0,0.0,0.0,0.0,0.0,0.0,0.0,0.0,0.0,0.25,0.0,1.0,0.75,2.0,0.0,0.0,DF,2
Christian Pulisic,United States,United States,MF,27,1998,Milan,4,3,223.0,2.5,0.0,1.0,1.0,0.0,0.0,0.0,0.0,0.0,0.0,0.4,0.4,0.0,0.4,4.0,2.0,50.0,1.61,0.81,0.0,0.0,56.0,49.6,63.0,0,1,33.0,0,1.5,6.0,4.0,2.0,0.81,0.41,0.0,1.0,8.0,2.0,4.0,0.0,1.0,0.0,0.0,0.0,0.0,0.0,0.0,0.0,0.0,0.0,0.0,0.0,0.0,0.0,0.0,0.0,0.0,0.0,0.0,0.0,0.0,0.40358744394618834,1.6143497757847534,0.8071748878923767,0.0,0.40358744394618834,0.40358744394618834,1.6143497757847534,0.40358744394618834,MF,3
Folarin Balogun,United States,United States,FW,24,2001,Monaco,4,4,312.0,3.5,3.0,0.0,3.0,3.0,0.0,0.0,1.0,1.0,0.87,0.0,0.87,0.87,0.87,14.0,5.0,35.7,4.04,1.44,0.21,0.6,78.0,69.3,78.0,0,0,0.0,1,2.25,7.0,3.0,4.0,1.15,1.81,0.0,3.0,8.0,3.0,0.0,1.0,0.0,0.0,0.0,0.0,0.0,0.0,0.0,0.0,0.0,0.0,0.0,0.0,0.0,0.0,0.0,0.0,0.0,0.0,0.0,0.0,0.8653846153846154,0.0,4.038461538461538,1.442307692307692,0.28846153846153844,0.0,0.8653846153846154,0.0,0.8653846153846154,FW,1
Malik Tillman,United States,United States,MF,24,2002,Leverkusen,5,4,356.0,4.0,2.0,1.0,3.0,2.0,0.0,0.0,1.0,0.0,0.51,0.25,0.76,0.51,0.76,8.0,4.0,50.0,2.02,1.01,0.25,0.5,71.0,79.1,88.0,3,1,5.0,0,1.8,8.0,6.0,2.0,0.51,-0.45,0.0,3.0,13.0,0.0,14.0,5.0,7.0,0.0,0.0,0.0,0.0,0.0,0.0,0.0,0.0,0.0,0.0,0.0,0.0,0.0,0.0,0.0,0.0,0.0,0.0,0.0,0.5056179775280899,0.25280898876404495,2.0224719101123596,1.0112359550561798,1.2640449438202246,1.7696629213483146,0.7584269662921348,3.539325842696629,0.7584269662921348,MF,3
Ricardo Pepi,United States,United States,FW,23,2003,PSV,5,2,204.0,2.3,0.0,0.0,0.0,0.0,0.0,0.0,0.0,0.0,0.0,0.0,0.0,0.0,0.0,5.0,0.0,0.0,2.21,0.0,0.0,0.0,41.0,45.3,82.0,1,3,14.0,0,1.8,5.0,5.0,0.0,0.0,-1.1,0.0,5.0,3.0,2.0,0.0,1.0,1.0,0.0,0.0,0.0,0.0,0.0,0.0,0.0,0.0,0.0,0.0,0.0,0.0,0.0,0.0,0.0,0.0,0.0,0.0,0.0,0.0,0.0,2.2058823529411766,0.0,0.4411764705882353,0.4411764705882353,2.2058823529411766,0.0,0.0,FW,2
Sebastian Berhalter,United States,United States,MF,25,2001,Vancouver,5,1,187.0,2.1,1.0,1.0,2.0,1.0,0.0,0.0,1.0,0.0,0.48,0.48,0.96,0.48,0.96,3.0,1.0,33.3,1.44,0.48,0.33,1.0,37.0,41.6,90.0,1,4,24.0,0,1.8,3.0,5.0,-2.0,-0.96,-2.67,0.0,5.0,6.0,0.0,11.0,3.0,0.0,0.0,0.0,0.0,0.0,0.0,0.0,0.0,0.0,0.0,0.0,0.0,0.0,0.0,0.0,0.0,0.0,0.0,0.0,0.0,0.48128342245989303,0.48128342245989303,1.4438502673796794,0.48128342245989303,1.4438502673796794,0.0,2.406417112299465,5.294117647058823,0.9625668449197861,MF,3
Sergiño Dest,United States,United States,MF,25,2000,PSV,5,4,297.0,3.3,0.0,0.0,0.0,0.0,0.0,0.0,0.0,0.0,0.0,0.0,0.0,0.0,0.0,3.0,1.0,33.3,0.91,0.3,0.0,0.0,59.0,66.0,71.0,0,1,15.0,0,1.8,8.0,3.0,5.0,1.52,2.69,0.0,2.0,4.0,0.0,3.0,5.0,1.0,0.0,0.0,0.0,0.0,0.0,0.0,0.0,0.0,0.0,0.0,0.0,0.0,0.0,0.0,0.0,0.0,0.0,0.0,0.0,0.0,0.0,0.9090909090909092,0.30303030303030304,1.5151515151515151,0.30303030303030304,0.6060606060606061,0.9090909090909092,0.0,MF,2
Tim Ream,United States,United States,DF,38,1987,Charlotte,4,4,360.0,4.0,0.0,0.0,0.0,0.0,0.0,0.0,0.0,0.0,0.0,0.0,0.0,0.0,0.0,0.0,0.0,0.0,0.0,0.0,0.0,0.0,90.0,80.0,90.0,4,0,0.0,1,2.25,9.0,5.0,4.0,1.0,2.0,0.0,0.0,2.0,0.0,0.0,6.0,1.0,0.0,0.0,0.0,0.0,0.0,0.0,0.0,0.0,0.0,0.0,0.0,0.0,0.0,0.0,0.0,0.0,0.0,0.0,0.0,0.0,0.0,0.0,0.0,1.5,0.25,0.0,0.0,0.0,DF,2
Tyler Adams,United States,United States,MF,27,1999,Bournemouth,4,4,341.0,3.8,0.0,0.0,0.0,0.0,0.0,0.0,1.0,0.0,0.0,0.0,0.0,0.0,0.0,0.0,0.0,0.0,0.0,0.0,0.0,0.0,85.0,75.8,85.0,3,0,0.0,1,2.25,9.0,4.0,5.0,1.32,2.97,0.0,5.0,6.0,0.0,0.0,8.0,5.0,0.0,0.0,0.0,0.0,0.0,0.0,0.0,0.0,0.0,0.0,0.0,0.0,0.0,0.0,0.0,0.0,0.0,0.0,0.0,0.0,0.0,0.0,0.0,2.1114369501466275,1.3196480938416424,1.3196480938416424,0.0,0.0,MF,0
Weston McKennie,United States,United States,MF,27,1998,Juventus,5,5,443.0,4.9,0.0,0.0,0.0,0.0,0.0,0.0,1.0,0.0,0.0,0.0,0.0,0.0,0.0,5.0,1.0,20.0,1.02,0.2,0.0,0.0,89.0,98.4,89.0,2,0,0.0,0,1.8,11.0,7.0,4.0,0.81,13.67,0.0,8.0,2.0,0.0,11.0,7.0,7.0,0.0,0.0,0.0,0.0,0.0,0.0,0.0,0.0,0.0,0.0,0.0,0.0,0.0,0.0,0.0,0.0,0.0,0.0,0.0,0.0,0.0,1.0158013544018059,0.20316027088036115,1.4221218961625284,1.4221218961625284,1.6252821670428892,2.234762979683973,0.0,MF,0
Agustín Canobbio,Uruguay,Uruguay,FW,27,1998,Fluminense,3,2,224.0,2.5,1.0,0.0,1.0,1.0,0.0,0.0,0.0,1.0,0.4,0.0,0.4,0.4,0.4,4.0,1.0,25.0,1.61,0.4,0.25,1.0,75.0,83.0,90.0,1,1,45.0,0,0.67,3.0,3.0,0.0,0.0,1.96,0.0,7.0,5.0,1.0,8.0,2.0,3.0,0.0,0.0,0.0,0.0,0.0,0.0,0.0,0.0,0.0,0.0,0.0,0.0,0.0,0.0,0.0,0.0,0.0,0.0,0.0,0.40178571428571425,0.0,1.607142857142857,0.40178571428571425,0.8035714285714285,1.2053571428571428,2.8125,3.214285714285714,0.40178571428571425,FW,3
Federico Valverde,Uruguay,Uruguay,MF,27,1998,Real Madrid,3,3,236.0,2.6,0.0,0.0,0.0,0.0,0.0,0.0,0.0,0.0,0.0,0.0,0.0,0.0,0.0,10.0,2.0,20.0,3.81,0.76,0.0,0.0,79.0,87.4,79.0,2,0,0.0,0,0.67,3.0,4.0,-1.0,-0.38,-0.38,0.0,1.0,0.0,0.0,11.0,3.0,2.0,0.0,0.0,0.0,0.0,0.0,0.0,0.0,0.0,0.0,0.0,0.0,0.0,0.0,0.0,0.0,0.0,0.0,0.0,0.0,0.0,0.0,3.813559322033898,0.7627118644067796,1.1440677966101696,0.7627118644067796,0.3813559322033898,4.194915254237288,0.0,MF,3
Federico Viñas,Uruguay,Uruguay,FW,27,1998,Oviedo,3,2,192.0,2.1,0.0,0.0,0.0,0.0,0.0,0.0,0.0,0.0,0.0,0.0,0.0,0.0,0.0,6.0,3.0,50.0,2.81,1.41,0.0,0.0,64.0,71.1,79.0,0,1,34.0,0,0.67,3.0,3.0,0.0,0.0,1.15,0.0,3.0,3.0,3.0,0.0,1.0,2.0,0.0,0.0,0.0,0.0,0.0,0.0,0.0,0.0,0.0,0.0,0.0,0.0,0.0,0.0,0.0,0.0,0.0,0.0,0.0,0.0,0.0,2.8125,1.40625,0.46875,0.9375,1.40625,0.0,0.0,FW,1
Guillermo Varela,Uruguay,Uruguay,DF,33,1993,Flamengo,3,3,270.0,3.0,0.0,0.0,0.0,0.0,0.0,0.0,1.0,0.0,0.0,0.0,0.0,0.0,0.0,2.0,0.0,0.0,0.67,0.0,0.0,0.0,90.0,100.0,90.0,3,0,0.0,0,0.67,3.0,4.0,-1.0,-0.33,0.0,0.0,1.0,1.0,0.0,9.0,7.0,1.0,0.0,0.0,0.0,0.0,0.0,0.0,0.0,0.0,0.0,0.0,0.0,0.0,0.0,0.0,0.0,0.0,0.0,0.0,0.0,0.0,0.0,0.6666666666666667,0.0,2.3333333333333335,0.33333333333333337,0.33333333333333337,3.0,0.0,DF,0
Juan Manuel Sanabria,Uruguay,Uruguay,DF,26,2000,Atlético San Luis,3,2,204.0,2.3,0.0,0.0,0.0,0.0,0.0,0.0,1.0,0.0,0.0,0.0,0.0,0.0,0.0,3.0,0.0,0.0,1.32,0.0,0.0,0.0,68.0,75.6,80.0,1,1,45.0,0,0.67,3.0,3.0,0.0,0.0,1.36,0.0,1.0,0.0,1.0,15.0,1.0,4.0,0.0,0.0,0.0,0.0,0.0,0.0,0.0,0.0,0.0,0.0,0.0,0.0,0.0,0.0,0.0,0.0,0.0,0.0,0.0,0.0,0.0,1.3235294117647058,0.0,0.4411764705882353,1.7647058823529411,0.4411764705882353,6.61764705882353,0.0,DF,3
Manuel Ugarte,Uruguay,Uruguay,MF,25,2001,Manchester Utd,3,3,184.0,2.0,0.0,0.0,0.0,0.0,0.0,0.0,0.0,0.0,0.0,0.0,0.0,0.0,0.0,3.0,1.0,33.3,1.47,0.49,0.0,0.0,61.0,68.1,61.0,0,0,0.0,0,0.67,2.0,4.0,-2.0,-0.98,-2.02,0.0,1.0,0.0,0.0,0.0,3.0,1.0,0.0,0.0,0.0,0.0,0.0,0.0,0.0,0.0,0.0,0.0,0.0,0.0,0.0,0.0,0.0,0.0,0.0,0.0,0.0,0.0,0.0,1.467391304347826,0.4891304347826087,1.467391304347826,0.4891304347826087,0.4891304347826087,0.0,0.0,MF,2
Mathías Olivera,Uruguay,Uruguay,DF,28,1997,Napoli,3,3,270.0,3.0,0.0,0.0,0.0,0.0,0.0,0.0,1.0,0.0,0.0,0.0,0.0,0.0,0.0,1.0,0.0,0.0,0.33,0.0,0.0,0.0,90.0,100.0,90.0,3,0,0.0,0,0.67,3.0,4.0,-1.0,-0.33,0.0,0.0,3.0,0.0,0.0,5.0,2.0,4.0,0.0,0.0,0.0,0.0,0.0,0.0,0.0,0.0,0.0,0.0,0.0,0.0,0.0,0.0,0.0,0.0,0.0,0.0,0.0,0.0,0.0,0.33333333333333337,0.0,0.6666666666666667,1.3333333333333335,1.0,1.6666666666666665,0.0,DF,2
Maxi Araújo,Uruguay,Uruguay,"FW,MF",26,2000,Sporting CP,3,3,250.0,2.8,2.0,1.0,3.0,2.0,0.0,0.0,0.0,0.0,0.72,0.36,1.08,0.72,1.08,4.0,3.0,75.0,1.44,1.08,0.5,0.67,83.0,92.6,83.0,1,0,0.0,0,0.67,3.0,4.0,-1.0,-0.36,-0.36,0.0,2.0,7.0,6.0,18.0,0.0,0.0,0.0,0.0,0.0,0.0,0.0,0.0,0.0,0.0,0.0,0.0,0.0,0.0,0.0,0.0,0.0,0.0,0.0,0.0,0.0,0.72,0.36,1.44,1.08,0.0,0.0,0.72,6.4799999999999995,1.08,MF,3
Rodrigo Bentancur,Uruguay,Uruguay,MF,28,1997,Tottenham,3,3,270.0,3.0,0.0,0.0,0.0,0.0,0.0,0.0,1.0,0.0,0.0,0.0,0.0,0.0,0.0,4.0,0.0,0.0,1.33,0.0,0.0,0.0,90.0,100.0,90.0,3,0,0.0,0,0.67,3.0,4.0,-1.0,-0.33,0.0,0.0,7.0,5.0,0.0,4.0,7.0,5.0,0.0,0.0,0.0,0.0,0.0,0.0,0.0,0.0,0.0,0.0,0.0,0.0,0.0,0.0,0.0,0.0,0.0,0.0,0.0,0.0,0.0,1.3333333333333335,0.0,2.3333333333333335,1.6666666666666665,2.3333333333333335,1.3333333333333335,0.0,MF,0
Sebastián Cáceres,Uruguay,Uruguay,DF,26,1999,América,3,3,270.0,3.0,0.0,0.0,0.0,0.0,0.0,0.0,0.0,0.0,0.0,0.0,0.0,0.0,0.0,3.0,0.0,0.0,1.0,0.0,0.0,0.0,90.0,100.0,90.0,3,0,0.0,0,0.67,3.0,4.0,-1.0,-0.33,0.0,0.0,2.0,2.0,0.0,1.0,2.0,1.0,0.0,0.0,0.0,0.0,0.0,0.0,0.0,0.0,0.0,0.0,0.0,0.0,0.0,0.0,0.0,0.0,0.0,0.0,0.0,0.0,0.0,1.0,0.0,0.6666666666666667,0.33333333333333337,0.6666666666666667,0.33333333333333337,0.0,DF,2
Abbosbek Fayzullayev,Uzbekistan,Uzbekistan,MF,22,2003,Başakşehir,3,3,220.0,2.4,1.0,0.0,1.0,1.0,0.0,0.0,0.0,0.0,0.41,0.0,0.41,0.41,0.41,3.0,2.0,66.7,1.23,0.82,0.33,0.5,73.0,81.5,73.0,0,0,0.0,0,0.0,2.0,7.0,-5.0,-2.05,5.15,0.0,6.0,4.0,0.0,10.0,1.0,6.0,0.0,0.0,0.0,0.0,0.0,0.0,0.0,0.0,0.0,0.0,0.0,0.0,0.0,0.0,0.0,0.0,0.0,0.0,0.0,0.40909090909090906,0.0,1.2272727272727273,0.8181818181818181,0.40909090909090906,2.4545454545454546,2.4545454545454546,4.090909090909091,0.40909090909090906,MF,3
Abdukodir Khusanov,Uzbekistan,Uzbekistan,DF,22,2004,Manchester City,3,3,270.0,3.0,0.0,0.0,0.0,0.0,0.0,0.0,2.0,0.0,0.0,0.0,0.0,0.0,0.0,0.0,0.0,0.0,0.0,0.0,0.0,0.0,90.0,100.0,90.0,3,0,0.0,0,0.0,2.0,11.0,-9.0,-3.0,0.0,0.0,6.0,0.0,0.0,0.0,5.0,3.0,0.0,0.0,0.0,0.0,0.0,0.0,0.0,0.0,0.0,0.0,0.0,0.0,0.0,0.0,0.0,0.0,0.0,0.0,0.0,0.0,0.0,0.0,0.0,1.6666666666666665,1.0,2.0,0.0,0.0,DF,0
Abdulla Abdullaev,Uzbekistan,Uzbekistan,DF,28,1997,Unknown Club,2,2,180.0,2.0,0.0,0.0,0.0,0.0,0.0,0.0,0.0,0.0,0.0,0.0,0.0,0.0,0.0,0.0,0.0,0.0,0.0,0.0,0.0,0.0,90.0,66.7,90.0,2,0,0.0,1,0.0,1.0,8.0,-7.0,-3.5,-1.5,0.0,5.0,1.0,0.0,0.0,3.0,2.0,0.0,0.0,0.0,0.0,0.0,0.0,0.0,0.0,0.0,0.0,0.0,0.0,0.0,0.0,0.0,0.0,0.0,0.0,0.0,0.0,0.0,0.0,0.0,1.5,1.0,2.5,0.0,0.0,DF,0
Akmal Mozgovoy,Uzbekistan,Uzbekistan,MF,27,1999,Unknown Club,3,2,216.0,2.4,0.0,1.0,1.0,0.0,0.0,0.0,0.0,0.0,0.0,0.42,0.42,0.0,0.42,1.0,0.0,0.0,0.42,0.0,0.0,0.0,72.0,80.0,86.0,1,1,45.0,0,0.0,2.0,7.0,-5.0,-2.08,4.58,0.0,0.0,3.0,0.0,0.0,2.0,0.0,0.0,0.0,0.0,0.0,0.0,0.0,0.0,0.0,0.0,0.0,0.0,0.0,0.0,0.0,0.0,0.0,0.0,0.0,0.0,0.0,0.41666666666666663,0.41666666666666663,0.0,0.8333333333333333,0.0,0.0,0.0,0.41666666666666663,MF,2
Eldor Shomurodov,Uzbekistan,Uzbekistan,FW,30,1995,Başakşehir,3,3,269.0,3.0,1.0,0.0,1.0,1.0,0.0,0.0,0.0,0.0,0.33,0.0,0.33,0.33,0.33,4.0,2.0,50.0,1.34,0.67,0.25,0.5,90.0,99.6,90.0,2,0,0.0,0,0.0,2.0,10.0,-8.0,-2.68,87.32,0.0,8.0,4.0,1.0,1.0,0.0,4.0,0.0,0.0,0.0,0.0,0.0,0.0,0.0,0.0,0.0,0.0,0.0,0.0,0.0,0.0,0.0,0.0,0.0,0.0,0.0,0.33457249070631967,0.0,1.3382899628252787,0.6691449814126393,0.0,1.3382899628252787,2.6765799256505574,0.33457249070631967,0.33457249070631967,FW,2
Otabek Shukurov,Uzbekistan,Uzbekistan,MF,29,1996,Unknown Club,3,3,237.0,2.6,0.0,0.0,0.0,0.0,0.0,0.0,0.0,0.0,0.0,0.0,0.0,0.0,0.0,2.0,0.0,0.0,0.76,0.0,0.0,0.0,79.0,87.8,79.0,1,0,0.0,0,0.0,2.0,8.0,-6.0,-2.28,5.9,0.0,2.0,5.0,0.0,1.0,0.0,2.0,0.0,0.0,0.0,0.0,0.0,0.0,0.0,0.0,0.0,0.0,0.0,0.0,0.0,0.0,0.0,0.0,0.0,0.0,0.0,0.0,0.0,0.7594936708860759,0.0,0.0,0.7594936708860759,0.7594936708860759,0.37974683544303794,0.0,MF,2
Rustam Ashurmatov,Uzbekistan,Uzbekistan,DF,29,1996,Esteghlal,3,3,256.0,2.8,0.0,0.0,0.0,0.0,0.0,0.0,0.0,0.0,0.0,0.0,0.0,0.0,0.0,0.0,0.0,0.0,0.0,0.0,0.0,0.0,85.0,94.8,85.0,2,0,0.0,0,0.0,2.0,10.0,-8.0,-2.81,3.62,0.0,1.0,0.0,0.0,0.0,7.0,2.0,0.0,0.0,0.0,0.0,0.0,0.0,0.0,0.0,0.0,0.0,0.0,0.0,0.0,0.0,0.0,0.0,0.0,0.0,0.0,0.0,0.0,0.0,0.0,2.4609375,0.703125,0.3515625,0.0,0.0,DF,0
Sherzod Nasrullaev,Uzbekistan,Uzbekistan,"DF,MF",27,1998,Unknown Club,3,3,180.0,2.0,0.0,0.0,0.0,0.0,0.0,0.0,1.0,0.0,0.0,0.0,0.0,0.0,0.0,1.0,1.0,100.0,0.5,0.5,0.0,0.0,60.0,66.7,60.0,1,0,0.0,0,0.0,1.0,7.0,-6.0,-3.0,0.0,0.0,3.0,2.0,0.0,3.0,2.0,2.0,0.0,0.0,0.0,0.0,0.0,0.0,0.0,0.0,0.0,0.0,0.0,0.0,0.0,0.0,0.0,0.0,0.0,0.0,0.0,0.0,0.0,0.5,0.5,1.0,1.0,1.5,1.5,0.0,DF,2
