player,team,team_country,position,age,birth_year,club,games,games_starts,minutes,minutes_90s,goals,assists,goals_assists,goals_pens,pens_made,pens_att,cards_yellow,cards_red,goals_per90,assists_per90,goals_assists_per90,goals_pens_per90,goals_assists_pens_per90,shots,shots_on_target,shots_on_target_pct,shots_per90,shots_on_target_per90,goals_per_shot,goals_per_shot_on_target,minutes_per_game,minutes_pct,minutes_per_start,games_complete,games_subs,minutes_per_sub,unused_subs,points_per_game,on_goals_for,on_goals_against,plus_minus,plus_minus_per90,plus_minus_wowy,cards_yellow_red,fouls,fouled,offsides,crosses,interceptions,tackles_won,own_goals,gk_games,gk_games_starts,gk_minutes,gk_goals_against,gk_goals_against_per90,gk_shots_on_target_against,gk_saves,gk_save_pct,gk_wins,gk_ties,gk_losses,gk_clean_sheets,gk_clean_sheets_pct,gk_pens_att,gk_pens_allowed,gk_pens_saved,gk_pens_missed,gk_pens_save_pct,goals_per90_calc,assists_per90_calc,shots_per90_calc,shots_on_target_per90_calc,interceptions_per90_calc,tackles_won_per90_calc,fouls_per90_calc,crosses_per90_calc,goal_contribution_per90,primary_position
Achref Abada,Algeria,Algeria,DF,26,1999,Unknown Club,0,0,0.0,0.0,0.0,0.0,0.0,0.0,0.0,0.0,0.0,0.0,0.0,0.0,0.0,0.0,0.0,0.0,0.0,0.0,0.0,0.0,0.0,0.0,0.0,0.0,0.0,0,0,0.0,4,0.0,0.0,0.0,0.0,0.0,0.0,0.0,0.0,0.0,0.0,0.0,0.0,0.0,0.0,0.0,0.0,0.0,0.0,0.0,0.0,0.0,0.0,0.0,0.0,0.0,0.0,0.0,0.0,0.0,0.0,0.0,0.0,0.0,0.0,0.0,0.0,0.0,0.0,0.0,0.0,0.0,DF
Adil Boulbina,Algeria,Algeria,FW,23,2003,Unknown Club,2,0,19.0,0.2,0.0,0.0,0.0,0.0,0.0,0.0,0.0,0.0,0.0,0.0,0.0,0.0,0.0,0.0,0.0,0.0,0.0,0.0,0.0,0.0,10.0,5.3,0.0,0,2,10.0,2,0.0,0.0,0.0,0.0,0.0,1.06,0.0,0.0,0.0,1.0,0.0,0.0,0.0,0.0,0.0,0.0,0.0,0.0,0.0,0.0,0.0,0.0,0.0,0.0,0.0,0.0,0.0,0.0,0.0,0.0,0.0,0.0,0.0,0.0,0.0,0.0,0.0,0.0,0.0,0.0,0.0,FW
Amine Gouiri,Algeria,Algeria,FW,26,2000,Marseille,4,3,251.0,2.8,1.0,0.0,1.0,1.0,0.0,0.0,0.0,0.0,0.36,0.0,0.36,0.36,0.36,3.0,2.0,66.7,1.08,0.72,0.33,0.5,63.0,69.7,73.0,0,1,33.0,0,1.0,4.0,5.0,-1.0,-0.36,2.12,0.0,1.0,1.0,0.0,1.0,0.0,1.0,0.0,0.0,0.0,0.0,0.0,0.0,0.0,0.0,0.0,0.0,0.0,0.0,0.0,0.0,0.0,0.0,0.0,0.0,0.0,0.35856573705179284,0.0,1.0756972111553784,0.7171314741035857,0.0,0.35856573705179284,0.35856573705179284,0.35856573705179284,0.35856573705179284,FW
Anis Hadj Moussa,Algeria,Algeria,MF,24,2002,Feyenoord,3,1,98.0,1.1,0.0,0.0,0.0,0.0,0.0,0.0,0.0,0.0,0.0,0.0,0.0,0.0,0.0,2.0,0.0,0.0,1.84,0.0,0.0,0.0,33.0,27.2,63.0,0,2,18.0,1,1.0,1.0,2.0,-1.0,-0.92,0.11,0.0,0.0,2.0,0.0,5.0,1.0,0.0,0.0,0.0,0.0,0.0,0.0,0.0,0.0,0.0,0.0,0.0,0.0,0.0,0.0,0.0,0.0,0.0,0.0,0.0,0.0,0.0,0.0,1.8367346938775508,0.0,0.9183673469387754,0.0,0.0,4.591836734693878,0.0,MF
Aïssa Mandi,Algeria,Algeria,DF,34,1991,Lille,4,4,360.0,4.0,0.0,0.0,0.0,0.0,0.0,0.0,0.0,0.0,0.0,0.0,0.0,0.0,0.0,0.0,0.0,0.0,0.0,0.0,0.0,0.0,90.0,100.0,90.0,4,0,0.0,0,1.0,5.0,9.0,-4.0,-1.0,0.0,0.0,0.0,5.0,0.0,0.0,4.0,3.0,0.0,0.0,0.0,0.0,0.0,0.0,0.0,0.0,0.0,0.0,0.0,0.0,0.0,0.0,0.0,0.0,0.0,0.0,0.0,0.0,0.0,0.0,0.0,1.0,0.75,0.0,0.0,0.0,DF
Fares Chaïbi,Algeria,Algeria,MF,23,2002,Frankfurt,4,4,360.0,4.0,0.0,0.0,0.0,0.0,0.0,0.0,1.0,0.0,0.0,0.0,0.0,0.0,0.0,9.0,3.0,33.3,2.25,0.75,0.0,0.0,90.0,100.0,90.0,4,0,0.0,0,1.0,5.0,9.0,-4.0,-1.0,0.0,0.0,3.0,2.0,1.0,6.0,3.0,5.0,0.0,0.0,0.0,0.0,0.0,0.0,0.0,0.0,0.0,0.0,0.0,0.0,0.0,0.0,0.0,0.0,0.0,0.0,0.0,0.0,0.0,2.25,0.75,0.75,1.25,0.75,1.5,0.0,MF
Farés Ghedjemis,Algeria,Algeria,"FW,MF",23,2002,Frosinone,1,0,1.0,0.0,0.0,0.0,0.0,0.0,0.0,0.0,0.0,0.0,0.0,0.0,0.0,0.0,0.0,0.0,0.0,0.0,0.0,0.0,0.0,0.0,1.0,0.3,0.0,0,1,1.0,3,1.0,0.0,1.0,-1.0,-90.0,-89.25,0.0,0.0,0.0,0.0,0.0,0.0,0.0,0.0,0.0,0.0,0.0,0.0,0.0,0.0,0.0,0.0,0.0,0.0,0.0,0.0,0.0,0.0,0.0,0.0,0.0,0.0,0.0,0.0,0.0,0.0,0.0,0.0,0.0,0.0,0.0,MF
Hicham Boudaoui,Algeria,Algeria,MF,26,1999,Nice,3,2,128.0,1.4,0.0,0.0,0.0,0.0,0.0,0.0,1.0,0.0,0.0,0.0,0.0,0.0,0.0,0.0,0.0,0.0,0.0,0.0,0.0,0.0,43.0,35.6,54.0,0,1,20.0,1,1.0,0.0,3.0,-3.0,-2.11,-1.72,0.0,4.0,1.0,0.0,1.0,2.0,1.0,0.0,0.0,0.0,0.0,0.0,0.0,0.0,0.0,0.0,0.0,0.0,0.0,0.0,0.0,0.0,0.0,0.0,0.0,0.0,0.0,0.0,0.0,0.0,1.40625,0.703125,2.8125,0.703125,0.0,MF
Houssem Aouar,Algeria,Algeria,MF,27,1998,Al-Ittihad,3,2,173.0,1.9,0.0,2.0,2.0,0.0,0.0,0.0,0.0,0.0,0.0,1.04,1.04,0.0,1.04,3.0,1.0,33.3,1.56,0.52,0.0,0.0,58.0,48.1,73.0,0,1,27.0,1,0.33,2.0,5.0,-3.0,-1.56,-1.08,0.0,1.0,2.0,0.0,0.0,0.0,1.0,0.0,0.0,0.0,0.0,0.0,0.0,0.0,0.0,0.0,0.0,0.0,0.0,0.0,0.0,0.0,0.0,0.0,0.0,0.0,0.0,1.0404624277456647,1.5606936416184969,0.5202312138728323,0.0,0.5202312138728323,0.5202312138728323,0.0,1.0404624277456647,MF
Ibrahim Maza,Algeria,Algeria,"MF,FW",20,2005,Leverkusen,4,4,351.0,3.9,0.0,0.0,0.0,0.0,0.0,0.0,0.0,0.0,0.0,0.0,0.0,0.0,0.0,11.0,3.0,27.3,2.82,0.77,0.0,0.0,88.0,97.5,88.0,3,0,0.0,0,1.0,5.0,9.0,-4.0,-1.03,-1.03,0.0,1.0,5.0,0.0,1.0,0.0,2.0,0.0,0.0,0.0,0.0,0.0,0.0,0.0,0.0,0.0,0.0,0.0,0.0,0.0,0.0,0.0,0.0,0.0,0.0,0.0,0.0,0.0,2.8205128205128207,0.7692307692307693,0.0,0.5128205128205129,0.25641025641025644,0.25641025641025644,0.0,MF
Jaouen Hadjam,Algeria,Algeria,DF,23,2003,Young Boys,3,1,109.0,1.2,0.0,0.0,0.0,0.0,0.0,0.0,0.0,0.0,0.0,0.0,0.0,0.0,0.0,1.0,0.0,0.0,0.83,0.0,0.0,0.0,36.0,30.3,70.0,0,2,20.0,1,1.33,2.0,2.0,0.0,0.0,1.43,0.0,0.0,0.0,0.0,1.0,1.0,1.0,0.0,0.0,0.0,0.0,0.0,0.0,0.0,0.0,0.0,0.0,0.0,0.0,0.0,0.0,0.0,0.0,0.0,0.0,0.0,0.0,0.0,0.8256880733944955,0.0,0.8256880733944955,0.8256880733944955,0.0,0.8256880733944955,0.0,DF
Luca Zidane,Algeria,Algeria,GK,28,1998,Granada,3,3,270.0,3.0,0.0,0.0,0.0,0.0,0.0,0.0,0.0,0.0,0.0,0.0,0.0,0.0,0.0,0.0,0.0,0.0,0.0,0.0,0.0,0.0,90.0,75.0,90.0,3,0,0.0,1,1.0,2.0,6.0,-4.0,-1.33,-1.33,0.0,0.0,0.0,0.0,0.0,0.0,0.0,0.0,3.0,3.0,270.0,6.0,2.0,14.0,8.0,57.1,1.0,0.0,2.0,0.0,0.0,0.0,0.0,0.0,0.0,0.0,0.0,0.0,0.0,0.0,0.0,0.0,0.0,0.0,0.0,GK
Melvin Mastil,Algeria,Algeria,GK,26,2000,Unknown Club,0,0,0.0,0.0,0.0,0.0,0.0,0.0,0.0,0.0,0.0,0.0,0.0,0.0,0.0,0.0,0.0,0.0,0.0,0.0,0.0,0.0,0.0,0.0,0.0,0.0,0.0,0,0,0.0,4,0.0,0.0,0.0,0.0,0.0,0.0,0.0,0.0,0.0,0.0,0.0,0.0,0.0,0.0,0.0,0.0,0.0,0.0,0.0,0.0,0.0,0.0,0.0,0.0,0.0,0.0,0.0,0.0,0.0,0.0,0.0,0.0,0.0,0.0,0.0,0.0,0.0,0.0,0.0,0.0,0.0,GK
Mohamed Amine Tougai,Algeria,Algeria,DF,26,2000,Unknown Club,0,0,0.0,0.0,0.0,0.0,0.0,0.0,0.0,0.0,0.0,0.0,0.0,0.0,0.0,0.0,0.0,0.0,0.0,0.0,0.0,0.0,0.0,0.0,0.0,0.0,0.0,0,0,0.0,4,0.0,0.0,0.0,0.0,0.0,0.0,0.0,0.0,0.0,0.0,0.0,0.0,0.0,0.0,0.0,0.0,0.0,0.0,0.0,0.0,0.0,0.0,0.0,0.0,0.0,0.0,0.0,0.0,0.0,0.0,0.0,0.0,0.0,0.0,0.0,0.0,0.0,0.0,0.0,0.0,0.0,DF
Mohamed Amoura,Algeria,Algeria,"FW,MF",26,2000,Wolfsburg,1,0,27.0,0.3,0.0,0.0,0.0,0.0,0.0,0.0,0.0,0.0,0.0,0.0,0.0,0.0,0.0,0.0,0.0,0.0,0.0,0.0,0.0,0.0,27.0,7.5,0.0,0,1,27.0,0,0.0,0.0,1.0,-1.0,-3.33,-2.52,0.0,1.0,0.0,0.0,0.0,0.0,0.0,0.0,0.0,0.0,0.0,0.0,0.0,0.0,0.0,0.0,0.0,0.0,0.0,0.0,0.0,0.0,0.0,0.0,0.0,0.0,0.0,0.0,0.0,0.0,0.0,0.0,3.333333333333333,0.0,0.0,MF
Nabil Bentaleb,Algeria,Algeria,MF,31,1994,Lille,4,3,285.0,3.2,0.0,0.0,0.0,0.0,0.0,0.0,0.0,0.0,0.0,0.0,0.0,0.0,0.0,1.0,0.0,0.0,0.32,0.0,0.0,0.0,71.0,79.2,80.0,1,1,45.0,0,1.0,5.0,8.0,-3.0,-0.95,0.25,0.0,2.0,3.0,0.0,3.0,3.0,4.0,0.0,0.0,0.0,0.0,0.0,0.0,0.0,0.0,0.0,0.0,0.0,0.0,0.0,0.0,0.0,0.0,0.0,0.0,0.0,0.0,0.0,0.3157894736842105,0.0,0.9473684210526315,1.263157894736842,0.631578947368421,0.9473684210526315,0.0,MF
Nadhir Benbouali,Algeria,Algeria,FW,26,2000,Győr,1,0,45.0,0.5,1.0,0.0,1.0,1.0,0.0,0.0,0.0,0.0,2.0,0.0,2.0,2.0,2.0,2.0,2.0,100.0,4.0,4.0,0.5,0.5,45.0,12.5,0.0,0,1,45.0,2,3.0,2.0,0.0,2.0,4.0,5.71,0.0,0.0,0.0,0.0,0.0,0.0,1.0,0.0,0.0,0.0,0.0,0.0,0.0,0.0,0.0,0.0,0.0,0.0,0.0,0.0,0.0,0.0,0.0,0.0,0.0,0.0,2.0,0.0,4.0,4.0,0.0,2.0,0.0,0.0,2.0,FW
Oussama Benbot,Algeria,Algeria,GK,31,1994,Unknown Club,1,1,90.0,1.0,0.0,0.0,0.0,0.0,0.0,0.0,0.0,0.0,0.0,0.0,0.0,0.0,0.0,0.0,0.0,0.0,0.0,0.0,0.0,0.0,90.0,25.0,90.0,1,0,0.0,3,1.0,3.0,3.0,0.0,0.0,1.33,0.0,0.0,1.0,0.0,0.0,0.0,0.0,0.0,1.0,1.0,90.0,3.0,3.0,3.0,0.0,0.0,0.0,1.0,0.0,0.0,0.0,0.0,0.0,0.0,0.0,0.0,0.0,0.0,0.0,0.0,0.0,0.0,0.0,0.0,0.0,GK
Rafik Belghali,Algeria,Algeria,DF,24,2002,Hellas Verona,4,4,331.0,3.7,1.0,0.0,1.0,1.0,0.0,0.0,0.0,0.0,0.27,0.0,0.27,0.27,0.27,3.0,1.0,33.3,0.82,0.27,0.33,1.0,83.0,91.9,83.0,2,0,0.0,0,1.0,4.0,8.0,-4.0,-1.09,-1.09,0.0,4.0,2.0,0.0,4.0,1.0,3.0,0.0,0.0,0.0,0.0,0.0,0.0,0.0,0.0,0.0,0.0,0.0,0.0,0.0,0.0,0.0,0.0,0.0,0.0,0.0,0.2719033232628399,0.0,0.8157099697885197,0.2719033232628399,0.2719033232628399,0.8157099697885197,1.0876132930513596,1.0876132930513596,0.2719033232628399,DF
Ramiz Zerrouki,Algeria,Algeria,MF,28,1998,Twente,3,2,111.0,1.2,0.0,0.0,0.0,0.0,0.0,0.0,1.0,0.0,0.0,0.0,0.0,0.0,0.0,0.0,0.0,0.0,0.0,0.0,0.0,0.0,37.0,30.8,51.0,0,1,9.0,1,1.0,0.0,3.0,-3.0,-2.43,-2.07,0.0,4.0,0.0,0.0,0.0,2.0,1.0,0.0,0.0,0.0,0.0,0.0,0.0,0.0,0.0,0.0,0.0,0.0,0.0,0.0,0.0,0.0,0.0,0.0,0.0,0.0,0.0,0.0,0.0,0.0,1.6216216216216217,0.8108108108108109,3.2432432432432434,0.0,0.0,MF
Ramy Bensebaini,Algeria,Algeria,DF,31,1995,Dortmund,4,4,360.0,4.0,0.0,0.0,0.0,0.0,0.0,0.0,0.0,0.0,0.0,0.0,0.0,0.0,0.0,2.0,0.0,0.0,0.5,0.0,0.0,0.0,90.0,100.0,90.0,4,0,0.0,0,1.0,5.0,9.0,-4.0,-1.0,0.0,0.0,1.0,5.0,0.0,0.0,7.0,6.0,0.0,0.0,0.0,0.0,0.0,0.0,0.0,0.0,0.0,0.0,0.0,0.0,0.0,0.0,0.0,0.0,0.0,0.0,0.0,0.0,0.0,0.5,0.0,1.75,1.5,0.25,0.0,0.0,DF
Rayan Aït-Nouri,Algeria,Algeria,DF,25,2001,Manchester City,4,3,284.0,3.2,0.0,0.0,0.0,0.0,0.0,0.0,0.0,0.0,0.0,0.0,0.0,0.0,0.0,1.0,0.0,0.0,0.32,0.0,0.0,0.0,71.0,78.9,88.0,2,1,20.0,0,1.0,3.0,7.0,-4.0,-1.27,-1.27,0.0,6.0,4.0,0.0,8.0,5.0,13.0,0.0,0.0,0.0,0.0,0.0,0.0,0.0,0.0,0.0,0.0,0.0,0.0,0.0,0.0,0.0,0.0,0.0,0.0,0.0,0.0,0.0,0.31690140845070425,0.0,1.5845070422535212,4.119718309859155,1.9014084507042253,2.535211267605634,0.0,DF
Riyad Mahrez,Algeria,Algeria,MF,35,1991,Al-Ahli,4,3,262.0,2.9,2.0,1.0,3.0,2.0,0.0,0.0,0.0,0.0,0.69,0.34,1.03,0.69,1.03,6.0,3.0,50.0,2.06,1.03,0.33,0.67,66.0,72.8,78.0,1,1,27.0,0,1.0,4.0,7.0,-3.0,-1.03,-0.11,0.0,1.0,7.0,1.0,10.0,1.0,2.0,0.0,0.0,0.0,0.0,0.0,0.0,0.0,0.0,0.0,0.0,0.0,0.0,0.0,0.0,0.0,0.0,0.0,0.0,0.0,0.6870229007633587,0.34351145038167935,2.0610687022900764,1.0305343511450382,0.34351145038167935,0.6870229007633587,0.34351145038167935,3.435114503816794,1.030534351145038,MF
Samir Chergui,Algeria,Algeria,DF,27,1999,Paris FC,1,0,20.0,0.2,0.0,0.0,0.0,0.0,0.0,0.0,0.0,0.0,0.0,0.0,0.0,0.0,0.0,0.0,0.0,0.0,0.0,0.0,0.0,0.0,20.0,5.6,0.0,0,1,20.0,3,1.0,1.0,1.0,0.0,0.0,1.06,0.0,0.0,0.0,0.0,0.0,0.0,0.0,0.0,0.0,0.0,0.0,0.0,0.0,0.0,0.0,0.0,0.0,0.0,0.0,0.0,0.0,0.0,0.0,0.0,0.0,0.0,0.0,0.0,0.0,0.0,0.0,0.0,0.0,0.0,0.0,DF
Yassine Titraoui,Algeria,Algeria,MF,22,2003,Unknown Club,0,0,0.0,0.0,0.0,0.0,0.0,0.0,0.0,0.0,0.0,0.0,0.0,0.0,0.0,0.0,0.0,0.0,0.0,0.0,0.0,0.0,0.0,0.0,0.0,0.0,0.0,0,0,0.0,4,0.0,0.0,0.0,0.0,0.0,0.0,0.0,0.0,0.0,0.0,0.0,0.0,0.0,0.0,0.0,0.0,0.0,0.0,0.0,0.0,0.0,0.0,0.0,0.0,0.0,0.0,0.0,0.0,0.0,0.0,0.0,0.0,0.0,0.0,0.0,0.0,0.0,0.0,0.0,0.0,0.0,MF
Zineddine Belaïd,Algeria,Algeria,DF,27,1999,Unknown Club,2,0,25.0,0.3,0.0,0.0,0.0,0.0,0.0,0.0,0.0,0.0,0.0,0.0,0.0,0.0,0.0,0.0,0.0,0.0,0.0,0.0,0.0,0.0,13.0,6.9,0.0,0,2,13.0,2,2.0,1.0,1.0,0.0,0.0,1.07,0.0,0.0,0.0,1.0,0.0,0.0,0.0,0.0,0.0,0.0,0.0,0.0,0.0,0.0,0.0,0.0,0.0,0.0,0.0,0.0,0.0,0.0,0.0,0.0,0.0,0.0,0.0,0.0,0.0,0.0,0.0,0.0,0.0,0.0,0.0,DF
Alexis Mac Allister,Argentina,Argentina,MF,27,1998,Liverpool,8,7,750.0,8.3,1.0,1.0,2.0,1.0,0.0,0.0,1.0,0.0,0.12,0.12,0.24,0.12,0.24,13.0,4.0,30.8,1.56,0.48,0.08,0.25,94.0,92.6,103.0,7,1,30.0,0,2.63,17.0,7.0,10.0,1.2,-0.3,0.0,9.0,12.0,0.0,2.0,9.0,12.0,0.0,0.0,0.0,0.0,0.0,0.0,0.0,0.0,0.0,0.0,0.0,0.0,0.0,0.0,0.0,0.0,0.0,0.0,0.0,0.12,0.12,1.5599999999999998,0.48,1.08,1.44,1.08,0.24,0.24,MF
Cristian Romero,Argentina,Argentina,DF,28,1998,Tottenham,7,7,608.0,6.8,1.0,0.0,1.0,1.0,0.0,0.0,2.0,0.0,0.15,0.0,0.15,0.15,0.15,3.0,1.0,33.3,0.44,0.15,0.33,1.0,87.0,75.1,87.0,2,0,0.0,1,2.57,12.0,6.0,6.0,0.89,-1.34,0.0,9.0,3.0,0.0,0.0,11.0,10.0,0.0,0.0,0.0,0.0,0.0,0.0,0.0,0.0,0.0,0.0,0.0,0.0,0.0,0.0,0.0,0.0,0.0,0.0,0.0,0.14802631578947367,0.0,0.444078947368421,0.14802631578947367,1.6282894736842106,1.4802631578947367,1.332236842105263,0.0,0.14802631578947367,DF
Emiliano Martínez,Argentina,Argentina,GK,33,1992,Aston Villa,8,8,810.0,9.0,0.0,0.0,0.0,0.0,0.0,0.0,0.0,0.0,0.0,0.0,0.0,0.0,0.0,0.0,0.0,0.0,0.0,0.0,0.0,0.0,101.0,100.0,101.0,8,0,0.0,0,2.63,19.0,8.0,11.0,1.22,0.0,0.0,0.0,1.0,0.0,0.0,0.0,0.0,0.0,8.0,8.0,810.0,8.0,0.89,28.0,20.0,71.4,7.0,0.0,1.0,2.0,25.0,0.0,0.0,0.0,0.0,0.0,0.0,0.0,0.0,0.0,0.0,0.0,0.0,0.0,0.0,GK
Enzo Fernández,Argentina,Argentina,MF,25,2001,Chelsea,7,7,659.0,7.3,2.0,0.0,2.0,2.0,0.0,0.0,2.0,1.0,0.27,0.0,0.27,0.27,0.27,12.0,4.0,33.3,1.64,0.55,0.17,0.5,94.0,81.4,94.0,5,0,0.0,1,2.57,14.0,6.0,8.0,1.09,-0.7,1.0,12.0,6.0,1.0,5.0,6.0,7.0,0.0,0.0,0.0,0.0,0.0,0.0,0.0,0.0,0.0,0.0,0.0,0.0,0.0,0.0,0.0,0.0,0.0,0.0,0.0,0.27314112291350534,0.0,1.6388467374810318,0.5462822458270107,0.8194233687405159,0.9559939301972686,1.6388467374810318,0.6828528072837633,0.27314112291350534,MF
Exequiel Palacios,Argentina,Argentina,DF,27,1998,Leverkusen,1,1,90.0,1.0,0.0,0.0,0.0,0.0,0.0,0.0,0.0,0.0,0.0,0.0,0.0,0.0,0.0,0.0,0.0,0.0,0.0,0.0,0.0,0.0,90.0,11.1,90.0,1,0,0.0,7,3.0,3.0,1.0,2.0,2.0,0.87,0.0,1.0,1.0,0.0,0.0,5.0,0.0,0.0,0.0,0.0,0.0,0.0,0.0,0.0,0.0,0.0,0.0,0.0,0.0,0.0,0.0,0.0,0.0,0.0,0.0,0.0,0.0,0.0,0.0,0.0,5.0,0.0,1.0,0.0,0.0,DF
Facundo Medina,Argentina,Argentina,DF,27,1999,Marseille,5,3,308.0,3.4,0.0,1.0,1.0,0.0,0.0,0.0,1.0,0.0,0.0,0.29,0.29,0.0,0.29,0.0,0.0,0.0,0.0,0.0,0.0,0.0,62.0,38.0,85.0,1,2,26.0,3,2.4,5.0,2.0,3.0,0.88,-0.56,0.0,3.0,2.0,1.0,1.0,2.0,7.0,0.0,0.0,0.0,0.0,0.0,0.0,0.0,0.0,0.0,0.0,0.0,0.0,0.0,0.0,0.0,0.0,0.0,0.0,0.0,0.0,0.29220779220779225,0.0,0.0,0.5844155844155845,2.0454545454545454,0.8766233766233766,0.29220779220779225,0.29220779220779225,DF
Flaco López,Argentina,Argentina,FW,25,2000,Palmeiras,2,0,20.0,0.2,0.0,1.0,1.0,0.0,0.0,0.0,1.0,0.0,0.0,4.5,4.5,0.0,4.5,1.0,0.0,0.0,4.5,0.0,0.0,0.0,10.0,2.5,0.0,0,2,10.0,6,3.0,2.0,0.0,2.0,9.0,7.97,0.0,1.0,0.0,0.0,0.0,0.0,1.0,0.0,0.0,0.0,0.0,0.0,0.0,0.0,0.0,0.0,0.0,0.0,0.0,0.0,0.0,0.0,0.0,0.0,0.0,0.0,0.0,4.5,4.5,0.0,0.0,4.5,4.5,0.0,4.5,FW
Gerónimo Rulli,Argentina,Argentina,GK,34,1992,Unknown Club,0,0,0.0,0.0,0.0,0.0,0.0,0.0,0.0,0.0,0.0,0.0,0.0,0.0,0.0,0.0,0.0,0.0,0.0,0.0,0.0,0.0,0.0,0.0,0.0,0.0,0.0,0,0,0.0,8,0.0,0.0,0.0,0.0,0.0,0.0,0.0,0.0,0.0,0.0,0.0,0.0,0.0,0.0,0.0,0.0,0.0,0.0,0.0,0.0,0.0,0.0,0.0,0.0,0.0,0.0,0.0,0.0,0.0,0.0,0.0,0.0,0.0,0.0,0.0,0.0,0.0,0.0,0.0,0.0,0.0,GK
Giovani Lo Celso,Argentina,Argentina,MF,30,1996,Real Betis,1,1,59.0,0.7,1.0,0.0,1.0,1.0,0.0,0.0,0.0,0.0,1.53,0.0,1.53,1.53,1.53,1.0,1.0,100.0,1.53,1.53,1.0,1.0,59.0,7.3,59.0,0,0,0.0,7,3.0,2.0,1.0,1.0,1.53,0.33,0.0,1.0,1.0,1.0,1.0,1.0,0.0,0.0,0.0,0.0,0.0,0.0,0.0,0.0,0.0,0.0,0.0,0.0,0.0,0.0,0.0,0.0,0.0,0.0,0.0,0.0,1.5254237288135593,0.0,1.5254237288135593,1.5254237288135593,1.5254237288135593,0.0,1.5254237288135593,1.5254237288135593,1.5254237288135593,MF
Giuliano Simeone,Argentina,Argentina,FW,23,2002,Atlético Madrid,3,2,192.0,2.1,0.0,0.0,0.0,0.0,0.0,0.0,0.0,0.0,0.0,0.0,0.0,0.0,0.0,1.0,0.0,0.0,0.47,0.0,0.0,0.0,64.0,23.7,71.0,0,1,51.0,5,2.0,2.0,3.0,-1.0,-0.47,-2.22,0.0,9.0,1.0,1.0,2.0,1.0,3.0,0.0,0.0,0.0,0.0,0.0,0.0,0.0,0.0,0.0,0.0,0.0,0.0,0.0,0.0,0.0,0.0,0.0,0.0,0.0,0.0,0.0,0.46875,0.0,0.46875,1.40625,4.21875,0.9375,0.0,FW
Gonzalo Montiel,Argentina,Argentina,DF,29,1997,River Plate,6,2,192.0,2.1,0.0,1.0,1.0,0.0,0.0,0.0,1.0,0.0,0.0,0.47,0.47,0.0,0.47,1.0,0.0,0.0,0.47,0.0,0.0,0.0,32.0,23.7,51.0,0,4,23.0,2,2.5,9.0,0.0,9.0,4.22,3.93,0.0,4.0,2.0,0.0,4.0,3.0,3.0,0.0,0.0,0.0,0.0,0.0,0.0,0.0,0.0,0.0,0.0,0.0,0.0,0.0,0.0,0.0,0.0,0.0,0.0,0.0,0.0,0.46875,0.46875,0.0,1.40625,1.40625,1.875,1.875,0.46875,DF
Juan Musso,Argentina,Argentina,GK,32,1994,Unknown Club,0,0,0.0,0.0,0.0,0.0,0.0,0.0,0.0,0.0,0.0,0.0,0.0,0.0,0.0,0.0,0.0,0.0,0.0,0.0,0.0,0.0,0.0,0.0,0.0,0.0,0.0,0,0,0.0,8,0.0,0.0,0.0,0.0,0.0,0.0,0.0,0.0,0.0,0.0,0.0,0.0,0.0,0.0,0.0,0.0,0.0,0.0,0.0,0.0,0.0,0.0,0.0,0.0,0.0,0.0,0.0,0.0,0.0,0.0,0.0,0.0,0.0,0.0,0.0,0.0,0.0,0.0,0.0,0.0,0.0,GK
Julián Álvarez,Argentina,Argentina,FW,26,2000,Atlético Madrid,8,5,602.0,6.7,1.0,0.0,1.0,1.0,0.0,0.0,0.0,0.0,0.15,0.0,0.15,0.15,0.15,11.0,5.0,45.5,1.64,0.75,0.09,0.2,75.0,74.3,96.0,2,3,40.0,0,2.63,15.0,6.0,9.0,1.35,0.48,0.0,11.0,4.0,2.0,2.0,3.0,4.0,0.0,0.0,0.0,0.0,0.0,0.0,0.0,0.0,0.0,0.0,0.0,0.0,0.0,0.0,0.0,0.0,0.0,0.0,0.0,0.14950166112956811,0.0,1.6445182724252494,0.7475083056478405,0.4485049833887043,0.5980066445182725,1.6445182724252494,0.29900332225913623,0.14950166112956811,FW
Lautaro Martínez,Argentina,Argentina,FW,28,1997,Inter,7,4,310.0,3.4,3.0,1.0,4.0,2.0,1.0,1.0,1.0,0.0,0.87,0.29,1.16,0.58,0.87,10.0,4.0,40.0,2.9,1.16,0.2,0.5,44.0,38.3,60.0,0,3,24.0,1,3.0,12.0,3.0,9.0,2.61,2.25,0.0,8.0,5.0,2.0,1.0,1.0,1.0,0.0,0.0,0.0,0.0,0.0,0.0,0.0,0.0,0.0,0.0,0.0,0.0,0.0,0.0,0.0,0.0,0.0,0.0,0.0,0.8709677419354839,0.2903225806451613,2.903225806451613,1.1612903225806452,0.2903225806451613,0.2903225806451613,2.3225806451612905,0.2903225806451613,1.1612903225806452,FW
Leandro Paredes,Argentina,Argentina,MF,31,1994,Boca Juniors,7,4,473.0,5.3,0.0,0.0,0.0,0.0,0.0,0.0,2.0,0.0,0.0,0.0,0.0,0.0,0.0,4.0,1.0,25.0,0.76,0.19,0.0,0.0,68.0,58.4,88.0,2,3,40.0,1,2.57,10.0,7.0,3.0,0.57,-1.57,0.0,9.0,3.0,0.0,2.0,5.0,6.0,0.0,0.0,0.0,0.0,0.0,0.0,0.0,0.0,0.0,0.0,0.0,0.0,0.0,0.0,0.0,0.0,0.0,0.0,0.0,0.0,0.0,0.7610993657505286,0.19027484143763215,0.9513742071881607,1.1416490486257929,1.7124735729386893,0.3805496828752643,0.0,MF
Lionel Messi,Argentina,Argentina,FW,38,1987,Inter Miami,8,7,740.0,8.2,8.0,4.0,12.0,8.0,0.0,2.0,0.0,0.0,0.97,0.49,1.46,0.97,1.46,35.0,18.0,51.4,4.26,2.19,0.23,0.44,93.0,91.4,101.0,6,1,31.0,0,2.63,17.0,7.0,10.0,1.22,-0.07,0.0,3.0,20.0,5.0,54.0,0.0,10.0,0.0,0.0,0.0,0.0,0.0,0.0,0.0,0.0,0.0,0.0,0.0,0.0,0.0,0.0,0.0,0.0,0.0,0.0,0.0,0.972972972972973,0.4864864864864865,4.256756756756757,2.1891891891891895,0.0,1.2162162162162162,0.3648648648648649,6.5675675675675675,1.4594594594594597,FW
Lisandro Martínez,Argentina,Argentina,DF,28,1998,Manchester Utd,7,7,624.0,6.9,1.0,1.0,2.0,1.0,0.0,0.0,2.0,0.0,0.14,0.14,0.29,0.14,0.29,4.0,2.0,50.0,0.58,0.29,0.25,0.5,89.0,77.0,89.0,5,0,0.0,1,2.57,14.0,6.0,8.0,1.15,-0.3,0.0,7.0,4.0,0.0,2.0,6.0,7.0,0.0,0.0,0.0,0.0,0.0,0.0,0.0,0.0,0.0,0.0,0.0,0.0,0.0,0.0,0.0,0.0,0.0,0.0,0.0,0.14423076923076922,0.14423076923076922,0.5769230769230769,0.28846153846153844,0.8653846153846154,1.0096153846153846,1.0096153846153846,0.28846153846153844,0.28846153846153844,DF
Marcos Senesi,Argentina,Argentina,DF,29,1997,Bournemouth,2,1,109.0,1.2,0.0,0.0,0.0,0.0,0.0,0.0,0.0,0.0,0.0,0.0,0.0,0.0,0.0,1.0,0.0,0.0,0.83,0.0,0.0,0.0,55.0,13.5,90.0,1,1,19.0,6,1.5,3.0,2.0,1.0,0.83,-0.46,0.0,0.0,3.0,0.0,0.0,2.0,0.0,0.0,0.0,0.0,0.0,0.0,0.0,0.0,0.0,0.0,0.0,0.0,0.0,0.0,0.0,0.0,0.0,0.0,0.0,0.0,0.0,0.0,0.8256880733944955,0.0,1.651376146788991,0.0,0.0,0.0,0.0,DF
Nahuel Molina,Argentina,Argentina,DF,28,1998,Atlético Madrid,7,5,528.0,5.9,0.0,0.0,0.0,0.0,0.0,0.0,0.0,0.0,0.0,0.0,0.0,0.0,0.0,1.0,0.0,0.0,0.17,0.0,0.0,0.0,75.0,65.2,84.0,1,2,54.0,1,2.57,7.0,7.0,0.0,0.0,-3.51,0.0,3.0,0.0,1.0,5.0,8.0,3.0,0.0,0.0,0.0,0.0,0.0,0.0,0.0,0.0,0.0,0.0,0.0,0.0,0.0,0.0,0.0,0.0,0.0,0.0,0.0,0.0,0.0,0.17045454545454547,0.0,1.3636363636363638,0.5113636363636364,0.5113636363636364,0.8522727272727273,0.0,DF
Nicolás González,Argentina,Argentina,MF,28,1998,Atlético Madrid,7,1,259.0,2.9,0.0,1.0,1.0,0.0,0.0,0.0,0.0,0.0,0.0,0.35,0.35,0.0,0.35,7.0,1.0,14.3,2.43,0.35,0.0,0.0,37.0,32.0,45.0,0,6,36.0,1,2.57,12.0,2.0,10.0,3.47,3.31,0.0,4.0,3.0,2.0,6.0,1.0,3.0,0.0,0.0,0.0,0.0,0.0,0.0,0.0,0.0,0.0,0.0,0.0,0.0,0.0,0.0,0.0,0.0,0.0,0.0,0.0,0.0,0.3474903474903475,2.4324324324324325,0.3474903474903475,0.3474903474903475,1.0424710424710424,1.38996138996139,2.0849420849420848,0.3474903474903475,MF
Nicolás Otamendi,Argentina,Argentina,DF,38,1988,Benfica,7,1,247.0,2.7,0.0,0.0,0.0,0.0,0.0,0.0,0.0,0.0,0.0,0.0,0.0,0.0,0.0,1.0,0.0,0.0,0.36,0.0,0.0,0.0,35.0,30.5,90.0,1,6,26.0,1,2.57,8.0,2.0,6.0,2.19,1.39,0.0,4.0,4.0,1.0,0.0,6.0,2.0,0.0,0.0,0.0,0.0,0.0,0.0,0.0,0.0,0.0,0.0,0.0,0.0,0.0,0.0,0.0,0.0,0.0,0.0,0.0,0.0,0.0,0.3643724696356275,0.0,2.1862348178137654,0.728744939271255,1.45748987854251,0.0,0.0,DF
Nicolás Paz,Argentina,Argentina,MF,21,2004,Como,2,1,71.0,0.8,0.0,0.0,0.0,0.0,0.0,0.0,0.0,0.0,0.0,0.0,0.0,0.0,0.0,1.0,0.0,0.0,1.27,0.0,0.0,0.0,36.0,8.8,60.0,0,1,11.0,6,3.0,2.0,1.0,1.0,1.27,0.05,0.0,2.0,1.0,0.0,0.0,0.0,2.0,0.0,0.0,0.0,0.0,0.0,0.0,0.0,0.0,0.0,0.0,0.0,0.0,0.0,0.0,0.0,0.0,0.0,0.0,0.0,0.0,0.0,1.267605633802817,0.0,0.0,2.535211267605634,2.535211267605634,0.0,0.0,MF
Nicolás Tagliafico,Argentina,Argentina,DF,33,1992,Lyon,7,5,476.0,5.3,0.0,0.0,0.0,0.0,0.0,0.0,0.0,0.0,0.0,0.0,0.0,0.0,0.0,0.0,0.0,0.0,0.0,0.0,0.0,0.0,68.0,58.8,86.0,2,2,22.0,1,2.57,7.0,6.0,1.0,0.19,-2.51,0.0,9.0,16.0,2.0,2.0,6.0,4.0,0.0,0.0,0.0,0.0,0.0,0.0,0.0,0.0,0.0,0.0,0.0,0.0,0.0,0.0,0.0,0.0,0.0,0.0,0.0,0.0,0.0,0.0,0.0,1.134453781512605,0.7563025210084033,1.7016806722689075,0.37815126050420167,0.0,DF
Rodrigo De Paul,Argentina,Argentina,MF,32,1994,Inter Miami,7,6,491.0,5.5,0.0,1.0,1.0,0.0,0.0,0.0,1.0,0.0,0.0,0.18,0.18,0.0,0.18,2.0,1.0,50.0,0.37,0.18,0.0,0.0,70.0,60.6,79.0,1,1,19.0,1,2.57,8.0,3.0,5.0,0.92,-0.78,0.0,2.0,5.0,1.0,14.0,6.0,4.0,0.0,0.0,0.0,0.0,0.0,0.0,0.0,0.0,0.0,0.0,0.0,0.0,0.0,0.0,0.0,0.0,0.0,0.0,0.0,0.0,0.18329938900203666,0.3665987780040733,0.18329938900203666,1.0997963340122199,0.7331975560081466,0.3665987780040733,2.5661914460285136,0.18329938900203666,MF
Thiago Almada,Argentina,Argentina,MF,25,2001,Atlético Madrid,5,3,241.0,2.7,0.0,0.0,0.0,0.0,0.0,0.0,1.0,0.0,0.0,0.0,0.0,0.0,0.0,5.0,2.0,40.0,1.87,0.75,0.0,0.0,48.0,29.8,60.0,0,2,31.0,3,3.0,6.0,1.0,5.0,1.87,0.92,0.0,2.0,2.0,2.0,1.0,0.0,4.0,0.0,0.0,0.0,0.0,0.0,0.0,0.0,0.0,0.0,0.0,0.0,0.0,0.0,0.0,0.0,0.0,0.0,0.0,0.0,0.0,0.0,1.8672199170124482,0.7468879668049793,0.0,1.4937759336099585,0.7468879668049793,0.37344398340248963,0.0,MF
Valentín Barco,Argentina,Argentina,"DF,MF",21,2004,Strasbourg,1,0,20.0,0.2,0.0,0.0,0.0,0.0,0.0,0.0,0.0,0.0,0.0,0.0,0.0,0.0,0.0,0.0,0.0,0.0,0.0,0.0,0.0,0.0,20.0,2.5,0.0,0,1,20.0,7,3.0,1.0,0.0,1.0,4.5,3.36,0.0,0.0,1.0,0.0,0.0,0.0,0.0,0.0,0.0,0.0,0.0,0.0,0.0,0.0,0.0,0.0,0.0,0.0,0.0,0.0,0.0,0.0,0.0,0.0,0.0,0.0,0.0,0.0,0.0,0.0,0.0,0.0,0.0,0.0,0.0,DF
Aiden O'Neill,Australia,Australia,MF,27,1998,NYCFC,4,4,360.0,4.0,0.0,0.0,0.0,0.0,0.0,0.0,0.0,0.0,0.0,0.0,0.0,0.0,0.0,2.0,0.0,0.0,0.5,0.0,0.0,0.0,90.0,92.3,90.0,3,0,0.0,0,1.25,3.0,3.0,0.0,0.0,0.0,0.0,2.0,8.0,0.0,10.0,2.0,2.0,0.0,0.0,0.0,0.0,0.0,0.0,0.0,0.0,0.0,0.0,0.0,0.0,0.0,0.0,0.0,0.0,0.0,0.0,0.0,0.0,0.0,0.5,0.0,0.5,0.5,0.5,2.5,0.0,MF
Ajdin Hrustic,Australia,Australia,MF,29,1996,Heracles Almelo,2,0,80.0,0.9,0.0,0.0,0.0,0.0,0.0,0.0,0.0,0.0,0.0,0.0,0.0,0.0,0.0,3.0,0.0,0.0,3.38,0.0,0.0,0.0,40.0,20.5,0.0,0,2,40.0,2,1.0,0.0,0.0,0.0,0.0,0.0,0.0,1.0,0.0,0.0,5.0,0.0,0.0,0.0,0.0,0.0,0.0,0.0,0.0,0.0,0.0,0.0,0.0,0.0,0.0,0.0,0.0,0.0,0.0,0.0,0.0,0.0,0.0,0.0,3.375,0.0,0.0,0.0,1.125,5.625,0.0,MF
Alessandro Circati,Australia,Australia,DF,22,2003,Parma,4,4,390.0,4.3,0.0,0.0,0.0,0.0,0.0,0.0,1.0,0.0,0.0,0.0,0.0,0.0,0.0,3.0,0.0,0.0,0.69,0.0,0.0,0.0,98.0,100.0,98.0,4,0,0.0,0,1.25,3.0,3.0,0.0,0.0,0.0,0.0,5.0,4.0,0.0,2.0,2.0,7.0,0.0,0.0,0.0,0.0,0.0,0.0,0.0,0.0,0.0,0.0,0.0,0.0,0.0,0.0,0.0,0.0,0.0,0.0,0.0,0.0,0.0,0.6923076923076923,0.0,0.46153846153846156,1.6153846153846152,1.1538461538461537,0.46153846153846156,0.0,DF
Awer Mabil,Australia,Australia,"FW,MF",30,1995,Castellón,1,0,30.0,0.3,0.0,0.0,0.0,0.0,0.0,0.0,0.0,0.0,0.0,0.0,0.0,0.0,0.0,1.0,0.0,0.0,3.0,0.0,0.0,0.0,30.0,7.7,0.0,0,1,30.0,3,1.0,0.0,0.0,0.0,0.0,0.0,0.0,0.0,1.0,0.0,1.0,0.0,0.0,0.0,0.0,0.0,0.0,0.0,0.0,0.0,0.0,0.0,0.0,0.0,0.0,0.0,0.0,0.0,0.0,0.0,0.0,0.0,0.0,0.0,3.0,0.0,0.0,0.0,0.0,3.0,0.0,MF
Aziz Behich,Australia,Australia,MF,35,1990,Melb City,3,2,217.0,2.4,0.0,0.0,0.0,0.0,0.0,0.0,0.0,0.0,0.0,0.0,0.0,0.0,0.0,1.0,1.0,100.0,0.41,0.41,0.0,0.0,72.0,55.6,105.0,2,1,7.0,1,1.67,1.0,1.0,0.0,0.0,0.0,0.0,1.0,4.0,0.0,6.0,1.0,4.0,0.0,0.0,0.0,0.0,0.0,0.0,0.0,0.0,0.0,0.0,0.0,0.0,0.0,0.0,0.0,0.0,0.0,0.0,0.0,0.0,0.0,0.4147465437788018,0.4147465437788018,0.4147465437788018,1.6589861751152073,0.4147465437788018,2.4884792626728114,0.0,MF
Cameron Burgess,Australia,Australia,DF,30,1995,Swansea City,2,2,135.0,1.5,0.0,0.0,0.0,0.0,0.0,0.0,0.0,0.0,0.0,0.0,0.0,0.0,0.0,0.0,0.0,0.0,0.0,0.0,0.0,0.0,68.0,34.6,68.0,1,0,0.0,2,1.5,2.0,2.0,0.0,0.0,0.0,0.0,0.0,0.0,0.0,0.0,1.0,1.0,1.0,0.0,0.0,0.0,0.0,0.0,0.0,0.0,0.0,0.0,0.0,0.0,0.0,0.0,0.0,0.0,0.0,0.0,0.0,0.0,0.0,0.0,0.0,0.6666666666666667,0.6666666666666667,0.0,0.0,0.0,DF
Cammy Devlin,Australia,Australia,MF,28,1998,Unknown Club,0,0,0.0,0.0,0.0,0.0,0.0,0.0,0.0,0.0,0.0,0.0,0.0,0.0,0.0,0.0,0.0,0.0,0.0,0.0,0.0,0.0,0.0,0.0,0.0,0.0,0.0,0,0,0.0,4,0.0,0.0,0.0,0.0,0.0,0.0,0.0,0.0,0.0,0.0,0.0,0.0,0.0,0.0,0.0,0.0,0.0,0.0,0.0,0.0,0.0,0.0,0.0,0.0,0.0,0.0,0.0,0.0,0.0,0.0,0.0,0.0,0.0,0.0,0.0,0.0,0.0,0.0,0.0,0.0,0.0,MF
Connor Metcalfe,Australia,Australia,MF,26,1999,St Pauli,4,3,315.0,3.5,1.0,0.0,1.0,1.0,0.0,0.0,0.0,0.0,0.29,0.0,0.29,0.29,0.29,5.0,2.0,40.0,1.43,0.57,0.2,0.5,79.0,80.8,90.0,2,1,45.0,0,1.25,3.0,1.0,2.0,0.57,2.97,0.0,1.0,0.0,0.0,8.0,2.0,5.0,0.0,0.0,0.0,0.0,0.0,0.0,0.0,0.0,0.0,0.0,0.0,0.0,0.0,0.0,0.0,0.0,0.0,0.0,0.0,0.2857142857142857,0.0,1.4285714285714284,0.5714285714285714,0.5714285714285714,1.4285714285714284,0.2857142857142857,2.2857142857142856,0.2857142857142857,MF
Cristian Volpato,Australia,Australia,MF,22,2003,Sassuolo,3,2,160.0,1.8,0.0,0.0,0.0,0.0,0.0,0.0,0.0,0.0,0.0,0.0,0.0,0.0,0.0,4.0,1.0,25.0,2.25,0.56,0.0,0.0,53.0,41.0,65.0,0,1,30.0,1,0.67,1.0,1.0,0.0,0.0,0.0,0.0,1.0,2.0,0.0,11.0,0.0,1.0,0.0,0.0,0.0,0.0,0.0,0.0,0.0,0.0,0.0,0.0,0.0,0.0,0.0,0.0,0.0,0.0,0.0,0.0,0.0,0.0,0.0,2.25,0.5625,0.0,0.5625,0.5625,6.187500000000001,0.0,MF
Harry Souttar,Australia,Australia,DF,27,1998,Leicester City,4,4,390.0,4.3,0.0,0.0,0.0,0.0,0.0,0.0,1.0,0.0,0.0,0.0,0.0,0.0,0.0,1.0,1.0,100.0,0.23,0.23,0.0,0.0,98.0,100.0,98.0,4,0,0.0,0,1.25,3.0,3.0,0.0,0.0,0.0,0.0,8.0,1.0,0.0,0.0,4.0,0.0,0.0,0.0,0.0,0.0,0.0,0.0,0.0,0.0,0.0,0.0,0.0,0.0,0.0,0.0,0.0,0.0,0.0,0.0,0.0,0.0,0.0,0.23076923076923078,0.23076923076923078,0.9230769230769231,0.0,1.8461538461538463,0.0,0.0,DF
Jackson Irvine,Australia,Australia,MF,33,1993,St Pauli,4,2,223.0,2.5,0.0,0.0,0.0,0.0,0.0,0.0,1.0,0.0,0.0,0.0,0.0,0.0,0.0,3.0,1.0,33.3,1.21,0.4,0.0,0.0,56.0,57.2,102.0,1,2,10.0,0,1.25,1.0,1.0,0.0,0.0,0.0,0.0,3.0,3.0,0.0,2.0,1.0,1.0,0.0,0.0,0.0,0.0,0.0,0.0,0.0,0.0,0.0,0.0,0.0,0.0,0.0,0.0,0.0,0.0,0.0,0.0,0.0,0.0,0.0,1.2107623318385652,0.40358744394618834,0.40358744394618834,0.40358744394618834,1.2107623318385652,0.8071748878923767,0.0,MF
Jacob Italiano,Australia,Australia,DF,24,2001,Grazer AK,2,2,163.0,1.8,0.0,0.0,0.0,0.0,0.0,0.0,1.0,0.0,0.0,0.0,0.0,0.0,0.0,1.0,0.0,0.0,0.55,0.0,0.0,0.0,82.0,41.8,82.0,1,0,0.0,0,1.5,1.0,2.0,-1.0,-0.55,-0.95,0.0,0.0,0.0,0.0,8.0,1.0,2.0,0.0,0.0,0.0,0.0,0.0,0.0,0.0,0.0,0.0,0.0,0.0,0.0,0.0,0.0,0.0,0.0,0.0,0.0,0.0,0.0,0.0,0.5521472392638037,0.0,0.5521472392638037,1.1042944785276074,0.0,4.41717791411043,0.0,DF
Jason Geria,Australia,Australia,DF,33,1993,Albirex Niigata,2,0,62.0,0.7,0.0,0.0,0.0,0.0,0.0,0.0,0.0,0.0,0.0,0.0,0.0,0.0,0.0,0.0,0.0,0.0,0.0,0.0,0.0,0.0,31.0,15.9,0.0,0,2,31.0,2,1.5,1.0,0.0,1.0,1.45,1.73,0.0,2.0,0.0,0.0,1.0,2.0,1.0,0.0,0.0,0.0,0.0,0.0,0.0,0.0,0.0,0.0,0.0,0.0,0.0,0.0,0.0,0.0,0.0,0.0,0.0,0.0,0.0,0.0,0.0,0.0,2.903225806451613,1.4516129032258065,2.903225806451613,1.4516129032258065,0.0,DF
Jordy Bos,Australia,Australia,"MF,DF",23,2002,Feyenoord,4,4,308.0,3.4,0.0,0.0,0.0,0.0,0.0,0.0,1.0,0.0,0.0,0.0,0.0,0.0,0.0,5.0,2.0,40.0,1.46,0.58,0.0,0.0,77.0,79.0,77.0,2,0,0.0,0,1.25,2.0,3.0,-1.0,-0.29,-1.39,0.0,4.0,4.0,0.0,8.0,3.0,3.0,0.0,0.0,0.0,0.0,0.0,0.0,0.0,0.0,0.0,0.0,0.0,0.0,0.0,0.0,0.0,0.0,0.0,0.0,0.0,0.0,0.0,1.461038961038961,0.5844155844155845,0.8766233766233766,0.8766233766233766,1.168831168831169,2.337662337662338,0.0,DF
Kai Trewin,Australia,Australia,"DF,MF",25,2001,NYCFC,1,0,75.0,0.8,0.0,0.0,0.0,0.0,0.0,0.0,0.0,0.0,0.0,0.0,0.0,0.0,0.0,1.0,0.0,0.0,1.2,0.0,0.0,0.0,75.0,19.2,0.0,0,1,75.0,3,1.0,1.0,0.0,1.0,1.2,1.49,0.0,0.0,1.0,0.0,2.0,2.0,0.0,0.0,0.0,0.0,0.0,0.0,0.0,0.0,0.0,0.0,0.0,0.0,0.0,0.0,0.0,0.0,0.0,0.0,0.0,0.0,0.0,0.0,1.2000000000000002,0.0,2.4000000000000004,0.0,0.0,2.4000000000000004,0.0,DF
Lucas Herrington,Australia,Australia,DF,18,2007,Colorado Rapids,2,2,210.0,2.3,0.0,0.0,0.0,0.0,0.0,0.0,0.0,0.0,0.0,0.0,0.0,0.0,0.0,0.0,0.0,0.0,0.0,0.0,0.0,0.0,105.0,53.8,105.0,2,0,0.0,2,1.0,1.0,1.0,0.0,0.0,0.0,0.0,2.0,0.0,0.0,0.0,2.0,1.0,0.0,0.0,0.0,0.0,0.0,0.0,0.0,0.0,0.0,0.0,0.0,0.0,0.0,0.0,0.0,0.0,0.0,0.0,0.0,0.0,0.0,0.0,0.0,0.8571428571428572,0.4285714285714286,0.8571428571428572,0.0,0.0,DF
Mathew Leckie,Australia,Australia,MF,35,1991,Melb City,1,1,60.0,0.7,0.0,0.0,0.0,0.0,0.0,0.0,0.0,0.0,0.0,0.0,0.0,0.0,0.0,1.0,0.0,0.0,1.5,0.0,0.0,0.0,60.0,15.4,60.0,0,0,0.0,1,0.0,0.0,2.0,-2.0,-3.0,-3.55,0.0,1.0,1.0,0.0,1.0,0.0,0.0,0.0,0.0,0.0,0.0,0.0,0.0,0.0,0.0,0.0,0.0,0.0,0.0,0.0,0.0,0.0,0.0,0.0,0.0,0.0,0.0,0.0,1.5,0.0,0.0,0.0,1.5,1.5,0.0,MF
Mathew Ryan,Australia,Australia,GK,34,1992,Levante,1,0,2.0,0.0,0.0,0.0,0.0,0.0,0.0,0.0,0.0,0.0,0.0,0.0,0.0,0.0,0.0,0.0,0.0,0.0,0.0,0.0,0.0,0.0,2.0,0.5,0.0,0,1,2.0,3,1.0,0.0,0.0,0.0,0.0,0.0,0.0,0.0,0.0,0.0,0.0,0.0,0.0,0.0,1.0,0.0,2.0,0.0,0.0,0.0,0.0,0.0,0.0,0.0,0.0,0.0,0.0,0.0,0.0,0.0,0.0,0.0,0.0,0.0,0.0,0.0,0.0,0.0,0.0,0.0,0.0,GK
Miloš Degenek,Australia,Australia,"DF,MF",32,1994,Unknown Club,0,0,0.0,0.0,0.0,0.0,0.0,0.0,0.0,0.0,0.0,0.0,0.0,0.0,0.0,0.0,0.0,0.0,0.0,0.0,0.0,0.0,0.0,0.0,0.0,0.0,0.0,0,0,0.0,4,0.0,0.0,0.0,0.0,0.0,0.0,0.0,0.0,0.0,0.0,0.0,0.0,0.0,0.0,0.0,0.0,0.0,0.0,0.0,0.0,0.0,0.0,0.0,0.0,0.0,0.0,0.0,0.0,0.0,0.0,0.0,0.0,0.0,0.0,0.0,0.0,0.0,0.0,0.0,0.0,0.0,DF
Mo Touré,Australia,Australia,FW,22,2004,Norwich City,3,2,165.0,1.8,0.0,0.0,0.0,0.0,0.0,0.0,0.0,0.0,0.0,0.0,0.0,0.0,0.0,4.0,1.0,25.0,2.18,0.55,0.0,0.0,55.0,42.3,59.0,0,1,47.0,1,1.33,1.0,2.0,-1.0,-0.55,-0.95,0.0,4.0,2.0,1.0,1.0,0.0,1.0,0.0,0.0,0.0,0.0,0.0,0.0,0.0,0.0,0.0,0.0,0.0,0.0,0.0,0.0,0.0,0.0,0.0,0.0,0.0,0.0,0.0,2.1818181818181817,0.5454545454545454,0.0,0.5454545454545454,2.1818181818181817,0.5454545454545454,0.0,FW
Nestory Irankunda,Australia,Australia,"FW,MF",20,2006,Watford,4,3,261.0,2.9,1.0,0.0,1.0,1.0,0.0,0.0,0.0,0.0,0.34,0.0,0.34,0.34,0.34,6.0,2.0,33.3,2.07,0.69,0.17,0.5,65.0,66.9,72.0,0,1,45.0,0,1.25,2.0,1.0,1.0,0.34,1.04,0.0,4.0,5.0,0.0,1.0,1.0,0.0,0.0,0.0,0.0,0.0,0.0,0.0,0.0,0.0,0.0,0.0,0.0,0.0,0.0,0.0,0.0,0.0,0.0,0.0,0.0,0.3448275862068965,0.0,2.0689655172413794,0.689655172413793,0.3448275862068965,0.0,1.379310344827586,0.3448275862068965,0.3448275862068965,MF
Nishan Velupillay,Australia,Australia,MF,25,2001,Melb. Victory,2,1,75.0,0.8,0.0,0.0,0.0,0.0,0.0,0.0,0.0,0.0,0.0,0.0,0.0,0.0,0.0,0.0,0.0,0.0,0.0,0.0,0.0,0.0,38.0,19.2,45.0,0,1,30.0,2,1.5,1.0,2.0,-1.0,-1.2,-1.49,0.0,1.0,0.0,0.0,0.0,0.0,1.0,0.0,0.0,0.0,0.0,0.0,0.0,0.0,0.0,0.0,0.0,0.0,0.0,0.0,0.0,0.0,0.0,0.0,0.0,0.0,0.0,0.0,0.0,0.0,0.0,1.2000000000000002,1.2000000000000002,0.0,0.0,MF
Patrick Beach,Australia,Australia,GK,22,2003,Melb City,4,4,388.0,4.3,0.0,0.0,0.0,0.0,0.0,0.0,0.0,0.0,0.0,0.0,0.0,0.0,0.0,0.0,0.0,0.0,0.0,0.0,0.0,0.0,97.0,99.5,97.0,3,0,0.0,0,1.25,3.0,3.0,0.0,0.0,0.0,0.0,0.0,0.0,0.0,0.0,0.0,0.0,0.0,4.0,4.0,388.0,3.0,0.7,17.0,14.0,82.4,1.0,2.0,1.0,2.0,50.0,0.0,0.0,0.0,0.0,0.0,0.0,0.0,0.0,0.0,0.0,0.0,0.0,0.0,0.0,GK
Paul Izzo,Australia,Australia,GK,31,1995,Unknown Club,0,0,0.0,0.0,0.0,0.0,0.0,0.0,0.0,0.0,0.0,0.0,0.0,0.0,0.0,0.0,0.0,0.0,0.0,0.0,0.0,0.0,0.0,0.0,0.0,0.0,0.0,0,0,0.0,4,0.0,0.0,0.0,0.0,0.0,0.0,0.0,0.0,0.0,0.0,0.0,0.0,0.0,0.0,0.0,0.0,0.0,0.0,0.0,0.0,0.0,0.0,0.0,0.0,0.0,0.0,0.0,0.0,0.0,0.0,0.0,0.0,0.0,0.0,0.0,0.0,0.0,0.0,0.0,0.0,0.0,GK
Paul Okon-Engstler,Australia,Australia,MF,21,2005,Sydney FC,4,2,197.0,2.2,0.0,1.0,1.0,0.0,0.0,0.0,0.0,0.0,0.0,0.46,0.46,0.0,0.46,0.0,0.0,0.0,0.0,0.0,0.0,0.0,49.0,50.5,80.0,0,2,19.0,0,1.25,2.0,2.0,0.0,0.0,0.0,0.0,3.0,2.0,0.0,2.0,5.0,2.0,0.0,0.0,0.0,0.0,0.0,0.0,0.0,0.0,0.0,0.0,0.0,0.0,0.0,0.0,0.0,0.0,0.0,0.0,0.0,0.0,0.45685279187817257,0.0,0.0,2.284263959390863,0.9137055837563451,1.3705583756345179,0.9137055837563451,0.45685279187817257,MF
Tete Yengi,Australia,Australia,FW,25,2000,Machida Zelvia,2,0,24.0,0.3,0.0,0.0,0.0,0.0,0.0,0.0,0.0,0.0,0.0,0.0,0.0,0.0,0.0,1.0,1.0,100.0,3.75,3.75,0.0,0.0,12.0,6.2,0.0,0,2,12.0,2,2.0,1.0,0.0,1.0,3.75,4.0,0.0,3.0,0.0,0.0,1.0,0.0,2.0,0.0,0.0,0.0,0.0,0.0,0.0,0.0,0.0,0.0,0.0,0.0,0.0,0.0,0.0,0.0,0.0,0.0,0.0,0.0,0.0,0.0,3.75,3.75,0.0,7.5,11.25,3.75,0.0,FW
Alessandro Schöpf,Austria,Austria,MF,32,1994,Unknown Club,0,0,0.0,0.0,0.0,0.0,0.0,0.0,0.0,0.0,0.0,0.0,0.0,0.0,0.0,0.0,0.0,0.0,0.0,0.0,0.0,0.0,0.0,0.0,0.0,0.0,0.0,0,0,0.0,4,0.0,0.0,0.0,0.0,0.0,0.0,0.0,0.0,0.0,0.0,0.0,0.0,0.0,0.0,0.0,0.0,0.0,0.0,0.0,0.0,0.0,0.0,0.0,0.0,0.0,0.0,0.0,0.0,0.0,0.0,0.0,0.0,0.0,0.0,0.0,0.0,0.0,0.0,0.0,0.0,0.0,MF
Alexander Prass,Austria,Austria,"DF,MF",25,2001,Hoffenheim,2,0,29.0,0.3,0.0,0.0,0.0,0.0,0.0,0.0,0.0,0.0,0.0,0.0,0.0,0.0,0.0,0.0,0.0,0.0,0.0,0.0,0.0,0.0,15.0,8.1,0.0,0,2,15.0,2,0.0,0.0,2.0,-2.0,-6.21,-5.93,0.0,0.0,0.0,0.0,3.0,0.0,0.0,0.0,0.0,0.0,0.0,0.0,0.0,0.0,0.0,0.0,0.0,0.0,0.0,0.0,0.0,0.0,0.0,0.0,0.0,0.0,0.0,0.0,0.0,0.0,0.0,0.0,0.0,9.310344827586206,0.0,DF
Alexander Schlager,Austria,Austria,GK,30,1996,RB Salzburg,4,4,360.0,4.0,0.0,0.0,0.0,0.0,0.0,0.0,0.0,0.0,0.0,0.0,0.0,0.0,0.0,0.0,0.0,0.0,0.0,0.0,0.0,0.0,90.0,100.0,90.0,4,0,0.0,0,1.0,6.0,9.0,-3.0,-0.75,0.0,0.0,0.0,1.0,0.0,0.0,0.0,0.0,0.0,4.0,4.0,360.0,9.0,2.25,22.0,13.0,59.1,1.0,1.0,2.0,0.0,0.0,1.0,0.0,0.0,1.0,0.0,0.0,0.0,0.0,0.0,0.0,0.0,0.0,0.0,0.0,GK
Carney Chukwuemeka,Austria,Austria,MF,22,2003,Dortmund,3,0,83.0,0.9,0.0,0.0,0.0,0.0,0.0,0.0,0.0,0.0,0.0,0.0,0.0,0.0,0.0,2.0,1.0,50.0,2.17,1.08,0.0,0.0,28.0,23.1,0.0,0,3,28.0,1,1.0,2.0,3.0,-1.0,-1.08,-0.43,0.0,2.0,2.0,0.0,0.0,0.0,0.0,0.0,0.0,0.0,0.0,0.0,0.0,0.0,0.0,0.0,0.0,0.0,0.0,0.0,0.0,0.0,0.0,0.0,0.0,0.0,0.0,0.0,2.168674698795181,1.0843373493975905,0.0,0.0,2.168674698795181,0.0,0.0,MF
David Affengruber,Austria,Austria,DF,25,2001,Unknown Club,0,0,0.0,0.0,0.0,0.0,0.0,0.0,0.0,0.0,0.0,0.0,0.0,0.0,0.0,0.0,0.0,0.0,0.0,0.0,0.0,0.0,0.0,0.0,0.0,0.0,0.0,0,0,0.0,4,0.0,0.0,0.0,0.0,0.0,0.0,0.0,0.0,0.0,0.0,0.0,0.0,0.0,0.0,0.0,0.0,0.0,0.0,0.0,0.0,0.0,0.0,0.0,0.0,0.0,0.0,0.0,0.0,0.0,0.0,0.0,0.0,0.0,0.0,0.0,0.0,0.0,0.0,0.0,0.0,0.0,DF
David Alaba,Austria,Austria,DF,33,1992,Real Madrid,4,4,275.0,3.1,0.0,1.0,1.0,0.0,0.0,0.0,0.0,0.0,0.0,0.33,0.33,0.0,0.33,2.0,0.0,0.0,0.65,0.0,0.0,0.0,69.0,76.4,69.0,1,0,0.0,0,1.0,3.0,7.0,-4.0,-1.31,-2.37,0.0,2.0,0.0,0.0,1.0,4.0,1.0,0.0,0.0,0.0,0.0,0.0,0.0,0.0,0.0,0.0,0.0,0.0,0.0,0.0,0.0,0.0,0.0,0.0,0.0,0.0,0.0,0.32727272727272727,0.6545454545454545,0.0,1.309090909090909,0.32727272727272727,0.6545454545454545,0.32727272727272727,0.32727272727272727,DF
Dejan Ljubičić,Austria,Austria,MF,28,1997,Unknown Club,0,0,0.0,0.0,0.0,0.0,0.0,0.0,0.0,0.0,0.0,0.0,0.0,0.0,0.0,0.0,0.0,0.0,0.0,0.0,0.0,0.0,0.0,0.0,0.0,0.0,0.0,0,0,0.0,4,0.0,0.0,0.0,0.0,0.0,0.0,0.0,0.0,0.0,0.0,0.0,0.0,0.0,0.0,0.0,0.0,0.0,0.0,0.0,0.0,0.0,0.0,0.0,0.0,0.0,0.0,0.0,0.0,0.0,0.0,0.0,0.0,0.0,0.0,0.0,0.0,0.0,0.0,0.0,0.0,0.0,MF
Florian Grillitsch,Austria,Austria,"DF,MF",30,1995,Braga,2,0,90.0,1.0,0.0,0.0,0.0,0.0,0.0,0.0,0.0,0.0,0.0,0.0,0.0,0.0,0.0,0.0,0.0,0.0,0.0,0.0,0.0,0.0,45.0,25.0,0.0,0,2,45.0,2,0.5,2.0,4.0,-2.0,-2.0,-1.67,0.0,3.0,1.0,0.0,1.0,0.0,1.0,0.0,0.0,0.0,0.0,0.0,0.0,0.0,0.0,0.0,0.0,0.0,0.0,0.0,0.0,0.0,0.0,0.0,0.0,0.0,0.0,0.0,0.0,0.0,0.0,1.0,3.0,1.0,0.0,DF
Florian Wiegele,Austria,Austria,GK,25,2001,Unknown Club,0,0,0.0,0.0,0.0,0.0,0.0,0.0,0.0,0.0,0.0,0.0,0.0,0.0,0.0,0.0,0.0,0.0,0.0,0.0,0.0,0.0,0.0,0.0,0.0,0.0,0.0,0,0,0.0,4,0.0,0.0,0.0,0.0,0.0,0.0,0.0,0.0,0.0,0.0,0.0,0.0,0.0,0.0,0.0,0.0,0.0,0.0,0.0,0.0,0.0,0.0,0.0,0.0,0.0,0.0,0.0,0.0,0.0,0.0,0.0,0.0,0.0,0.0,0.0,0.0,0.0,0.0,0.0,0.0,0.0,GK
Kevin Danso,Austria,Austria,DF,27,1998,Tottenham,4,2,241.0,2.7,0.0,0.0,0.0,0.0,0.0,0.0,0.0,0.0,0.0,0.0,0.0,0.0,0.0,1.0,0.0,0.0,0.37,0.0,0.0,0.0,60.0,66.9,90.0,2,2,31.0,0,1.0,3.0,6.0,-3.0,-1.12,-1.12,0.0,1.0,2.0,0.0,1.0,0.0,1.0,0.0,0.0,0.0,0.0,0.0,0.0,0.0,0.0,0.0,0.0,0.0,0.0,0.0,0.0,0.0,0.0,0.0,0.0,0.0,0.0,0.0,0.37344398340248963,0.0,0.0,0.37344398340248963,0.37344398340248963,0.37344398340248963,0.0,DF
Konrad Laimer,Austria,Austria,"MF,DF",29,1997,Bayern Munich,4,4,360.0,4.0,0.0,1.0,1.0,0.0,0.0,0.0,1.0,0.0,0.0,0.25,0.25,0.0,0.25,1.0,0.0,0.0,0.25,0.0,0.0,0.0,90.0,100.0,90.0,4,0,0.0,0,1.0,6.0,9.0,-3.0,-0.75,0.0,0.0,6.0,3.0,3.0,4.0,2.0,6.0,0.0,0.0,0.0,0.0,0.0,0.0,0.0,0.0,0.0,0.0,0.0,0.0,0.0,0.0,0.0,0.0,0.0,0.0,0.0,0.0,0.25,0.25,0.0,0.5,1.5,1.5,1.0,0.25,DF
Marcel Sabitzer,Austria,Austria,MF,32,1994,Dortmund,4,4,360.0,4.0,1.0,0.0,1.0,1.0,0.0,0.0,1.0,0.0,0.25,0.0,0.25,0.25,0.25,5.0,2.0,40.0,1.25,0.5,0.2,0.5,90.0,100.0,90.0,4,0,0.0,0,1.0,6.0,9.0,-3.0,-0.75,0.0,0.0,2.0,3.0,1.0,31.0,6.0,2.0,0.0,0.0,0.0,0.0,0.0,0.0,0.0,0.0,0.0,0.0,0.0,0.0,0.0,0.0,0.0,0.0,0.0,0.0,0.0,0.25,0.0,1.25,0.5,1.5,0.5,0.5,7.75,0.25,MF
Marco Friedl,Austria,Austria,DF,28,1998,Werder Bremen,1,0,24.0,0.3,0.0,0.0,0.0,0.0,0.0,0.0,0.0,0.0,0.0,0.0,0.0,0.0,0.0,0.0,0.0,0.0,0.0,0.0,0.0,0.0,24.0,6.7,0.0,0,1,24.0,3,0.0,0.0,1.0,-1.0,-3.75,-3.21,0.0,0.0,0.0,0.0,0.0,0.0,0.0,0.0,0.0,0.0,0.0,0.0,0.0,0.0,0.0,0.0,0.0,0.0,0.0,0.0,0.0,0.0,0.0,0.0,0.0,0.0,0.0,0.0,0.0,0.0,0.0,0.0,0.0,0.0,0.0,DF
Marko Arnautović,Austria,Austria,FW,37,1989,Red Star,4,1,144.0,1.6,2.0,0.0,2.0,1.0,1.0,1.0,1.0,0.0,1.25,0.0,1.25,0.62,0.62,3.0,3.0,100.0,1.87,1.87,0.33,0.33,36.0,40.0,45.0,0,3,33.0,0,1.0,3.0,5.0,-2.0,-1.25,-0.83,0.0,3.0,1.0,5.0,0.0,0.0,0.0,0.0,0.0,0.0,0.0,0.0,0.0,0.0,0.0,0.0,0.0,0.0,0.0,0.0,0.0,0.0,0.0,0.0,0.0,0.0,1.25,0.0,1.875,1.875,0.0,0.0,1.875,0.0,1.25,FW
Michael Gregoritsch,Austria,Austria,FW,32,1994,Augsburg,3,2,188.0,2.1,0.0,1.0,1.0,0.0,0.0,0.0,0.0,0.0,0.0,0.48,0.48,0.0,0.48,1.0,0.0,0.0,0.48,0.0,0.0,0.0,63.0,52.2,72.0,0,1,45.0,1,0.33,2.0,4.0,-2.0,-0.96,-0.43,0.0,1.0,1.0,2.0,0.0,0.0,0.0,0.0,0.0,0.0,0.0,0.0,0.0,0.0,0.0,0.0,0.0,0.0,0.0,0.0,0.0,0.0,0.0,0.0,0.0,0.0,0.0,0.4787234042553191,0.4787234042553191,0.0,0.0,0.0,0.4787234042553191,0.0,0.4787234042553191,FW
Michael Svoboda,Austria,Austria,DF,27,1998,Unknown Club,0,0,0.0,0.0,0.0,0.0,0.0,0.0,0.0,0.0,0.0,0.0,0.0,0.0,0.0,0.0,0.0,0.0,0.0,0.0,0.0,0.0,0.0,0.0,0.0,0.0,0.0,0,0,0.0,4,0.0,0.0,0.0,0.0,0.0,0.0,0.0,0.0,0.0,0.0,0.0,0.0,0.0,0.0,0.0,0.0,0.0,0.0,0.0,0.0,0.0,0.0,0.0,0.0,0.0,0.0,0.0,0.0,0.0,0.0,0.0,0.0,0.0,0.0,0.0,0.0,0.0,0.0,0.0,0.0,0.0,DF
Nicolas Seiwald,Austria,Austria,MF,25,2001,RB Leipzig,4,4,315.0,3.5,0.0,0.0,0.0,0.0,0.0,0.0,0.0,0.0,0.0,0.0,0.0,0.0,0.0,3.0,0.0,0.0,0.86,0.0,0.0,0.0,79.0,87.5,79.0,3,0,0.0,0,1.0,6.0,7.0,-1.0,-0.29,3.71,0.0,1.0,1.0,0.0,3.0,4.0,5.0,0.0,0.0,0.0,0.0,0.0,0.0,0.0,0.0,0.0,0.0,0.0,0.0,0.0,0.0,0.0,0.0,0.0,0.0,0.0,0.0,0.0,0.8571428571428572,0.0,1.1428571428571428,1.4285714285714284,0.2857142857142857,0.8571428571428572,0.0,MF
Patrick Pentz,Austria,Austria,GK,29,1997,Unknown Club,0,0,0.0,0.0,0.0,0.0,0.0,0.0,0.0,0.0,0.0,0.0,0.0,0.0,0.0,0.0,0.0,0.0,0.0,0.0,0.0,0.0,0.0,0.0,0.0,0.0,0.0,0,0,0.0,4,0.0,0.0,0.0,0.0,0.0,0.0,0.0,0.0,0.0,0.0,0.0,0.0,0.0,0.0,0.0,0.0,0.0,0.0,0.0,0.0,0.0,0.0,0.0,0.0,0.0,0.0,0.0,0.0,0.0,0.0,0.0,0.0,0.0,0.0,0.0,0.0,0.0,0.0,0.0,0.0,0.0,GK
Patrick Wimmer,Austria,Austria,"FW,MF",25,2001,Wolfsburg,2,0,21.0,0.2,0.0,0.0,0.0,0.0,0.0,0.0,0.0,0.0,0.0,0.0,0.0,0.0,0.0,1.0,0.0,0.0,4.29,0.0,0.0,0.0,11.0,5.8,0.0,0,2,11.0,2,1.5,1.0,1.0,0.0,0.0,0.8,0.0,3.0,1.0,0.0,0.0,2.0,0.0,0.0,0.0,0.0,0.0,0.0,0.0,0.0,0.0,0.0,0.0,0.0,0.0,0.0,0.0,0.0,0.0,0.0,0.0,0.0,0.0,0.0,4.285714285714286,0.0,8.571428571428571,0.0,12.857142857142856,0.0,0.0,MF
Paul Wanner,Austria,Austria,MF,20,2005,PSV,4,2,234.0,2.6,0.0,0.0,0.0,0.0,0.0,0.0,0.0,0.0,0.0,0.0,0.0,0.0,0.0,1.0,0.0,0.0,0.38,0.0,0.0,0.0,59.0,65.0,79.0,1,2,39.0,0,1.0,4.0,6.0,-2.0,-0.77,-0.05,0.0,4.0,2.0,0.0,1.0,2.0,1.0,0.0,0.0,0.0,0.0,0.0,0.0,0.0,0.0,0.0,0.0,0.0,0.0,0.0,0.0,0.0,0.0,0.0,0.0,0.0,0.0,0.0,0.38461538461538464,0.0,0.7692307692307693,0.38461538461538464,1.5384615384615385,0.38461538461538464,0.0,MF
Philipp Lienhart,Austria,Austria,DF,29,1996,Freiburg,2,2,180.0,2.0,0.0,0.0,0.0,0.0,0.0,0.0,0.0,0.0,0.0,0.0,0.0,0.0,0.0,1.0,0.0,0.0,0.5,0.0,0.0,0.0,90.0,50.0,90.0,2,0,0.0,2,2.0,6.0,4.0,2.0,1.0,3.5,0.0,0.0,0.0,0.0,0.0,1.0,1.0,0.0,0.0,0.0,0.0,0.0,0.0,0.0,0.0,0.0,0.0,0.0,0.0,0.0,0.0,0.0,0.0,0.0,0.0,0.0,0.0,0.0,0.5,0.0,0.5,0.5,0.0,0.0,0.0,DF
Phillipp Mwene,Austria,Austria,DF,32,1994,Mainz 05,2,2,147.0,1.6,0.0,0.0,0.0,0.0,0.0,0.0,0.0,0.0,0.0,0.0,0.0,0.0,0.0,1.0,0.0,0.0,0.61,0.0,0.0,0.0,74.0,40.8,74.0,0,0,0.0,2,2.0,3.0,3.0,0.0,0.0,1.27,0.0,1.0,1.0,0.0,6.0,3.0,0.0,0.0,0.0,0.0,0.0,0.0,0.0,0.0,0.0,0.0,0.0,0.0,0.0,0.0,0.0,0.0,0.0,0.0,0.0,0.0,0.0,0.0,0.6122448979591837,0.0,1.8367346938775508,0.0,0.6122448979591837,3.6734693877551017,0.0,DF
Romano Schmid,Austria,Austria,"MF,FW",26,2000,Werder Bremen,4,4,263.0,2.9,1.0,0.0,1.0,1.0,0.0,0.0,0.0,0.0,0.34,0.0,0.34,0.34,0.34,2.0,1.0,50.0,0.68,0.34,0.5,1.0,66.0,73.1,66.0,0,0,0.0,0,1.0,3.0,4.0,-1.0,-0.34,1.51,0.0,3.0,4.0,0.0,3.0,0.0,4.0,0.0,0.0,0.0,0.0,0.0,0.0,0.0,0.0,0.0,0.0,0.0,0.0,0.0,0.0,0.0,0.0,0.0,0.0,0.0,0.34220532319391633,0.0,0.6844106463878327,0.34220532319391633,0.0,1.3688212927756653,1.0266159695817492,1.0266159695817492,0.34220532319391633,MF
Saša Kalajdžić,Austria,Austria,FW,28,1997,LASK,3,1,77.0,0.9,1.0,0.0,1.0,1.0,0.0,0.0,0.0,0.0,1.17,0.0,1.17,1.17,1.17,4.0,1.0,25.0,4.68,1.17,0.25,1.0,26.0,21.4,45.0,0,2,16.0,1,1.33,2.0,2.0,0.0,0.0,0.95,0.0,2.0,2.0,0.0,1.0,0.0,0.0,0.0,0.0,0.0,0.0,0.0,0.0,0.0,0.0,0.0,0.0,0.0,0.0,0.0,0.0,0.0,0.0,0.0,0.0,0.0,1.168831168831169,0.0,4.675324675324676,1.168831168831169,0.0,0.0,2.337662337662338,1.168831168831169,1.168831168831169,FW
Stefan Posch,Austria,Austria,DF,29,1997,Mainz 05,4,4,331.0,3.7,0.0,0.0,0.0,0.0,0.0,0.0,2.0,0.0,0.0,0.0,0.0,0.0,0.0,3.0,0.0,0.0,0.82,0.0,0.0,0.0,83.0,91.9,83.0,2,0,0.0,0,1.0,6.0,7.0,-1.0,-0.27,5.93,0.0,7.0,3.0,0.0,3.0,10.0,4.0,0.0,0.0,0.0,0.0,0.0,0.0,0.0,0.0,0.0,0.0,0.0,0.0,0.0,0.0,0.0,0.0,0.0,0.0,0.0,0.0,0.0,0.8157099697885197,0.0,2.719033232628399,1.0876132930513596,1.9033232628398793,0.8157099697885197,0.0,DF
Xaver Schlager,Austria,Austria,MF,28,1997,RB Leipzig,4,4,238.0,2.6,0.0,1.0,1.0,0.0,0.0,0.0,0.0,0.0,0.0,0.38,0.38,0.0,0.38,1.0,0.0,0.0,0.38,0.0,0.0,0.0,60.0,66.1,60.0,1,0,0.0,0,1.0,2.0,5.0,-3.0,-1.13,-1.13,0.0,6.0,0.0,0.0,1.0,7.0,3.0,0.0,0.0,0.0,0.0,0.0,0.0,0.0,0.0,0.0,0.0,0.0,0.0,0.0,0.0,0.0,0.0,0.0,0.0,0.0,0.0,0.37815126050420167,0.37815126050420167,0.0,2.6470588235294117,1.134453781512605,2.26890756302521,0.37815126050420167,0.37815126050420167,MF
Alexis Saelemaekers,Belgium,Belgium,MF,26,1999,Milan,4,1,83.0,0.9,1.0,0.0,1.0,1.0,0.0,0.0,0.0,0.0,1.08,0.0,1.08,1.08,1.08,4.0,1.0,25.0,4.34,1.08,0.25,1.0,21.0,14.6,57.0,0,3,9.0,2,1.75,3.0,2.0,1.0,1.08,-0.02,0.0,0.0,2.0,2.0,1.0,0.0,2.0,0.0,0.0,0.0,0.0,0.0,0.0,0.0,0.0,0.0,0.0,0.0,0.0,0.0,0.0,0.0,0.0,0.0,0.0,0.0,1.0843373493975905,0.0,4.337349397590362,1.0843373493975905,0.0,2.168674698795181,0.0,1.0843373493975905,1.0843373493975905,MF
Amadou Onana,Belgium,Belgium,MF,24,2001,Aston Villa,4,2,106.0,1.2,0.0,0.0,0.0,0.0,0.0,0.0,0.0,0.0,0.0,0.0,0.0,0.0,0.0,2.0,0.0,0.0,1.7,0.0,0.0,0.0,27.0,18.6,38.0,0,2,16.0,1,2.5,4.0,2.0,2.0,1.7,0.73,0.0,1.0,3.0,0.0,0.0,2.0,2.0,0.0,0.0,0.0,0.0,0.0,0.0,0.0,0.0,0.0,0.0,0.0,0.0,0.0,0.0,0.0,0.0,0.0,0.0,0.0,0.0,0.0,1.6981132075471697,0.0,1.6981132075471697,1.6981132075471697,0.8490566037735848,0.0,0.0,MF
Arthur Theate,Belgium,Belgium,DF,26,2000,Frankfurt,3,2,228.0,2.5,0.0,0.0,0.0,0.0,0.0,0.0,0.0,0.0,0.0,0.0,0.0,0.0,0.0,5.0,1.0,20.0,1.97,0.39,0.0,0.0,76.0,40.0,105.0,2,1,18.0,3,2.33,8.0,3.0,5.0,1.97,1.45,0.0,1.0,0.0,0.0,0.0,3.0,0.0,0.0,0.0,0.0,0.0,0.0,0.0,0.0,0.0,0.0,0.0,0.0,0.0,0.0,0.0,0.0,0.0,0.0,0.0,0.0,0.0,0.0,1.9736842105263157,0.39473684210526316,1.1842105263157894,0.0,0.39473684210526316,0.0,0.0,DF
Axel Witsel,Belgium,Belgium,"DF,MF",37,1989,Girona,2,0,33.0,0.4,0.0,0.0,0.0,0.0,0.0,0.0,1.0,0.0,0.0,0.0,0.0,0.0,0.0,0.0,0.0,0.0,0.0,0.0,0.0,0.0,17.0,5.8,0.0,0,2,17.0,4,1.5,1.0,1.0,0.0,0.0,-1.17,0.0,2.0,1.0,0.0,0.0,0.0,0.0,0.0,0.0,0.0,0.0,0.0,0.0,0.0,0.0,0.0,0.0,0.0,0.0,0.0,0.0,0.0,0.0,0.0,0.0,0.0,0.0,0.0,0.0,0.0,0.0,0.0,5.454545454545455,0.0,0.0,DF
Brandon Mechele,Belgium,Belgium,DF,33,1993,Club Brugge,6,6,570.0,6.3,0.0,0.0,0.0,0.0,0.0,0.0,1.0,0.0,0.0,0.0,0.0,0.0,0.0,5.0,1.0,20.0,0.79,0.16,0.0,0.0,95.0,100.0,95.0,6,0,0.0,0,1.83,14.0,7.0,7.0,1.11,0.0,0.0,9.0,2.0,0.0,0.0,4.0,4.0,0.0,0.0,0.0,0.0,0.0,0.0,0.0,0.0,0.0,0.0,0.0,0.0,0.0,0.0,0.0,0.0,0.0,0.0,0.0,0.0,0.0,0.7894736842105263,0.15789473684210525,0.631578947368421,0.631578947368421,1.4210526315789473,0.0,0.0,DF
Charles De Ketelaere,Belgium,Belgium,"FW,MF",25,2001,Atalanta,5,5,350.0,3.9,3.0,1.0,4.0,3.0,0.0,0.0,0.0,0.0,0.77,0.26,1.03,0.77,1.03,6.0,5.0,83.3,1.54,1.29,0.5,0.6,70.0,61.4,70.0,1,0,0.0,1,2.0,8.0,6.0,2.0,0.51,-1.53,0.0,2.0,3.0,2.0,3.0,5.0,4.0,0.0,0.0,0.0,0.0,0.0,0.0,0.0,0.0,0.0,0.0,0.0,0.0,0.0,0.0,0.0,0.0,0.0,0.0,0.0,0.7714285714285715,0.2571428571428571,1.542857142857143,1.2857142857142856,1.2857142857142856,1.0285714285714285,0.5142857142857142,0.7714285714285715,1.0285714285714285,MF
Diego Moreira,Belgium,Belgium,MF,21,2004,Strasbourg,1,0,58.0,0.6,0.0,0.0,0.0,0.0,0.0,0.0,0.0,0.0,0.0,0.0,0.0,0.0,0.0,0.0,0.0,0.0,0.0,0.0,0.0,0.0,58.0,10.2,0.0,0,1,58.0,5,3.0,3.0,0.0,3.0,4.66,3.95,0.0,2.0,1.0,1.0,5.0,1.0,1.0,0.0,0.0,0.0,0.0,0.0,0.0,0.0,0.0,0.0,0.0,0.0,0.0,0.0,0.0,0.0,0.0,0.0,0.0,0.0,0.0,0.0,0.0,0.0,1.5517241379310345,1.5517241379310345,3.103448275862069,7.758620689655173,0.0,MF
Dodi Lukebakio,Belgium,Belgium,MF,28,1997,Benfica,3,1,164.0,1.8,0.0,0.0,0.0,0.0,0.0,0.0,0.0,0.0,0.0,0.0,0.0,0.0,0.0,7.0,1.0,14.3,3.84,0.55,0.0,0.0,55.0,28.8,66.0,0,2,49.0,3,2.33,6.0,1.0,5.0,2.74,2.3,0.0,1.0,2.0,0.0,6.0,0.0,1.0,0.0,0.0,0.0,0.0,0.0,0.0,0.0,0.0,0.0,0.0,0.0,0.0,0.0,0.0,0.0,0.0,0.0,0.0,0.0,0.0,0.0,3.8414634146341466,0.5487804878048781,0.0,0.5487804878048781,0.5487804878048781,3.292682926829268,0.0,MF
Hans Vanaken,Belgium,Belgium,MF,33,1992,Club Brugge,6,3,319.0,3.5,1.0,2.0,3.0,1.0,0.0,0.0,0.0,0.0,0.28,0.56,0.85,0.28,0.85,5.0,1.0,20.0,1.41,0.28,0.2,1.0,53.0,56.0,70.0,1,3,36.0,0,1.83,9.0,5.0,4.0,1.13,0.05,0.0,0.0,6.0,0.0,2.0,1.0,1.0,0.0,0.0,0.0,0.0,0.0,0.0,0.0,0.0,0.0,0.0,0.0,0.0,0.0,0.0,0.0,0.0,0.0,0.0,0.0,0.28213166144200624,0.5642633228840125,1.4106583072100312,0.28213166144200624,0.28213166144200624,0.28213166144200624,0.0,0.5642633228840125,0.8463949843260188,MF
Jeremy Doku,Belgium,Belgium,MF,24,2002,Manchester City,5,4,309.0,3.4,0.0,0.0,0.0,0.0,0.0,0.0,0.0,0.0,0.0,0.0,0.0,0.0,0.0,3.0,1.0,33.3,0.87,0.29,0.0,0.0,62.0,54.2,71.0,1,1,24.0,0,2.0,5.0,5.0,0.0,0.0,-2.41,0.0,4.0,18.0,0.0,6.0,3.0,1.0,0.0,0.0,0.0,0.0,0.0,0.0,0.0,0.0,0.0,0.0,0.0,0.0,0.0,0.0,0.0,0.0,0.0,0.0,0.0,0.0,0.0,0.8737864077669902,0.29126213592233013,0.8737864077669902,0.29126213592233013,1.1650485436893205,1.7475728155339805,0.0,MF
Joaquin Seys,Belgium,Belgium,DF,21,2005,Club Brugge,1,0,30.0,0.3,0.0,0.0,0.0,0.0,0.0,0.0,0.0,0.0,0.0,0.0,0.0,0.0,0.0,0.0,0.0,0.0,0.0,0.0,0.0,0.0,30.0,5.3,0.0,0,1,30.0,5,0.0,0.0,1.0,-1.0,-3.0,-4.33,0.0,0.0,0.0,0.0,0.0,0.0,1.0,0.0,0.0,0.0,0.0,0.0,0.0,0.0,0.0,0.0,0.0,0.0,0.0,0.0,0.0,0.0,0.0,0.0,0.0,0.0,0.0,0.0,0.0,0.0,0.0,3.0,0.0,0.0,0.0,DF
Kevin De Bruyne,Belgium,Belgium,MF,34,1991,Napoli,5,5,382.0,4.2,1.0,0.0,1.0,1.0,0.0,0.0,1.0,0.0,0.24,0.0,0.24,0.24,0.24,20.0,5.0,25.0,4.71,1.18,0.05,0.2,76.0,67.0,76.0,0,0,0.0,1,1.6,5.0,4.0,1.0,0.24,-2.64,0.0,2.0,4.0,0.0,21.0,0.0,2.0,0.0,0.0,0.0,0.0,0.0,0.0,0.0,0.0,0.0,0.0,0.0,0.0,0.0,0.0,0.0,0.0,0.0,0.0,0.0,0.23560209424083772,0.0,4.712041884816754,1.1780104712041886,0.0,0.47120418848167545,0.47120418848167545,4.947643979057592,0.23560209424083772,MF
Koni De Winter,Belgium,Belgium,DF,24,2002,Unknown Club,0,0,0.0,0.0,0.0,0.0,0.0,0.0,0.0,0.0,0.0,0.0,0.0,0.0,0.0,0.0,0.0,0.0,0.0,0.0,0.0,0.0,0.0,0.0,0.0,0.0,0.0,0,0,0.0,6,0.0,0.0,0.0,0.0,0.0,0.0,0.0,0.0,0.0,0.0,0.0,0.0,0.0,0.0,0.0,0.0,0.0,0.0,0.0,0.0,0.0,0.0,0.0,0.0,0.0,0.0,0.0,0.0,0.0,0.0,0.0,0.0,0.0,0.0,0.0,0.0,0.0,0.0,0.0,0.0,0.0,DF
Leandro Trossard,Belgium,Belgium,"MF,FW",31,1994,Arsenal,6,6,506.0,5.6,2.0,2.0,4.0,2.0,0.0,0.0,0.0,0.0,0.36,0.36,0.71,0.36,0.71,17.0,3.0,17.6,3.02,0.53,0.12,0.67,84.0,88.8,84.0,2,0,0.0,0,1.83,10.0,5.0,5.0,0.89,-1.92,0.0,4.0,8.0,1.0,7.0,4.0,1.0,0.0,0.0,0.0,0.0,0.0,0.0,0.0,0.0,0.0,0.0,0.0,0.0,0.0,0.0,0.0,0.0,0.0,0.0,0.0,0.3557312252964427,0.3557312252964427,3.0237154150197627,0.533596837944664,0.7114624505928854,0.17786561264822134,0.7114624505928854,1.2450592885375493,0.7114624505928854,MF
Matias Fernandez-Pardo,Belgium,Belgium,"FW,MF",21,2005,Lille,3,0,44.0,0.5,0.0,0.0,0.0,0.0,0.0,0.0,0.0,0.0,0.0,0.0,0.0,0.0,0.0,3.0,0.0,0.0,6.14,0.0,0.0,0.0,15.0,7.7,0.0,0,3,15.0,3,1.67,3.0,1.0,2.0,4.09,3.24,0.0,0.0,0.0,0.0,2.0,0.0,1.0,0.0,0.0,0.0,0.0,0.0,0.0,0.0,0.0,0.0,0.0,0.0,0.0,0.0,0.0,0.0,0.0,0.0,0.0,0.0,0.0,0.0,6.136363636363636,0.0,0.0,2.0454545454545454,0.0,4.090909090909091,0.0,MF
Maxim De Cuyper,Belgium,Belgium,DF,25,2000,Brighton,6,5,442.0,4.9,0.0,0.0,0.0,0.0,0.0,0.0,1.0,0.0,0.0,0.0,0.0,0.0,0.0,10.0,6.0,60.0,2.04,1.22,0.0,0.0,74.0,77.5,81.0,3,1,35.0,0,1.83,11.0,5.0,6.0,1.22,0.52,0.0,7.0,2.0,0.0,12.0,6.0,2.0,0.0,0.0,0.0,0.0,0.0,0.0,0.0,0.0,0.0,0.0,0.0,0.0,0.0,0.0,0.0,0.0,0.0,0.0,0.0,0.0,0.0,2.0361990950226243,1.2217194570135748,1.2217194570135748,0.40723981900452494,1.425339366515837,2.4434389140271495,0.0,DF
Mike Penders,Belgium,Belgium,GK,20,2005,Unknown Club,0,0,0.0,0.0,0.0,0.0,0.0,0.0,0.0,0.0,0.0,0.0,0.0,0.0,0.0,0.0,0.0,0.0,0.0,0.0,0.0,0.0,0.0,0.0,0.0,0.0,0.0,0,0,0.0,6,0.0,0.0,0.0,0.0,0.0,0.0,0.0,0.0,0.0,0.0,0.0,0.0,0.0,0.0,0.0,0.0,0.0,0.0,0.0,0.0,0.0,0.0,0.0,0.0,0.0,0.0,0.0,0.0,0.0,0.0,0.0,0.0,0.0,0.0,0.0,0.0,0.0,0.0,0.0,0.0,0.0,GK
Nathan Ngoy,Belgium,Belgium,DF,23,2003,Lille,4,4,335.0,3.7,0.0,0.0,0.0,0.0,0.0,0.0,0.0,1.0,0.0,0.0,0.0,0.0,0.0,1.0,0.0,0.0,0.27,0.0,0.0,0.0,84.0,58.8,84.0,3,0,0.0,1,1.25,6.0,4.0,2.0,0.54,-1.38,0.0,6.0,1.0,0.0,0.0,7.0,4.0,0.0,0.0,0.0,0.0,0.0,0.0,0.0,0.0,0.0,0.0,0.0,0.0,0.0,0.0,0.0,0.0,0.0,0.0,0.0,0.0,0.0,0.26865671641791045,0.0,1.8805970149253732,1.0746268656716418,1.6119402985074627,0.0,0.0,DF
Nicolas Raskin,Belgium,Belgium,MF,25,2001,Rangers,6,3,341.0,3.8,0.0,2.0,2.0,0.0,0.0,0.0,0.0,0.0,0.0,0.53,0.53,0.0,0.53,2.0,1.0,50.0,0.53,0.26,0.0,0.0,57.0,59.8,78.0,1,3,35.0,0,1.83,10.0,3.0,7.0,1.85,1.85,0.0,12.0,3.0,0.0,7.0,2.0,5.0,0.0,0.0,0.0,0.0,0.0,0.0,0.0,0.0,0.0,0.0,0.0,0.0,0.0,0.0,0.0,0.0,0.0,0.0,0.0,0.0,0.5278592375366569,0.5278592375366569,0.26392961876832843,0.5278592375366569,1.3196480938416424,3.1671554252199416,1.847507331378299,0.5278592375366569,MF
Romelu Lukaku,Belgium,Belgium,FW,33,1993,Napoli,6,1,233.0,2.6,3.0,1.0,4.0,3.0,0.0,0.0,1.0,0.0,1.16,0.39,1.55,1.16,1.55,6.0,3.0,50.0,2.32,1.16,0.5,1.0,39.0,40.9,72.0,0,5,32.0,0,1.83,6.0,2.0,4.0,1.55,0.74,0.0,2.0,0.0,1.0,0.0,0.0,0.0,0.0,0.0,0.0,0.0,0.0,0.0,0.0,0.0,0.0,0.0,0.0,0.0,0.0,0.0,0.0,0.0,0.0,0.0,0.0,1.1587982832618027,0.38626609442060084,2.3175965665236054,1.1587982832618027,0.0,0.0,0.7725321888412017,0.0,1.5450643776824036,FW
Senne Lammens,Belgium,Belgium,GK,23,2002,Manchester Utd,1,0,20.0,0.2,0.0,0.0,0.0,0.0,0.0,0.0,0.0,0.0,0.0,0.0,0.0,0.0,0.0,0.0,0.0,0.0,0.0,0.0,0.0,0.0,20.0,3.5,0.0,0,1,20.0,5,0.0,0.0,1.0,-1.0,-4.5,-5.81,0.0,0.0,0.0,0.0,0.0,0.0,0.0,0.0,1.0,0.0,20.0,1.0,4.5,3.0,2.0,66.7,0.0,0.0,0.0,0.0,0.0,0.0,0.0,0.0,0.0,0.0,0.0,0.0,0.0,0.0,0.0,0.0,0.0,0.0,0.0,GK
Thibaut Courtois,Belgium,Belgium,GK,34,1992,Real Madrid,6,6,550.0,6.1,0.0,0.0,0.0,0.0,0.0,0.0,0.0,0.0,0.0,0.0,0.0,0.0,0.0,0.0,0.0,0.0,0.0,0.0,0.0,0.0,92.0,96.5,92.0,5,0,0.0,0,1.83,14.0,6.0,8.0,1.31,5.81,0.0,0.0,0.0,0.0,0.0,0.0,0.0,0.0,6.0,6.0,550.0,6.0,0.98,20.0,14.0,70.0,3.0,2.0,1.0,1.0,16.7,0.0,0.0,0.0,0.0,0.0,0.0,0.0,0.0,0.0,0.0,0.0,0.0,0.0,0.0,GK
Thomas Meunier,Belgium,Belgium,DF,34,1991,Lille,3,2,190.0,2.1,0.0,1.0,1.0,0.0,0.0,0.0,0.0,0.0,0.0,0.47,0.47,0.0,0.47,2.0,1.0,50.0,0.95,0.47,0.0,0.0,63.0,33.3,74.0,1,1,43.0,3,1.67,4.0,1.0,3.0,1.42,0.47,0.0,9.0,0.0,0.0,7.0,2.0,2.0,0.0,0.0,0.0,0.0,0.0,0.0,0.0,0.0,0.0,0.0,0.0,0.0,0.0,0.0,0.0,0.0,0.0,0.0,0.0,0.0,0.47368421052631576,0.9473684210526315,0.47368421052631576,0.9473684210526315,0.9473684210526315,4.2631578947368425,3.31578947368421,0.47368421052631576,DF
Timothy Castagne,Belgium,Belgium,DF,30,1995,Fulham,6,5,478.0,5.3,0.0,1.0,1.0,0.0,0.0,0.0,1.0,0.0,0.0,0.19,0.19,0.0,0.19,3.0,1.0,33.3,0.56,0.19,0.0,0.0,80.0,83.9,89.0,4,1,33.0,0,1.83,13.0,7.0,6.0,1.13,0.15,0.0,7.0,2.0,0.0,20.0,8.0,7.0,0.0,0.0,0.0,0.0,0.0,0.0,0.0,0.0,0.0,0.0,0.0,0.0,0.0,0.0,0.0,0.0,0.0,0.0,0.0,0.0,0.18828451882845187,0.5648535564853556,0.18828451882845187,1.506276150627615,1.3179916317991631,1.3179916317991631,3.7656903765690375,0.18828451882845187,DF
Youri Tielemans,Belgium,Belgium,MF,29,1997,Aston Villa,5,5,474.0,5.3,2.0,0.0,2.0,1.0,1.0,1.0,0.0,0.0,0.38,0.0,0.38,0.19,0.19,11.0,3.0,27.3,2.09,0.57,0.09,0.33,95.0,83.2,95.0,4,0,0.0,0,2.2,11.0,5.0,6.0,1.14,0.2,0.0,7.0,10.0,1.0,15.0,2.0,6.0,0.0,0.0,0.0,0.0,0.0,0.0,0.0,0.0,0.0,0.0,0.0,0.0,0.0,0.0,0.0,0.0,0.0,0.0,0.0,0.37974683544303794,0.0,2.088607594936709,0.569620253164557,0.37974683544303794,1.139240506329114,1.3291139240506329,2.848101265822785,0.37974683544303794,MF
Zeno Debast,Belgium,Belgium,DF,22,2003,Unknown Club,0,0,0.0,0.0,0.0,0.0,0.0,0.0,0.0,0.0,0.0,0.0,0.0,0.0,0.0,0.0,0.0,0.0,0.0,0.0,0.0,0.0,0.0,0.0,0.0,0.0,0.0,0,0,0.0,1,0.0,0.0,0.0,0.0,0.0,0.0,0.0,0.0,0.0,0.0,0.0,0.0,0.0,0.0,0.0,0.0,0.0,0.0,0.0,0.0,0.0,0.0,0.0,0.0,0.0,0.0,0.0,0.0,0.0,0.0,0.0,0.0,0.0,0.0,0.0,0.0,0.0,0.0,0.0,0.0,0.0,DF
Amar Dedić,Bosnia–Herz,Bosnia and Herzegovina,DF,23,2002,Benfica,3,3,270.0,3.0,0.0,0.0,0.0,0.0,0.0,0.0,1.0,0.0,0.0,0.0,0.0,0.0,0.0,2.0,1.0,50.0,0.67,0.33,0.0,0.0,90.0,75.0,90.0,3,0,0.0,1,0.33,2.0,7.0,-5.0,-1.67,-3.67,0.0,6.0,3.0,0.0,0.0,1.0,7.0,0.0,0.0,0.0,0.0,0.0,0.0,0.0,0.0,0.0,0.0,0.0,0.0,0.0,0.0,0.0,0.0,0.0,0.0,0.0,0.0,0.0,0.6666666666666667,0.33333333333333337,0.33333333333333337,2.3333333333333335,2.0,0.0,0.0,DF
Amar Memić,Bosnia–Herz,Bosnia and Herzegovina,MF,25,2001,Viktoria Plzeň,4,2,224.0,2.5,0.0,0.0,0.0,0.0,0.0,0.0,0.0,0.0,0.0,0.0,0.0,0.0,0.0,3.0,1.0,33.3,1.21,0.4,0.0,0.0,56.0,62.2,82.0,1,2,31.0,0,1.0,3.0,5.0,-2.0,-0.8,-0.14,0.0,4.0,3.0,0.0,5.0,2.0,2.0,0.0,0.0,0.0,0.0,0.0,0.0,0.0,0.0,0.0,0.0,0.0,0.0,0.0,0.0,0.0,0.0,0.0,0.0,0.0,0.0,0.0,1.2053571428571428,0.40178571428571425,0.8035714285714285,0.8035714285714285,1.607142857142857,2.0089285714285716,0.0,MF
Amir Hadžiahmetović,Bosnia–Herz,Bosnia and Herzegovina,MF,29,1997,Hull City,1,0,6.0,0.1,0.0,0.0,0.0,0.0,0.0,0.0,0.0,0.0,0.0,0.0,0.0,0.0,0.0,0.0,0.0,0.0,0.0,0.0,0.0,0.0,6.0,1.7,0.0,0,1,6.0,3,0.0,1.0,2.0,-1.0,-15.0,-14.49,0.0,0.0,0.0,0.0,1.0,0.0,0.0,0.0,0.0,0.0,0.0,0.0,0.0,0.0,0.0,0.0,0.0,0.0,0.0,0.0,0.0,0.0,0.0,0.0,0.0,0.0,0.0,0.0,0.0,0.0,0.0,0.0,0.0,15.0,0.0,MF
Arjan Malic,Bosnia–Herz,Bosnia and Herzegovina,DF,20,2005,Sturm Graz,1,1,45.0,0.5,0.0,0.0,0.0,0.0,0.0,0.0,0.0,0.0,0.0,0.0,0.0,0.0,0.0,0.0,0.0,0.0,0.0,0.0,0.0,0.0,45.0,12.5,45.0,0,0,0.0,3,3.0,2.0,1.0,1.0,2.0,3.14,0.0,1.0,1.0,0.0,2.0,0.0,0.0,0.0,0.0,0.0,0.0,0.0,0.0,0.0,0.0,0.0,0.0,0.0,0.0,0.0,0.0,0.0,0.0,0.0,0.0,0.0,0.0,0.0,0.0,0.0,0.0,0.0,2.0,4.0,0.0,DF
Armin Gigovic,Bosnia–Herz,Bosnia and Herzegovina,MF,24,2002,Young Boys,2,1,79.0,0.9,0.0,0.0,0.0,0.0,0.0,0.0,0.0,0.0,0.0,0.0,0.0,0.0,0.0,0.0,0.0,0.0,0.0,0.0,0.0,0.0,40.0,21.9,50.0,0,1,29.0,2,0.5,0.0,2.0,-2.0,-2.28,-1.96,0.0,0.0,2.0,0.0,0.0,2.0,1.0,0.0,0.0,0.0,0.0,0.0,0.0,0.0,0.0,0.0,0.0,0.0,0.0,0.0,0.0,0.0,0.0,0.0,0.0,0.0,0.0,0.0,0.0,0.0,2.278481012658228,1.139240506329114,0.0,0.0,0.0,MF
Benjamin Tahirovic,Bosnia–Herz,Bosnia and Herzegovina,MF,23,2003,Brøndby,4,2,237.0,2.6,0.0,0.0,0.0,0.0,0.0,0.0,0.0,0.0,0.0,0.0,0.0,0.0,0.0,1.0,0.0,0.0,0.38,0.0,0.0,0.0,59.0,65.8,76.0,1,2,43.0,0,1.0,2.0,2.0,0.0,0.0,2.2,0.0,3.0,2.0,0.0,2.0,4.0,4.0,0.0,0.0,0.0,0.0,0.0,0.0,0.0,0.0,0.0,0.0,0.0,0.0,0.0,0.0,0.0,0.0,0.0,0.0,0.0,0.0,0.0,0.37974683544303794,0.0,1.5189873417721518,1.5189873417721518,1.139240506329114,0.7594936708860759,0.0,MF
Dennis Hadžikadunić,Bosnia–Herz,Bosnia and Herzegovina,DF,27,1998,Sampdoria,1,0,27.0,0.3,0.0,1.0,1.0,0.0,0.0,0.0,0.0,0.0,0.0,3.33,3.33,0.0,3.33,0.0,0.0,0.0,0.0,0.0,0.0,0.0,27.0,7.5,0.0,0,1,27.0,3,3.0,1.0,0.0,1.0,3.33,4.41,0.0,1.0,0.0,0.0,0.0,0.0,2.0,0.0,0.0,0.0,0.0,0.0,0.0,0.0,0.0,0.0,0.0,0.0,0.0,0.0,0.0,0.0,0.0,0.0,0.0,0.0,0.0,3.333333333333333,0.0,0.0,0.0,6.666666666666666,3.333333333333333,0.0,3.333333333333333,DF
Dženis Burnić,Bosnia–Herz,Bosnia and Herzegovina,MF,28,1998,Karlsruher,2,0,16.0,0.2,0.0,0.0,0.0,0.0,0.0,0.0,0.0,0.0,0.0,0.0,0.0,0.0,0.0,1.0,0.0,0.0,5.63,0.0,0.0,0.0,8.0,4.4,0.0,0,2,8.0,2,2.0,0.0,0.0,0.0,0.0,0.78,0.0,0.0,0.0,0.0,0.0,0.0,0.0,0.0,0.0,0.0,0.0,0.0,0.0,0.0,0.0,0.0,0.0,0.0,0.0,0.0,0.0,0.0,0.0,0.0,0.0,0.0,0.0,0.0,5.625,0.0,0.0,0.0,0.0,0.0,0.0,MF
Edin Džeko,Bosnia–Herz,Bosnia and Herzegovina,FW,40,1986,Schalke 04,3,3,176.0,2.0,0.0,0.0,0.0,0.0,0.0,0.0,1.0,0.0,0.0,0.0,0.0,0.0,0.0,3.0,0.0,0.0,1.53,0.0,0.0,0.0,59.0,48.9,59.0,0,0,0.0,1,1.0,2.0,2.0,0.0,0.0,1.47,0.0,1.0,2.0,0.0,0.0,1.0,0.0,0.0,0.0,0.0,0.0,0.0,0.0,0.0,0.0,0.0,0.0,0.0,0.0,0.0,0.0,0.0,0.0,0.0,0.0,0.0,0.0,0.0,1.534090909090909,0.0,0.5113636363636364,0.0,0.5113636363636364,0.0,0.0,FW
Ermedin Demirović,Bosnia–Herz,Bosnia and Herzegovina,FW,28,1998,Stuttgart,4,4,354.0,3.9,0.0,0.0,0.0,0.0,0.0,0.0,1.0,0.0,0.0,0.0,0.0,0.0,0.0,4.0,4.0,100.0,1.02,1.02,0.0,0.0,89.0,98.3,89.0,3,0,0.0,0,1.0,4.0,6.0,-2.0,-0.51,14.49,0.0,11.0,3.0,1.0,0.0,1.0,1.0,0.0,0.0,0.0,0.0,0.0,0.0,0.0,0.0,0.0,0.0,0.0,0.0,0.0,0.0,0.0,0.0,0.0,0.0,0.0,0.0,0.0,1.0169491525423728,1.0169491525423728,0.2542372881355932,0.2542372881355932,2.7966101694915255,0.0,0.0,FW
Ermin Mahmić,Bosnia–Herz,Bosnia and Herzegovina,MF,21,2005,Slovan Liberec,3,0,68.0,0.8,2.0,0.0,2.0,2.0,0.0,0.0,1.0,0.0,2.65,0.0,2.65,2.65,2.65,4.0,2.0,50.0,5.29,2.65,0.5,1.0,23.0,18.9,0.0,0,3,23.0,1,1.0,2.0,2.0,0.0,0.0,0.92,0.0,1.0,1.0,0.0,1.0,0.0,1.0,0.0,0.0,0.0,0.0,0.0,0.0,0.0,0.0,0.0,0.0,0.0,0.0,0.0,0.0,0.0,0.0,0.0,0.0,0.0,2.6470588235294117,0.0,5.294117647058823,2.6470588235294117,0.0,1.3235294117647058,1.3235294117647058,1.3235294117647058,2.6470588235294117,MF
Esmir Bajraktarevic,Bosnia–Herz,Bosnia and Herzegovina,MF,21,2005,PSV,4,2,230.0,2.6,0.0,0.0,0.0,0.0,0.0,0.0,0.0,0.0,0.0,0.0,0.0,0.0,0.0,3.0,2.0,66.7,1.17,0.78,0.0,0.0,58.0,63.9,82.0,1,2,34.0,0,1.0,5.0,6.0,-1.0,-0.39,0.99,0.0,1.0,2.0,0.0,8.0,3.0,0.0,0.0,0.0,0.0,0.0,0.0,0.0,0.0,0.0,0.0,0.0,0.0,0.0,0.0,0.0,0.0,0.0,0.0,0.0,0.0,0.0,0.0,1.1739130434782608,0.782608695652174,1.1739130434782608,0.0,0.391304347826087,3.130434782608696,0.0,MF
Haris Tabaković,Bosnia–Herz,Bosnia and Herzegovina,FW,31,1994,Schalke 04,1,0,16.0,0.2,0.0,0.0,0.0,0.0,0.0,0.0,0.0,0.0,0.0,0.0,0.0,0.0,0.0,0.0,0.0,0.0,0.0,0.0,0.0,0.0,16.0,4.4,0.0,0,1,16.0,3,0.0,0.0,1.0,-1.0,-5.63,-5.1,0.0,0.0,0.0,0.0,0.0,0.0,0.0,0.0,0.0,0.0,0.0,0.0,0.0,0.0,0.0,0.0,0.0,0.0,0.0,0.0,0.0,0.0,0.0,0.0,0.0,0.0,0.0,0.0,0.0,0.0,0.0,0.0,0.0,0.0,0.0,FW
Ivan Bašić,Bosnia–Herz,Bosnia and Herzegovina,MF,24,2002,Unknown Club,3,2,179.0,2.0,0.0,1.0,1.0,0.0,0.0,0.0,0.0,0.0,0.0,0.5,0.5,0.0,0.5,4.0,0.0,0.0,2.01,0.0,0.0,0.0,60.0,49.7,76.0,1,1,28.0,1,1.33,5.0,5.0,0.0,0.0,1.49,0.0,2.0,3.0,0.0,12.0,3.0,1.0,0.0,0.0,0.0,0.0,0.0,0.0,0.0,0.0,0.0,0.0,0.0,0.0,0.0,0.0,0.0,0.0,0.0,0.0,0.0,0.0,0.5027932960893855,2.011173184357542,0.0,1.5083798882681565,0.5027932960893855,1.005586592178771,6.033519553072626,0.5027932960893855,MF
Ivan Šunjić,Bosnia–Herz,Bosnia and Herzegovina,MF,29,1996,Unknown Club,4,3,196.0,2.2,0.0,0.0,0.0,0.0,0.0,0.0,0.0,0.0,0.0,0.0,0.0,0.0,0.0,1.0,1.0,100.0,0.46,0.46,0.0,0.0,49.0,54.4,60.0,0,1,17.0,0,1.0,2.0,5.0,-3.0,-1.38,-1.38,0.0,7.0,0.0,0.0,1.0,0.0,3.0,0.0,0.0,0.0,0.0,0.0,0.0,0.0,0.0,0.0,0.0,0.0,0.0,0.0,0.0,0.0,0.0,0.0,0.0,0.0,0.0,0.0,0.4591836734693877,0.4591836734693877,0.0,1.3775510204081631,3.214285714285714,0.4591836734693877,0.0,MF
Jovo Lukić,Bosnia–Herz,Bosnia and Herzegovina,FW,27,1998,Univ. Cluj,2,1,67.0,0.7,1.0,0.0,1.0,1.0,0.0,0.0,1.0,0.0,1.34,0.0,1.34,1.34,1.34,3.0,2.0,66.7,4.03,2.69,0.33,0.5,34.0,18.6,61.0,0,1,6.0,2,0.5,2.0,2.0,0.0,0.0,0.92,0.0,1.0,0.0,0.0,0.0,0.0,1.0,0.0,0.0,0.0,0.0,0.0,0.0,0.0,0.0,0.0,0.0,0.0,0.0,0.0,0.0,0.0,0.0,0.0,0.0,0.0,1.3432835820895521,0.0,4.029850746268656,2.6865671641791042,0.0,1.3432835820895521,1.3432835820895521,0.0,1.3432835820895521,FW
Kerim Alajbegović,Bosnia–Herz,Bosnia and Herzegovina,MF,18,2007,RB Salzburg,4,3,277.0,3.1,1.0,0.0,1.0,1.0,0.0,0.0,0.0,0.0,0.32,0.0,0.32,0.32,0.32,4.0,1.0,25.0,1.3,0.32,0.25,1.0,69.0,76.9,87.0,1,1,17.0,0,1.0,3.0,7.0,-4.0,-1.3,-2.38,0.0,4.0,6.0,1.0,15.0,2.0,0.0,0.0,0.0,0.0,0.0,0.0,0.0,0.0,0.0,0.0,0.0,0.0,0.0,0.0,0.0,0.0,0.0,0.0,0.0,0.0,0.3249097472924188,0.0,1.2996389891696751,0.3249097472924188,0.6498194945848376,0.0,1.2996389891696751,4.873646209386282,0.3249097472924188,MF
Martin Zlomislić,Bosnia–Herz,Bosnia and Herzegovina,GK,27,1998,Unknown Club,0,0,0.0,0.0,0.0,0.0,0.0,0.0,0.0,0.0,0.0,0.0,0.0,0.0,0.0,0.0,0.0,0.0,0.0,0.0,0.0,0.0,0.0,0.0,0.0,0.0,0.0,0,0,0.0,4,0.0,0.0,0.0,0.0,0.0,0.0,0.0,0.0,0.0,0.0,0.0,0.0,0.0,0.0,0.0,0.0,0.0,0.0,0.0,0.0,0.0,0.0,0.0,0.0,0.0,0.0,0.0,0.0,0.0,0.0,0.0,0.0,0.0,0.0,0.0,0.0,0.0,0.0,0.0,0.0,0.0,GK
Mladen Jurkas,Bosnia–Herz,Bosnia and Herzegovina,GK,18,2007,Unknown Club,0,0,0.0,0.0,0.0,0.0,0.0,0.0,0.0,0.0,0.0,0.0,0.0,0.0,0.0,0.0,0.0,0.0,0.0,0.0,0.0,0.0,0.0,0.0,0.0,0.0,0.0,0,0,0.0,4,0.0,0.0,0.0,0.0,0.0,0.0,0.0,0.0,0.0,0.0,0.0,0.0,0.0,0.0,0.0,0.0,0.0,0.0,0.0,0.0,0.0,0.0,0.0,0.0,0.0,0.0,0.0,0.0,0.0,0.0,0.0,0.0,0.0,0.0,0.0,0.0,0.0,0.0,0.0,0.0,0.0,GK
Nihad Mujakić,Bosnia–Herz,Bosnia and Herzegovina,DF,28,1998,Unknown Club,0,0,0.0,0.0,0.0,0.0,0.0,0.0,0.0,0.0,0.0,0.0,0.0,0.0,0.0,0.0,0.0,0.0,0.0,0.0,0.0,0.0,0.0,0.0,0.0,0.0,0.0,0,0,0.0,4,0.0,0.0,0.0,0.0,0.0,0.0,0.0,0.0,0.0,0.0,0.0,0.0,0.0,0.0,0.0,0.0,0.0,0.0,0.0,0.0,0.0,0.0,0.0,0.0,0.0,0.0,0.0,0.0,0.0,0.0,0.0,0.0,0.0,0.0,0.0,0.0,0.0,0.0,0.0,0.0,0.0,DF
Nikola Katić,Bosnia–Herz,Bosnia and Herzegovina,DF,29,1996,Schalke 04,4,4,317.0,3.5,0.0,0.0,0.0,0.0,0.0,0.0,1.0,0.0,0.0,0.0,0.0,0.0,0.0,2.0,0.0,0.0,0.57,0.0,0.0,0.0,79.0,88.1,79.0,2,0,0.0,0,1.0,4.0,7.0,-3.0,-0.85,-0.85,0.0,4.0,0.0,0.0,0.0,5.0,6.0,0.0,0.0,0.0,0.0,0.0,0.0,0.0,0.0,0.0,0.0,0.0,0.0,0.0,0.0,0.0,0.0,0.0,0.0,0.0,0.0,0.0,0.5678233438485805,0.0,1.419558359621451,1.7034700315457414,1.135646687697161,0.0,0.0,DF
Nikola Vasilj,Bosnia–Herz,Bosnia and Herzegovina,GK,30,1995,St Pauli,4,4,360.0,4.0,0.0,0.0,0.0,0.0,0.0,0.0,0.0,0.0,0.0,0.0,0.0,0.0,0.0,0.0,0.0,0.0,0.0,0.0,0.0,0.0,90.0,100.0,90.0,4,0,0.0,0,1.0,5.0,8.0,-3.0,-0.75,0.0,0.0,0.0,0.0,0.0,0.0,0.0,0.0,0.0,4.0,4.0,360.0,8.0,2.0,14.0,6.0,42.9,1.0,1.0,2.0,0.0,0.0,1.0,1.0,0.0,0.0,0.0,0.0,0.0,0.0,0.0,0.0,0.0,0.0,0.0,0.0,GK
Samed Baždar,Bosnia–Herz,Bosnia and Herzegovina,FW,22,2004,Gladbach,1,0,29.0,0.3,0.0,0.0,0.0,0.0,0.0,0.0,0.0,0.0,0.0,0.0,0.0,0.0,0.0,0.0,0.0,0.0,0.0,0.0,0.0,0.0,29.0,8.1,0.0,0,1,29.0,3,1.0,0.0,1.0,-1.0,-3.1,-2.56,0.0,1.0,1.0,0.0,0.0,0.0,0.0,0.0,0.0,0.0,0.0,0.0,0.0,0.0,0.0,0.0,0.0,0.0,0.0,0.0,0.0,0.0,0.0,0.0,0.0,0.0,0.0,0.0,0.0,0.0,0.0,0.0,3.103448275862069,0.0,0.0,FW
Sead Kolašinac,Bosnia–Herz,Bosnia and Herzegovina,DF,32,1993,Atalanta,4,4,337.0,3.7,0.0,1.0,1.0,0.0,0.0,0.0,0.0,0.0,0.0,0.27,0.27,0.0,0.27,0.0,0.0,0.0,0.0,0.0,0.0,0.0,84.0,93.6,84.0,2,0,0.0,0,1.0,5.0,7.0,-2.0,-0.53,3.38,0.0,6.0,4.0,0.0,9.0,2.0,6.0,0.0,0.0,0.0,0.0,0.0,0.0,0.0,0.0,0.0,0.0,0.0,0.0,0.0,0.0,0.0,0.0,0.0,0.0,0.0,0.0,0.26706231454005935,0.0,0.0,0.5341246290801187,1.6023738872403561,1.6023738872403561,2.403560830860534,0.26706231454005935,DF
Stjepan Radeljić,Bosnia–Herz,Bosnia and Herzegovina,DF,28,1997,Rijeka,2,2,180.0,2.0,0.0,0.0,0.0,0.0,0.0,0.0,1.0,0.0,0.0,0.0,0.0,0.0,0.0,1.0,0.0,0.0,0.5,0.0,0.0,0.0,90.0,50.0,90.0,2,0,0.0,2,1.5,3.0,3.0,0.0,0.0,1.5,0.0,1.0,3.0,0.0,0.0,0.0,1.0,0.0,0.0,0.0,0.0,0.0,0.0,0.0,0.0,0.0,0.0,0.0,0.0,0.0,0.0,0.0,0.0,0.0,0.0,0.0,0.0,0.0,0.5,0.0,0.0,0.5,0.5,0.0,0.0,DF
Tarik Muharemovic,Bosnia–Herz,Bosnia and Herzegovina,DF,23,2003,Sassuolo,3,3,259.0,2.9,0.0,0.0,0.0,0.0,0.0,0.0,0.0,1.0,0.0,0.0,0.0,0.0,0.0,1.0,0.0,0.0,0.35,0.0,0.0,0.0,86.0,71.9,86.0,2,0,0.0,0,0.33,1.0,4.0,-3.0,-1.04,-1.04,0.0,5.0,2.0,0.0,1.0,8.0,1.0,0.0,0.0,0.0,0.0,0.0,0.0,0.0,0.0,0.0,0.0,0.0,0.0,0.0,0.0,0.0,0.0,0.0,0.0,0.0,0.0,0.0,0.3474903474903475,0.0,2.77992277992278,0.3474903474903475,1.7374517374517373,0.3474903474903475,0.0,DF
Alex Sandro,Brazil,Brazil,"DF,MF",35,1991,Flamengo,1,0,9.0,0.1,0.0,0.0,0.0,0.0,0.0,0.0,0.0,0.0,0.0,0.0,0.0,0.0,0.0,0.0,0.0,0.0,0.0,0.0,0.0,0.0,9.0,2.0,0.0,0,1,9.0,4,3.0,0.0,0.0,0.0,0.0,-1.22,0.0,1.0,0.0,0.0,0.0,0.0,0.0,0.0,0.0,0.0,0.0,0.0,0.0,0.0,0.0,0.0,0.0,0.0,0.0,0.0,0.0,0.0,0.0,0.0,0.0,0.0,0.0,0.0,0.0,0.0,0.0,0.0,10.0,0.0,0.0,DF
Alisson,Brazil,Brazil,GK,33,1992,Liverpool,5,5,450.0,5.0,0.0,0.0,0.0,0.0,0.0,0.0,0.0,0.0,0.0,0.0,0.0,0.0,0.0,0.0,0.0,0.0,0.0,0.0,0.0,0.0,90.0,100.0,90.0,5,0,0.0,0,2.0,10.0,4.0,6.0,1.2,0.0,0.0,0.0,0.0,0.0,0.0,0.0,0.0,0.0,5.0,5.0,450.0,4.0,0.8,18.0,14.0,77.8,3.0,1.0,1.0,2.0,40.0,0.0,0.0,0.0,0.0,0.0,0.0,0.0,0.0,0.0,0.0,0.0,0.0,0.0,0.0,GK
Bruno Guimarães,Brazil,Brazil,MF,28,1997,Newcastle,5,5,416.0,4.6,0.0,4.0,4.0,0.0,0.0,1.0,0.0,0.0,0.0,0.87,0.87,0.0,0.87,8.0,2.0,25.0,1.73,0.43,0.0,0.0,83.0,92.4,83.0,1,0,0.0,0,2.0,8.0,3.0,5.0,1.08,-1.57,0.0,4.0,7.0,0.0,16.0,2.0,6.0,0.0,0.0,0.0,0.0,0.0,0.0,0.0,0.0,0.0,0.0,0.0,0.0,0.0,0.0,0.0,0.0,0.0,0.0,0.0,0.0,0.8653846153846154,1.7307692307692308,0.4326923076923077,0.4326923076923077,1.2980769230769231,0.8653846153846154,3.4615384615384617,0.8653846153846154,MF
Casemiro,Brazil,Brazil,MF,34,1992,Manchester Utd,5,5,379.0,4.2,1.0,0.0,1.0,1.0,0.0,0.0,2.0,0.0,0.24,0.0,0.24,0.24,0.24,4.0,2.0,50.0,0.95,0.47,0.25,0.5,76.0,84.2,76.0,2,0,0.0,0,2.0,9.0,4.0,5.0,1.19,-0.08,0.0,6.0,6.0,0.0,5.0,6.0,5.0,0.0,0.0,0.0,0.0,0.0,0.0,0.0,0.0,0.0,0.0,0.0,0.0,0.0,0.0,0.0,0.0,0.0,0.0,0.0,0.23746701846965698,0.0,0.9498680738786279,0.47493403693931396,1.424802110817942,1.187335092348285,1.424802110817942,1.187335092348285,0.23746701846965698,MF
Danilo,Brazil,Brazil,DF,34,1991,Flamengo,5,4,405.0,4.5,0.0,0.0,0.0,0.0,0.0,0.0,2.0,0.0,0.0,0.0,0.0,0.0,0.0,1.0,0.0,0.0,0.22,0.0,0.0,0.0,81.0,90.0,90.0,4,1,45.0,0,2.0,9.0,3.0,6.0,1.33,1.33,0.0,7.0,1.0,1.0,10.0,7.0,2.0,0.0,0.0,0.0,0.0,0.0,0.0,0.0,0.0,0.0,0.0,0.0,0.0,0.0,0.0,0.0,0.0,0.0,0.0,0.0,0.0,0.0,0.2222222222222222,0.0,1.5555555555555554,0.4444444444444444,1.5555555555555554,2.2222222222222223,0.0,DF
Danilo Santos,Brazil,Brazil,MF,25,2001,Botafogo–RJ,4,0,46.0,0.5,0.0,0.0,0.0,0.0,0.0,0.0,0.0,0.0,0.0,0.0,0.0,0.0,0.0,2.0,1.0,50.0,3.91,1.96,0.0,0.0,12.0,10.2,0.0,0,4,12.0,1,1.75,1.0,2.0,-1.0,-1.96,-3.52,0.0,0.0,0.0,0.0,0.0,1.0,2.0,0.0,0.0,0.0,0.0,0.0,0.0,0.0,0.0,0.0,0.0,0.0,0.0,0.0,0.0,0.0,0.0,0.0,0.0,0.0,0.0,0.0,3.9130434782608696,1.9565217391304348,1.9565217391304348,3.9130434782608696,0.0,0.0,0.0,MF
Douglas Santos,Brazil,Brazil,DF,32,1994,Zenit,5,5,441.0,4.9,0.0,0.0,0.0,0.0,0.0,0.0,1.0,0.0,0.0,0.0,0.0,0.0,0.0,2.0,0.0,0.0,0.41,0.0,0.0,0.0,88.0,98.0,88.0,4,0,0.0,0,2.0,10.0,4.0,6.0,1.22,1.22,0.0,3.0,2.0,1.0,6.0,6.0,10.0,0.0,0.0,0.0,0.0,0.0,0.0,0.0,0.0,0.0,0.0,0.0,0.0,0.0,0.0,0.0,0.0,0.0,0.0,0.0,0.0,0.0,0.40816326530612246,0.0,1.2244897959183674,2.0408163265306123,0.6122448979591837,1.2244897959183674,0.0,DF
Ederson Moraes,Brazil,Brazil,GK,32,1993,Unknown Club,0,0,0.0,0.0,0.0,0.0,0.0,0.0,0.0,0.0,0.0,0.0,0.0,0.0,0.0,0.0,0.0,0.0,0.0,0.0,0.0,0.0,0.0,0.0,0.0,0.0,0.0,0,0,0.0,5,0.0,0.0,0.0,0.0,0.0,0.0,0.0,0.0,0.0,0.0,0.0,0.0,0.0,0.0,0.0,0.0,0.0,0.0,0.0,0.0,0.0,0.0,0.0,0.0,0.0,0.0,0.0,0.0,0.0,0.0,0.0,0.0,0.0,0.0,0.0,0.0,0.0,0.0,0.0,0.0,0.0,GK
Endrick,Brazil,Brazil,FW,19,2006,Lyon,4,0,114.0,1.3,0.0,0.0,0.0,0.0,0.0,0.0,0.0,0.0,0.0,0.0,0.0,0.0,0.0,3.0,0.0,0.0,2.37,0.0,0.0,0.0,29.0,25.3,0.0,0,4,29.0,1,2.25,3.0,2.0,1.0,0.79,-0.55,0.0,1.0,1.0,1.0,0.0,1.0,1.0,0.0,0.0,0.0,0.0,0.0,0.0,0.0,0.0,0.0,0.0,0.0,0.0,0.0,0.0,0.0,0.0,0.0,0.0,0.0,0.0,0.0,2.3684210526315788,0.0,0.7894736842105263,0.7894736842105263,0.7894736842105263,0.0,0.0,FW
Fabinho,Brazil,Brazil,"DF,MF",32,1993,Al-Ittihad,3,0,71.0,0.8,0.0,0.0,0.0,0.0,0.0,0.0,1.0,0.0,0.0,0.0,0.0,0.0,0.0,1.0,0.0,0.0,1.27,0.0,0.0,0.0,24.0,15.8,0.0,0,3,24.0,2,2.33,1.0,0.0,1.0,1.27,0.08,0.0,4.0,0.0,0.0,0.0,2.0,1.0,0.0,0.0,0.0,0.0,0.0,0.0,0.0,0.0,0.0,0.0,0.0,0.0,0.0,0.0,0.0,0.0,0.0,0.0,0.0,0.0,0.0,1.267605633802817,0.0,2.535211267605634,1.267605633802817,5.070422535211268,0.0,0.0,DF
Gabriel Magalhães,Brazil,Brazil,DF,28,1997,Arsenal,5,5,450.0,5.0,0.0,1.0,1.0,0.0,0.0,0.0,0.0,0.0,0.0,0.2,0.2,0.0,0.2,1.0,0.0,0.0,0.2,0.0,0.0,0.0,90.0,100.0,90.0,5,0,0.0,0,2.0,10.0,4.0,6.0,1.2,0.0,0.0,1.0,3.0,0.0,3.0,4.0,2.0,0.0,0.0,0.0,0.0,0.0,0.0,0.0,0.0,0.0,0.0,0.0,0.0,0.0,0.0,0.0,0.0,0.0,0.0,0.0,0.0,0.2,0.2,0.0,0.8,0.4,0.2,0.6000000000000001,0.2,DF
Gabriel Martinelli,Brazil,Brazil,MF,24,2001,Arsenal,4,1,143.0,1.6,1.0,0.0,1.0,1.0,0.0,0.0,0.0,0.0,0.63,0.0,0.63,0.63,0.63,2.0,1.0,50.0,1.26,0.63,0.5,1.0,36.0,31.8,66.0,0,3,26.0,1,2.25,1.0,0.0,1.0,0.63,-0.84,0.0,4.0,3.0,0.0,2.0,2.0,0.0,0.0,0.0,0.0,0.0,0.0,0.0,0.0,0.0,0.0,0.0,0.0,0.0,0.0,0.0,0.0,0.0,0.0,0.0,0.0,0.6293706293706294,0.0,1.2587412587412588,0.6293706293706294,1.2587412587412588,0.0,2.5174825174825175,1.2587412587412588,0.6293706293706294,MF
Gleison Bremer,Brazil,Brazil,DF,29,1997,Unknown Club,0,0,0.0,0.0,0.0,0.0,0.0,0.0,0.0,0.0,0.0,0.0,0.0,0.0,0.0,0.0,0.0,0.0,0.0,0.0,0.0,0.0,0.0,0.0,0.0,0.0,0.0,0,0,0.0,5,0.0,0.0,0.0,0.0,0.0,0.0,0.0,0.0,0.0,0.0,0.0,0.0,0.0,0.0,0.0,0.0,0.0,0.0,0.0,0.0,0.0,0.0,0.0,0.0,0.0,0.0,0.0,0.0,0.0,0.0,0.0,0.0,0.0,0.0,0.0,0.0,0.0,0.0,0.0,0.0,0.0,DF
Igor Thiago,Brazil,Brazil,FW,24,2001,Brentford,1,1,61.0,0.7,0.0,0.0,0.0,0.0,0.0,0.0,0.0,0.0,0.0,0.0,0.0,0.0,0.0,2.0,1.0,50.0,2.95,1.48,0.0,0.0,61.0,13.6,61.0,0,0,0.0,4,1.0,1.0,1.0,0.0,0.0,-1.39,0.0,2.0,0.0,0.0,0.0,0.0,1.0,0.0,0.0,0.0,0.0,0.0,0.0,0.0,0.0,0.0,0.0,0.0,0.0,0.0,0.0,0.0,0.0,0.0,0.0,0.0,0.0,0.0,2.9508196721311477,1.4754098360655739,0.0,1.4754098360655739,2.9508196721311477,0.0,0.0,FW
Lucas Paquetá,Brazil,Brazil,MF,28,1997,Flamengo,4,4,233.0,2.6,0.0,1.0,1.0,0.0,0.0,0.0,0.0,0.0,0.0,0.39,0.39,0.0,0.39,5.0,1.0,20.0,1.93,0.39,0.0,0.0,58.0,51.8,58.0,0,0,0.0,0,2.5,7.0,2.0,5.0,1.93,1.52,0.0,3.0,6.0,0.0,5.0,5.0,4.0,0.0,0.0,0.0,0.0,0.0,0.0,0.0,0.0,0.0,0.0,0.0,0.0,0.0,0.0,0.0,0.0,0.0,0.0,0.0,0.0,0.38626609442060084,1.9313304721030042,0.38626609442060084,1.9313304721030042,1.5450643776824033,1.1587982832618027,1.9313304721030042,0.38626609442060084,MF
Luiz Henrique,Brazil,Brazil,"FW,MF",25,2001,Zenit,1,0,29.0,0.3,0.0,0.0,0.0,0.0,0.0,0.0,0.0,0.0,0.0,0.0,0.0,0.0,0.0,0.0,0.0,0.0,0.0,0.0,0.0,0.0,29.0,6.4,0.0,0,1,29.0,4,1.0,0.0,0.0,0.0,0.0,-1.28,0.0,0.0,1.0,0.0,0.0,0.0,0.0,0.0,0.0,0.0,0.0,0.0,0.0,0.0,0.0,0.0,0.0,0.0,0.0,0.0,0.0,0.0,0.0,0.0,0.0,0.0,0.0,0.0,0.0,0.0,0.0,0.0,0.0,0.0,0.0,MF
Léo Pereira,Brazil,Brazil,DF,30,1996,Unknown Club,0,0,0.0,0.0,0.0,0.0,0.0,0.0,0.0,0.0,0.0,0.0,0.0,0.0,0.0,0.0,0.0,0.0,0.0,0.0,0.0,0.0,0.0,0.0,0.0,0.0,0.0,0,0,0.0,5,0.0,0.0,0.0,0.0,0.0,0.0,0.0,0.0,0.0,0.0,0.0,0.0,0.0,0.0,0.0,0.0,0.0,0.0,0.0,0.0,0.0,0.0,0.0,0.0,0.0,0.0,0.0,0.0,0.0,0.0,0.0,0.0,0.0,0.0,0.0,0.0,0.0,0.0,0.0,0.0,0.0,DF
Marquinhos,Brazil,Brazil,DF,32,1994,PSG,5,5,450.0,5.0,0.0,0.0,0.0,0.0,0.0,0.0,0.0,0.0,0.0,0.0,0.0,0.0,0.0,2.0,0.0,0.0,0.4,0.0,0.0,0.0,90.0,100.0,90.0,5,0,0.0,0,2.0,10.0,4.0,6.0,1.2,0.0,0.0,0.0,2.0,1.0,1.0,3.0,2.0,0.0,0.0,0.0,0.0,0.0,0.0,0.0,0.0,0.0,0.0,0.0,0.0,0.0,0.0,0.0,0.0,0.0,0.0,0.0,0.0,0.0,0.4,0.0,0.6000000000000001,0.4,0.0,0.2,0.0,DF
Matheus Cunha,Brazil,Brazil,FW,27,1999,Manchester Utd,5,4,290.0,3.2,3.0,0.0,3.0,3.0,0.0,0.0,0.0,0.0,0.93,0.0,0.93,0.93,0.93,11.0,5.0,45.5,3.41,1.55,0.27,0.6,58.0,64.4,65.0,0,1,30.0,0,2.0,7.0,1.0,6.0,1.86,1.86,0.0,1.0,3.0,1.0,4.0,3.0,3.0,0.0,0.0,0.0,0.0,0.0,0.0,0.0,0.0,0.0,0.0,0.0,0.0,0.0,0.0,0.0,0.0,0.0,0.0,0.0,0.9310344827586207,0.0,3.413793103448276,1.5517241379310345,0.9310344827586207,0.9310344827586207,0.3103448275862069,1.2413793103448276,0.9310344827586207,FW
Neymar,Brazil,Brazil,"FW,MF",34,1992,Santos,2,0,39.0,0.4,1.0,0.0,1.0,0.0,1.0,1.0,1.0,0.0,2.31,0.0,2.31,0.0,0.0,3.0,2.0,66.7,6.92,4.62,0.0,0.0,20.0,8.7,0.0,0,2,20.0,1,1.5,1.0,2.0,-1.0,-2.31,-3.84,0.0,1.0,1.0,0.0,7.0,0.0,0.0,0.0,0.0,0.0,0.0,0.0,0.0,0.0,0.0,0.0,0.0,0.0,0.0,0.0,0.0,0.0,0.0,0.0,0.0,0.0,2.3076923076923075,0.0,6.923076923076923,4.615384615384615,0.0,0.0,2.3076923076923075,16.153846153846153,2.3076923076923075,MF
Raphinha,Brazil,Brazil,"MF,FW",29,1996,Barcelona,2,2,129.0,1.4,0.0,0.0,0.0,0.0,0.0,0.0,0.0,0.0,0.0,0.0,0.0,0.0,0.0,3.0,2.0,66.7,2.09,1.4,0.0,0.0,65.0,28.7,65.0,1,0,0.0,1,2.0,3.0,1.0,2.0,1.4,0.27,0.0,1.0,2.0,2.0,9.0,0.0,0.0,0.0,0.0,0.0,0.0,0.0,0.0,0.0,0.0,0.0,0.0,0.0,0.0,0.0,0.0,0.0,0.0,0.0,0.0,0.0,0.0,0.0,2.0930232558139537,1.3953488372093024,0.0,0.0,0.6976744186046512,6.27906976744186,0.0,MF
Rayan,Brazil,Brazil,"FW,MF",19,2006,Bournemouth,4,3,288.0,3.2,0.0,1.0,1.0,0.0,0.0,0.0,0.0,0.0,0.0,0.31,0.31,0.0,0.31,5.0,2.0,40.0,1.56,0.62,0.0,0.0,72.0,64.0,79.0,1,1,51.0,1,2.25,6.0,1.0,5.0,1.56,1.01,0.0,5.0,4.0,1.0,11.0,3.0,4.0,0.0,0.0,0.0,0.0,0.0,0.0,0.0,0.0,0.0,0.0,0.0,0.0,0.0,0.0,0.0,0.0,0.0,0.0,0.0,0.0,0.3125,1.5625,0.625,0.9375,1.25,1.5625,3.4375000000000004,0.3125,MF
Roger Ibanez,Brazil,Brazil,DF,27,1998,Al-Ahli,1,1,45.0,0.5,0.0,0.0,0.0,0.0,0.0,0.0,1.0,0.0,0.0,0.0,0.0,0.0,0.0,0.0,0.0,0.0,0.0,0.0,0.0,0.0,45.0,10.0,45.0,0,0,0.0,4,1.0,1.0,1.0,0.0,0.0,-1.33,0.0,2.0,1.0,0.0,0.0,1.0,2.0,0.0,0.0,0.0,0.0,0.0,0.0,0.0,0.0,0.0,0.0,0.0,0.0,0.0,0.0,0.0,0.0,0.0,0.0,0.0,0.0,0.0,0.0,0.0,2.0,4.0,4.0,0.0,0.0,DF
Vinicius Júnior,Brazil,Brazil,FW,25,2000,Real Madrid,5,5,440.0,4.9,4.0,1.0,5.0,4.0,0.0,0.0,0.0,0.0,0.82,0.2,1.02,0.82,1.02,17.0,11.0,64.7,3.48,2.25,0.24,0.36,88.0,97.8,88.0,4,0,0.0,0,2.0,10.0,4.0,6.0,1.23,1.23,0.0,4.0,10.0,3.0,12.0,1.0,1.0,0.0,0.0,0.0,0.0,0.0,0.0,0.0,0.0,0.0,0.0,0.0,0.0,0.0,0.0,0.0,0.0,0.0,0.0,0.0,0.8181818181818181,0.20454545454545453,3.477272727272727,2.25,0.20454545454545453,0.20454545454545453,0.8181818181818181,2.4545454545454546,1.0227272727272727,FW
Wéverton,Brazil,Brazil,GK,38,1987,Unknown Club,0,0,0.0,0.0,0.0,0.0,0.0,0.0,0.0,0.0,0.0,0.0,0.0,0.0,0.0,0.0,0.0,0.0,0.0,0.0,0.0,0.0,0.0,0.0,0.0,0.0,0.0,0,0,0.0,5,0.0,0.0,0.0,0.0,0.0,0.0,0.0,0.0,0.0,0.0,0.0,0.0,0.0,0.0,0.0,0.0,0.0,0.0,0.0,0.0,0.0,0.0,0.0,0.0,0.0,0.0,0.0,0.0,0.0,0.0,0.0,0.0,0.0,0.0,0.0,0.0,0.0,0.0,0.0,0.0,0.0,GK
Éderson Silva,Brazil,Brazil,MF,26,1999,Atalanta,2,0,22.0,0.2,0.0,0.0,0.0,0.0,0.0,0.0,0.0,0.0,0.0,0.0,0.0,0.0,0.0,2.0,0.0,0.0,8.18,0.0,0.0,0.0,11.0,4.9,0.0,0,2,11.0,3,1.5,1.0,1.0,0.0,0.0,-1.26,0.0,1.0,0.0,0.0,2.0,1.0,0.0,0.0,0.0,0.0,0.0,0.0,0.0,0.0,0.0,0.0,0.0,0.0,0.0,0.0,0.0,0.0,0.0,0.0,0.0,0.0,0.0,0.0,8.181818181818182,0.0,4.090909090909091,0.0,4.090909090909091,8.181818181818182,0.0,MF
C.J. dos Santos,Cabo Verde,Cape Verde,GK,25,2000,Unknown Club,0,0,0.0,0.0,0.0,0.0,0.0,0.0,0.0,0.0,0.0,0.0,0.0,0.0,0.0,0.0,0.0,0.0,0.0,0.0,0.0,0.0,0.0,0.0,0.0,0.0,0.0,0,0,0.0,4,0.0,0.0,0.0,0.0,0.0,0.0,0.0,0.0,0.0,0.0,0.0,0.0,0.0,0.0,0.0,0.0,0.0,0.0,0.0,0.0,0.0,0.0,0.0,0.0,0.0,0.0,0.0,0.0,0.0,0.0,0.0,0.0,0.0,0.0,0.0,0.0,0.0,0.0,0.0,0.0,0.0,GK
Dailon Livramento,Cabo Verde,Cape Verde,FW,25,2001,Casa Pia,3,2,174.0,1.9,0.0,0.0,0.0,0.0,0.0,0.0,0.0,0.0,0.0,0.0,0.0,0.0,0.0,1.0,0.0,0.0,0.52,0.0,0.0,0.0,58.0,44.6,60.0,0,1,54.0,1,0.67,1.0,2.0,-1.0,-0.52,-0.52,0.0,1.0,1.0,2.0,2.0,0.0,0.0,0.0,0.0,0.0,0.0,0.0,0.0,0.0,0.0,0.0,0.0,0.0,0.0,0.0,0.0,0.0,0.0,0.0,0.0,0.0,0.0,0.0,0.5172413793103449,0.0,0.0,0.0,0.5172413793103449,1.0344827586206897,0.0,FW
Deroy Duarte,Cabo Verde,Cape Verde,MF,26,1999,Ludogorets,4,2,264.0,2.9,1.0,0.0,1.0,1.0,0.0,0.0,0.0,0.0,0.34,0.0,0.34,0.34,0.34,3.0,2.0,66.7,1.02,0.68,0.33,0.5,66.0,67.7,95.0,1,2,38.0,0,0.75,2.0,2.0,0.0,0.0,0.71,0.0,4.0,1.0,0.0,1.0,6.0,5.0,0.0,0.0,0.0,0.0,0.0,0.0,0.0,0.0,0.0,0.0,0.0,0.0,0.0,0.0,0.0,0.0,0.0,0.0,0.0,0.34090909090909094,0.0,1.0227272727272727,0.6818181818181819,2.0454545454545454,1.7045454545454546,1.3636363636363638,0.34090909090909094,0.34090909090909094,MF
Diney,Cabo Verde,Cape Verde,DF,31,1995,Unknown Club,4,4,390.0,4.3,0.0,0.0,0.0,0.0,0.0,0.0,1.0,0.0,0.0,0.0,0.0,0.0,0.0,4.0,2.0,50.0,0.92,0.46,0.0,0.0,98.0,100.0,98.0,4,0,0.0,0,0.75,4.0,5.0,-1.0,-0.23,0.0,0.0,2.0,0.0,0.0,0.0,4.0,7.0,1.0,0.0,0.0,0.0,0.0,0.0,0.0,0.0,0.0,0.0,0.0,0.0,0.0,0.0,0.0,0.0,0.0,0.0,0.0,0.0,0.0,0.9230769230769231,0.46153846153846156,0.9230769230769231,1.6153846153846152,0.46153846153846156,0.0,0.0,DF
Garry Rodrigues,Cabo Verde,Cape Verde,MF,35,1990,Unknown Club,2,1,76.0,0.8,0.0,0.0,0.0,0.0,0.0,0.0,0.0,0.0,0.0,0.0,0.0,0.0,0.0,1.0,0.0,0.0,1.18,0.0,0.0,0.0,38.0,19.5,57.0,0,1,19.0,2,1.0,1.0,2.0,-1.0,-1.18,-1.18,0.0,0.0,0.0,2.0,2.0,1.0,2.0,0.0,0.0,0.0,0.0,0.0,0.0,0.0,0.0,0.0,0.0,0.0,0.0,0.0,0.0,0.0,0.0,0.0,0.0,0.0,0.0,0.0,1.1842105263157894,0.0,1.1842105263157894,2.3684210526315788,0.0,2.3684210526315788,0.0,MF
Gilson Benchimol,Cabo Verde,Cape Verde,FW,24,2001,Akron Tolyatti,2,1,78.0,0.9,0.0,0.0,0.0,0.0,0.0,0.0,0.0,0.0,0.0,0.0,0.0,0.0,0.0,0.0,0.0,0.0,0.0,0.0,0.0,0.0,39.0,20.0,57.0,0,1,21.0,2,0.5,2.0,3.0,-1.0,-1.15,-1.15,0.0,0.0,1.0,0.0,0.0,0.0,0.0,0.0,0.0,0.0,0.0,0.0,0.0,0.0,0.0,0.0,0.0,0.0,0.0,0.0,0.0,0.0,0.0,0.0,0.0,0.0,0.0,0.0,0.0,0.0,0.0,0.0,0.0,0.0,0.0,FW
Hélio Varela,Cabo Verde,Cape Verde,FW,24,2002,Unknown Club,3,0,104.0,1.2,1.0,0.0,1.0,1.0,0.0,0.0,0.0,0.0,0.87,0.0,0.87,0.87,0.87,3.0,1.0,33.3,2.6,0.87,0.33,1.0,35.0,26.7,0.0,0,3,35.0,1,0.67,2.0,2.0,0.0,0.0,0.31,0.0,1.0,2.0,1.0,1.0,0.0,0.0,0.0,0.0,0.0,0.0,0.0,0.0,0.0,0.0,0.0,0.0,0.0,0.0,0.0,0.0,0.0,0.0,0.0,0.0,0.0,0.8653846153846154,0.0,2.5961538461538463,0.8653846153846154,0.0,0.0,0.8653846153846154,0.8653846153846154,0.8653846153846154,FW
Jamiro Monteiro,Cabo Verde,Cape Verde,MF,32,1993,Zwolle,4,3,281.0,3.1,0.0,0.0,0.0,0.0,0.0,0.0,0.0,0.0,0.0,0.0,0.0,0.0,0.0,5.0,1.0,20.0,1.6,0.32,0.0,0.0,70.0,72.1,76.0,0,1,54.0,0,0.75,3.0,4.0,-1.0,-0.32,-0.32,0.0,4.0,2.0,0.0,7.0,4.0,4.0,0.0,0.0,0.0,0.0,0.0,0.0,0.0,0.0,0.0,0.0,0.0,0.0,0.0,0.0,0.0,0.0,0.0,0.0,0.0,0.0,0.0,1.6014234875444842,0.32028469750889677,1.281138790035587,1.281138790035587,1.281138790035587,2.2419928825622777,0.0,MF
Jovane Cabral,Cabo Verde,Cape Verde,FW,28,1998,Estrela,2,2,139.0,1.5,0.0,0.0,0.0,0.0,0.0,0.0,0.0,0.0,0.0,0.0,0.0,0.0,0.0,2.0,0.0,0.0,1.29,0.0,0.0,0.0,70.0,35.6,70.0,0,0,0.0,2,0.5,1.0,1.0,0.0,0.0,0.36,0.0,1.0,2.0,0.0,1.0,1.0,3.0,0.0,0.0,0.0,0.0,0.0,0.0,0.0,0.0,0.0,0.0,0.0,0.0,0.0,0.0,0.0,0.0,0.0,0.0,0.0,0.0,0.0,1.2949640287769786,0.0,0.6474820143884893,1.9424460431654678,0.6474820143884893,0.6474820143884893,0.0,FW
João Paulo Fernandes,Cabo Verde,Cape Verde,DF,28,1998,FCSB,2,1,105.0,1.2,0.0,0.0,0.0,0.0,0.0,0.0,0.0,0.0,0.0,0.0,0.0,0.0,0.0,2.0,0.0,0.0,1.71,0.0,0.0,0.0,53.0,26.9,90.0,1,1,15.0,2,1.0,0.0,0.0,0.0,0.0,0.32,0.0,0.0,4.0,0.0,5.0,6.0,1.0,0.0,0.0,0.0,0.0,0.0,0.0,0.0,0.0,0.0,0.0,0.0,0.0,0.0,0.0,0.0,0.0,0.0,0.0,0.0,0.0,0.0,1.7142857142857144,0.0,5.142857142857142,0.8571428571428572,0.0,4.285714285714286,0.0,DF
Kelvin Pires,Cabo Verde,Cape Verde,DF,26,2000,Unknown Club,0,0,0.0,0.0,0.0,0.0,0.0,0.0,0.0,0.0,0.0,0.0,0.0,0.0,0.0,0.0,0.0,0.0,0.0,0.0,0.0,0.0,0.0,0.0,0.0,0.0,0.0,0,0,0.0,4,0.0,0.0,0.0,0.0,0.0,0.0,0.0,0.0,0.0,0.0,0.0,0.0,0.0,0.0,0.0,0.0,0.0,0.0,0.0,0.0,0.0,0.0,0.0,0.0,0.0,0.0,0.0,0.0,0.0,0.0,0.0,0.0,0.0,0.0,0.0,0.0,0.0,0.0,0.0,0.0,0.0,DF
Kevin Pina,Cabo Verde,Cape Verde,MF,29,1997,Krasnodar,4,4,349.0,3.9,1.0,0.0,1.0,1.0,0.0,0.0,1.0,0.0,0.26,0.0,0.26,0.26,0.26,5.0,1.0,20.0,1.29,0.26,0.2,1.0,87.0,89.5,87.0,2,0,0.0,0,0.75,3.0,4.0,-1.0,-0.26,-0.26,0.0,5.0,3.0,0.0,2.0,3.0,7.0,0.0,0.0,0.0,0.0,0.0,0.0,0.0,0.0,0.0,0.0,0.0,0.0,0.0,0.0,0.0,0.0,0.0,0.0,0.0,0.25787965616045844,0.0,1.2893982808022924,0.25787965616045844,0.7736389684813754,1.8051575931232093,1.2893982808022924,0.5157593123209169,0.25787965616045844,MF
Laros Duarte,Cabo Verde,Cape Verde,MF,29,1997,Puskás Akad.,4,2,166.0,1.8,0.0,0.0,0.0,0.0,0.0,0.0,0.0,0.0,0.0,0.0,0.0,0.0,0.0,3.0,3.0,100.0,1.63,1.63,0.0,0.0,42.0,42.6,63.0,0,2,20.0,0,0.75,1.0,1.0,0.0,0.0,0.4,0.0,0.0,2.0,0.0,2.0,2.0,1.0,0.0,0.0,0.0,0.0,0.0,0.0,0.0,0.0,0.0,0.0,0.0,0.0,0.0,0.0,0.0,0.0,0.0,0.0,0.0,0.0,0.0,1.6265060240963856,1.6265060240963856,1.0843373493975905,0.5421686746987953,0.0,1.0843373493975905,0.0,MF
Logan Costa,Cabo Verde,Cape Verde,DF,25,2001,Unknown Club,0,0,0.0,0.0,0.0,0.0,0.0,0.0,0.0,0.0,0.0,0.0,0.0,0.0,0.0,0.0,0.0,0.0,0.0,0.0,0.0,0.0,0.0,0.0,0.0,0.0,0.0,0,0,0.0,4,0.0,0.0,0.0,0.0,0.0,0.0,0.0,0.0,0.0,0.0,0.0,0.0,0.0,0.0,0.0,0.0,0.0,0.0,0.0,0.0,0.0,0.0,0.0,0.0,0.0,0.0,0.0,0.0,0.0,0.0,0.0,0.0,0.0,0.0,0.0,0.0,0.0,0.0,0.0,0.0,0.0,DF
Márcio Rosa,Cabo Verde,Cape Verde,GK,29,1997,Unknown Club,0,0,0.0,0.0,0.0,0.0,0.0,0.0,0.0,0.0,0.0,0.0,0.0,0.0,0.0,0.0,0.0,0.0,0.0,0.0,0.0,0.0,0.0,0.0,0.0,0.0,0.0,0,0,0.0,4,0.0,0.0,0.0,0.0,0.0,0.0,0.0,0.0,0.0,0.0,0.0,0.0,0.0,0.0,0.0,0.0,0.0,0.0,0.0,0.0,0.0,0.0,0.0,0.0,0.0,0.0,0.0,0.0,0.0,0.0,0.0,0.0,0.0,0.0,0.0,0.0,0.0,0.0,0.0,0.0,0.0,GK
Nuno da Costa,Cabo Verde,Cape Verde,FW,35,1991,Başakşehir,4,1,159.0,1.8,0.0,0.0,0.0,0.0,0.0,0.0,0.0,0.0,0.0,0.0,0.0,0.0,0.0,1.0,0.0,0.0,0.57,0.0,0.0,0.0,40.0,40.8,66.0,0,3,31.0,0,0.75,2.0,1.0,1.0,0.57,1.35,0.0,0.0,3.0,0.0,1.0,1.0,2.0,0.0,0.0,0.0,0.0,0.0,0.0,0.0,0.0,0.0,0.0,0.0,0.0,0.0,0.0,0.0,0.0,0.0,0.0,0.0,0.0,0.0,0.5660377358490566,0.0,0.5660377358490566,1.1320754716981132,0.0,0.5660377358490566,0.0,FW
Pico,Cabo Verde,Cape Verde,DF,33,1992,Shamrock,4,4,390.0,4.3,0.0,0.0,0.0,0.0,0.0,0.0,0.0,0.0,0.0,0.0,0.0,0.0,0.0,2.0,0.0,0.0,0.46,0.0,0.0,0.0,98.0,100.0,98.0,4,0,0.0,0,0.75,4.0,5.0,-1.0,-0.23,0.0,0.0,0.0,3.0,0.0,0.0,7.0,5.0,0.0,0.0,0.0,0.0,0.0,0.0,0.0,0.0,0.0,0.0,0.0,0.0,0.0,0.0,0.0,0.0,0.0,0.0,0.0,0.0,0.0,0.46153846153846156,0.0,1.6153846153846152,1.1538461538461537,0.0,0.0,0.0,DF
Ryan Mendes,Cabo Verde,Cape Verde,"FW,MF",36,1990,Unknown Club,4,4,330.0,3.7,0.0,1.0,1.0,0.0,0.0,0.0,0.0,0.0,0.0,0.27,0.27,0.0,0.27,6.0,0.0,0.0,1.64,0.0,0.0,0.0,83.0,84.6,83.0,2,0,0.0,0,0.75,3.0,3.0,0.0,0.0,1.5,0.0,1.0,2.0,2.0,3.0,5.0,2.0,0.0,0.0,0.0,0.0,0.0,0.0,0.0,0.0,0.0,0.0,0.0,0.0,0.0,0.0,0.0,0.0,0.0,0.0,0.0,0.0,0.2727272727272727,1.6363636363636362,0.0,1.3636363636363638,0.5454545454545454,0.2727272727272727,0.8181818181818181,0.2727272727272727,MF
Sidny Lopes Cabral,Cabo Verde,Cape Verde,DF,23,2002,Benfica,3,3,285.0,3.2,1.0,0.0,1.0,1.0,0.0,0.0,2.0,0.0,0.32,0.0,0.32,0.32,0.32,4.0,2.0,50.0,1.26,0.63,0.25,0.5,95.0,73.1,95.0,2,0,0.0,0,0.67,4.0,5.0,-1.0,-0.32,-0.32,0.0,2.0,9.0,0.0,12.0,4.0,2.0,0.0,0.0,0.0,0.0,0.0,0.0,0.0,0.0,0.0,0.0,0.0,0.0,0.0,0.0,0.0,0.0,0.0,0.0,0.0,0.3157894736842105,0.0,1.263157894736842,0.631578947368421,1.263157894736842,0.631578947368421,0.631578947368421,3.789473684210526,0.3157894736842105,DF
Steven Moreira,Cabo Verde,Cape Verde,DF,31,1994,Columbus Crew,4,3,301.0,3.3,0.0,0.0,0.0,0.0,0.0,0.0,0.0,0.0,0.0,0.0,0.0,0.0,0.0,2.0,0.0,0.0,0.6,0.0,0.0,0.0,75.0,77.2,100.0,3,1,1.0,0,0.75,4.0,5.0,-1.0,-0.3,-0.3,0.0,0.0,2.0,0.0,4.0,2.0,3.0,0.0,0.0,0.0,0.0,0.0,0.0,0.0,0.0,0.0,0.0,0.0,0.0,0.0,0.0,0.0,0.0,0.0,0.0,0.0,0.0,0.0,0.5980066445182725,0.0,0.5980066445182725,0.8970099667774086,0.0,1.196013289036545,0.0,DF
Stopira,Cabo Verde,Cape Verde,DF,38,1988,Unknown Club,0,0,0.0,0.0,0.0,0.0,0.0,0.0,0.0,0.0,0.0,0.0,0.0,0.0,0.0,0.0,0.0,0.0,0.0,0.0,0.0,0.0,0.0,0.0,0.0,0.0,0.0,0,0,0.0,4,0.0,0.0,0.0,0.0,0.0,0.0,0.0,0.0,0.0,0.0,0.0,0.0,0.0,0.0,0.0,0.0,0.0,0.0,0.0,0.0,0.0,0.0,0.0,0.0,0.0,0.0,0.0,0.0,0.0,0.0,0.0,0.0,0.0,0.0,0.0,0.0,0.0,0.0,0.0,0.0,0.0,DF
Telmo Arcanjo,Cabo Verde,Cape Verde,MF,24,2001,Vit. Guimarães,2,1,57.0,0.6,0.0,0.0,0.0,0.0,0.0,0.0,0.0,0.0,0.0,0.0,0.0,0.0,0.0,0.0,0.0,0.0,0.0,0.0,0.0,0.0,29.0,14.6,45.0,0,1,12.0,1,1.0,1.0,2.0,-1.0,-1.58,-1.58,0.0,0.0,1.0,0.0,1.0,0.0,0.0,0.0,0.0,0.0,0.0,0.0,0.0,0.0,0.0,0.0,0.0,0.0,0.0,0.0,0.0,0.0,0.0,0.0,0.0,0.0,0.0,0.0,0.0,0.0,0.0,0.0,0.0,1.5789473684210527,0.0,MF
Vozinha,Cabo Verde,Cape Verde,GK,40,1986,Unknown Club,4,4,390.0,4.3,0.0,0.0,0.0,0.0,0.0,0.0,0.0,0.0,0.0,0.0,0.0,0.0,0.0,0.0,0.0,0.0,0.0,0.0,0.0,0.0,98.0,100.0,98.0,4,0,0.0,0,0.75,4.0,5.0,-1.0,-0.23,0.0,0.0,0.0,3.0,0.0,0.0,0.0,0.0,0.0,4.0,4.0,390.0,5.0,1.15,23.0,18.0,78.3,0.0,3.0,1.0,2.0,50.0,0.0,0.0,0.0,0.0,0.0,0.0,0.0,0.0,0.0,0.0,0.0,0.0,0.0,0.0,GK
Wagner Pina,Cabo Verde,Cape Verde,DF,23,2002,Trabzonspor,1,1,89.0,1.0,0.0,0.0,0.0,0.0,0.0,0.0,1.0,0.0,0.0,0.0,0.0,0.0,0.0,1.0,0.0,0.0,1.01,0.0,0.0,0.0,89.0,22.8,89.0,0,0,0.0,3,1.0,0.0,0.0,0.0,0.0,0.3,0.0,1.0,3.0,0.0,2.0,1.0,0.0,0.0,0.0,0.0,0.0,0.0,0.0,0.0,0.0,0.0,0.0,0.0,0.0,0.0,0.0,0.0,0.0,0.0,0.0,0.0,0.0,0.0,1.0112359550561798,0.0,1.0112359550561798,0.0,1.0112359550561798,2.0224719101123596,0.0,DF
Willy Semedo,Cabo Verde,Cape Verde,FW,32,1994,Unknown Club,3,1,131.0,1.5,0.0,0.0,0.0,0.0,0.0,0.0,0.0,0.0,0.0,0.0,0.0,0.0,0.0,3.0,0.0,0.0,2.06,0.0,0.0,0.0,44.0,33.6,60.0,0,2,36.0,1,0.67,1.0,2.0,-1.0,-0.69,-0.69,0.0,4.0,2.0,0.0,2.0,3.0,0.0,0.0,0.0,0.0,0.0,0.0,0.0,0.0,0.0,0.0,0.0,0.0,0.0,0.0,0.0,0.0,0.0,0.0,0.0,0.0,0.0,0.0,2.0610687022900764,0.0,2.0610687022900764,0.0,2.748091603053435,1.3740458015267174,0.0,FW
Yannick,Cabo Verde,Cape Verde,MF,30,1995,Unknown Club,2,0,32.0,0.4,0.0,1.0,1.0,0.0,0.0,0.0,0.0,0.0,0.0,2.81,2.81,0.0,2.81,1.0,0.0,0.0,2.81,0.0,0.0,0.0,16.0,8.2,0.0,0,2,16.0,2,0.5,1.0,1.0,0.0,0.0,0.25,0.0,1.0,1.0,0.0,2.0,2.0,1.0,0.0,0.0,0.0,0.0,0.0,0.0,0.0,0.0,0.0,0.0,0.0,0.0,0.0,0.0,0.0,0.0,0.0,0.0,0.0,0.0,2.8125,2.8125,0.0,5.625,2.8125,2.8125,5.625,2.8125,MF
Alfie Jones,Canada,Canada,"DF,MF",28,1997,Unknown Club,0,0,0.0,0.0,0.0,0.0,0.0,0.0,0.0,0.0,0.0,0.0,0.0,0.0,0.0,0.0,0.0,0.0,0.0,0.0,0.0,0.0,0.0,0.0,0.0,0.0,0.0,0,0,0.0,3,0.0,0.0,0.0,0.0,0.0,0.0,0.0,0.0,0.0,0.0,0.0,0.0,0.0,0.0,0.0,0.0,0.0,0.0,0.0,0.0,0.0,0.0,0.0,0.0,0.0,0.0,0.0,0.0,0.0,0.0,0.0,0.0,0.0,0.0,0.0,0.0,0.0,0.0,0.0,0.0,0.0,DF
Ali Ahmed,Canada,Canada,MF,25,2000,Norwich City,4,3,234.0,2.6,0.0,0.0,0.0,0.0,0.0,0.0,0.0,0.0,0.0,0.0,0.0,0.0,0.0,2.0,1.0,50.0,0.77,0.38,0.0,0.0,59.0,52.0,68.0,0,1,30.0,1,1.0,5.0,3.0,2.0,0.77,0.35,0.0,1.0,5.0,0.0,13.0,3.0,2.0,0.0,0.0,0.0,0.0,0.0,0.0,0.0,0.0,0.0,0.0,0.0,0.0,0.0,0.0,0.0,0.0,0.0,0.0,0.0,0.0,0.0,0.7692307692307693,0.38461538461538464,1.1538461538461537,0.7692307692307693,0.38461538461538464,5.0,0.0,MF
Alistair Johnston,Canada,Canada,DF,27,1998,Celtic,5,5,450.0,5.0,0.0,0.0,0.0,0.0,0.0,0.0,1.0,0.0,0.0,0.0,0.0,0.0,0.0,5.0,2.0,40.0,1.0,0.4,0.0,0.0,90.0,100.0,90.0,5,0,0.0,0,1.4,9.0,6.0,3.0,0.6,0.0,0.0,5.0,4.0,0.0,19.0,6.0,2.0,0.0,0.0,0.0,0.0,0.0,0.0,0.0,0.0,0.0,0.0,0.0,0.0,0.0,0.0,0.0,0.0,0.0,0.0,0.0,0.0,0.0,1.0,0.4,1.2000000000000002,0.4,1.0,3.8000000000000003,0.0,DF
Alphonso Davies,Canada,Canada,"DF,FW",25,2000,Bayern Munich,1,0,16.0,0.2,0.0,0.0,0.0,0.0,0.0,0.0,0.0,0.0,0.0,0.0,0.0,0.0,0.0,0.0,0.0,0.0,0.0,0.0,0.0,0.0,16.0,3.6,0.0,0,1,16.0,4,3.0,1.0,0.0,1.0,5.63,5.21,0.0,0.0,0.0,0.0,0.0,0.0,0.0,0.0,0.0,0.0,0.0,0.0,0.0,0.0,0.0,0.0,0.0,0.0,0.0,0.0,0.0,0.0,0.0,0.0,0.0,0.0,0.0,0.0,0.0,0.0,0.0,0.0,0.0,0.0,0.0,DF
Cyle Larin,Canada,Canada,FW,31,1995,Mallorca,4,2,190.0,2.1,2.0,0.0,2.0,2.0,0.0,0.0,2.0,0.0,0.95,0.0,0.95,0.95,0.95,9.0,4.0,44.4,4.26,1.89,0.22,0.5,48.0,42.2,74.0,1,2,22.0,1,1.0,7.0,4.0,3.0,1.42,1.42,0.0,5.0,1.0,3.0,0.0,0.0,0.0,0.0,0.0,0.0,0.0,0.0,0.0,0.0,0.0,0.0,0.0,0.0,0.0,0.0,0.0,0.0,0.0,0.0,0.0,0.0,0.9473684210526315,0.0,4.2631578947368425,1.894736842105263,0.0,0.0,2.3684210526315788,0.0,0.9473684210526315,FW
Dayne St. Clair,Canada,Canada,GK,29,1997,Unknown Club,0,0,0.0,0.0,0.0,0.0,0.0,0.0,0.0,0.0,0.0,0.0,0.0,0.0,0.0,0.0,0.0,0.0,0.0,0.0,0.0,0.0,0.0,0.0,0.0,0.0,0.0,0,0,0.0,5,0.0,0.0,0.0,0.0,0.0,0.0,0.0,0.0,0.0,0.0,0.0,0.0,0.0,0.0,0.0,0.0,0.0,0.0,0.0,0.0,0.0,0.0,0.0,0.0,0.0,0.0,0.0,0.0,0.0,0.0,0.0,0.0,0.0,0.0,0.0,0.0,0.0,0.0,0.0,0.0,0.0,GK
Derek Cornelius,Canada,Canada,DF,28,1997,Marseille,4,4,315.0,3.5,0.0,0.0,0.0,0.0,0.0,0.0,1.0,0.0,0.0,0.0,0.0,0.0,0.0,5.0,1.0,20.0,1.43,0.29,0.0,0.0,79.0,70.0,79.0,3,0,0.0,1,1.75,6.0,3.0,3.0,0.86,0.86,0.0,4.0,3.0,0.0,1.0,2.0,3.0,0.0,0.0,0.0,0.0,0.0,0.0,0.0,0.0,0.0,0.0,0.0,0.0,0.0,0.0,0.0,0.0,0.0,0.0,0.0,0.0,0.0,1.4285714285714284,0.2857142857142857,0.5714285714285714,0.8571428571428572,1.1428571428571428,0.2857142857142857,0.0,DF
Ismaël Koné,Canada,Canada,MF,23,2002,Sassuolo,2,2,146.0,1.6,0.0,0.0,0.0,0.0,0.0,0.0,0.0,0.0,0.0,0.0,0.0,0.0,0.0,2.0,0.0,0.0,1.23,0.0,0.0,0.0,73.0,32.4,73.0,1,0,0.0,0,2.0,4.0,1.0,3.0,1.85,1.85,0.0,1.0,3.0,0.0,3.0,3.0,2.0,0.0,0.0,0.0,0.0,0.0,0.0,0.0,0.0,0.0,0.0,0.0,0.0,0.0,0.0,0.0,0.0,0.0,0.0,0.0,0.0,0.0,1.2328767123287672,0.0,1.8493150684931505,1.2328767123287672,0.6164383561643836,1.8493150684931505,0.0,MF
Jacob Shaffelburg,Canada,Canada,MF,26,1999,LAFC,5,0,92.0,1.0,0.0,0.0,0.0,0.0,0.0,0.0,0.0,0.0,0.0,0.0,0.0,0.0,0.0,3.0,0.0,0.0,2.93,0.0,0.0,0.0,18.0,20.4,0.0,0,5,18.0,0,1.4,4.0,2.0,2.0,1.96,1.71,0.0,2.0,1.0,0.0,18.0,2.0,1.0,0.0,0.0,0.0,0.0,0.0,0.0,0.0,0.0,0.0,0.0,0.0,0.0,0.0,0.0,0.0,0.0,0.0,0.0,0.0,0.0,0.0,2.934782608695652,0.0,1.9565217391304348,0.9782608695652174,1.9565217391304348,17.608695652173914,0.0,MF
Jayden Nelson,Canada,Canada,"FW,MF",23,2002,Austin FC,1,0,4.0,0.0,0.0,0.0,0.0,0.0,0.0,0.0,0.0,0.0,0.0,0.0,0.0,0.0,0.0,1.0,0.0,0.0,22.5,0.0,0.0,0.0,4.0,0.9,0.0,0,1,4.0,4,0.0,0.0,1.0,-1.0,-22.5,-23.31,0.0,0.0,0.0,0.0,2.0,0.0,0.0,0.0,0.0,0.0,0.0,0.0,0.0,0.0,0.0,0.0,0.0,0.0,0.0,0.0,0.0,0.0,0.0,0.0,0.0,0.0,0.0,0.0,22.5,0.0,0.0,0.0,0.0,45.0,0.0,MF
Joel Waterman,Canada,Canada,DF,30,1996,Unknown Club,0,0,0.0,0.0,0.0,0.0,0.0,0.0,0.0,0.0,0.0,0.0,0.0,0.0,0.0,0.0,0.0,0.0,0.0,0.0,0.0,0.0,0.0,0.0,0.0,0.0,0.0,0,0,0.0,5,0.0,0.0,0.0,0.0,0.0,0.0,0.0,0.0,0.0,0.0,0.0,0.0,0.0,0.0,0.0,0.0,0.0,0.0,0.0,0.0,0.0,0.0,0.0,0.0,0.0,0.0,0.0,0.0,0.0,0.0,0.0,0.0,0.0,0.0,0.0,0.0,0.0,0.0,0.0,0.0,0.0,DF
Jonathan David,Canada,Canada,FW,26,2000,Juventus,5,5,420.0,4.7,3.0,0.0,3.0,3.0,0.0,0.0,1.0,0.0,0.64,0.0,0.64,0.64,0.64,18.0,8.0,44.4,3.86,1.71,0.17,0.38,84.0,93.3,84.0,4,0,0.0,0,1.4,8.0,6.0,2.0,0.43,-2.57,0.0,5.0,5.0,0.0,3.0,3.0,1.0,0.0,0.0,0.0,0.0,0.0,0.0,0.0,0.0,0.0,0.0,0.0,0.0,0.0,0.0,0.0,0.0,0.0,0.0,0.0,0.6428571428571428,0.0,3.857142857142857,1.7142857142857144,0.6428571428571428,0.2142857142857143,1.0714285714285714,0.6428571428571428,0.6428571428571428,FW
Jonathan Osorio,Canada,Canada,MF,34,1992,Toronto FC,2,0,5.0,0.1,0.0,0.0,0.0,0.0,0.0,0.0,0.0,0.0,0.0,0.0,0.0,0.0,0.0,1.0,0.0,0.0,18.0,0.0,0.0,0.0,3.0,1.1,0.0,0,2,3.0,3,0.5,0.0,1.0,-1.0,-18.0,-18.81,0.0,0.0,1.0,0.0,0.0,1.0,0.0,0.0,0.0,0.0,0.0,0.0,0.0,0.0,0.0,0.0,0.0,0.0,0.0,0.0,0.0,0.0,0.0,0.0,0.0,0.0,0.0,0.0,18.0,0.0,18.0,0.0,0.0,0.0,0.0,MF
Liam Millar,Canada,Canada,MF,26,1999,Hull City,3,2,162.0,1.8,0.0,0.0,0.0,0.0,0.0,0.0,1.0,0.0,0.0,0.0,0.0,0.0,0.0,1.0,0.0,0.0,0.56,0.0,0.0,0.0,54.0,36.0,65.0,0,1,33.0,2,1.33,1.0,1.0,0.0,0.0,-0.94,0.0,3.0,1.0,0.0,10.0,0.0,4.0,0.0,0.0,0.0,0.0,0.0,0.0,0.0,0.0,0.0,0.0,0.0,0.0,0.0,0.0,0.0,0.0,0.0,0.0,0.0,0.0,0.0,0.5555555555555556,0.0,0.0,2.2222222222222223,1.6666666666666665,5.555555555555555,0.0,MF
Luc De Fougerolles,Canada,Canada,DF,20,2005,Fulham,5,4,372.0,4.1,0.0,0.0,0.0,0.0,0.0,0.0,2.0,0.0,0.0,0.0,0.0,0.0,0.0,3.0,1.0,33.3,0.73,0.24,0.0,0.0,74.0,82.7,85.0,3,1,32.0,0,1.4,7.0,6.0,1.0,0.24,-2.07,0.0,8.0,8.0,0.0,1.0,2.0,6.0,0.0,0.0,0.0,0.0,0.0,0.0,0.0,0.0,0.0,0.0,0.0,0.0,0.0,0.0,0.0,0.0,0.0,0.0,0.0,0.0,0.0,0.7258064516129032,0.24193548387096775,0.4838709677419355,1.4516129032258065,1.935483870967742,0.24193548387096775,0.0,DF
Mathieu Choinière,Canada,Canada,MF,27,1999,LAFC,1,1,57.0,0.6,0.0,0.0,0.0,0.0,0.0,0.0,0.0,0.0,0.0,0.0,0.0,0.0,0.0,0.0,0.0,0.0,0.0,0.0,0.0,0.0,57.0,12.7,57.0,0,0,0.0,4,0.0,0.0,2.0,-2.0,-3.16,-4.3,0.0,1.0,1.0,0.0,4.0,2.0,1.0,0.0,0.0,0.0,0.0,0.0,0.0,0.0,0.0,0.0,0.0,0.0,0.0,0.0,0.0,0.0,0.0,0.0,0.0,0.0,0.0,0.0,0.0,0.0,3.1578947368421053,1.5789473684210527,1.5789473684210527,6.315789473684211,0.0,MF
Maxime Crépeau,Canada,Canada,GK,32,1994,Orlando City,5,5,450.0,5.0,0.0,0.0,0.0,0.0,0.0,0.0,0.0,0.0,0.0,0.0,0.0,0.0,0.0,0.0,0.0,0.0,0.0,0.0,0.0,0.0,90.0,100.0,90.0,5,0,0.0,0,1.4,9.0,6.0,3.0,0.6,0.0,0.0,1.0,1.0,0.0,0.0,0.0,1.0,0.0,5.0,5.0,450.0,6.0,1.2,12.0,6.0,50.0,2.0,1.0,2.0,2.0,40.0,0.0,0.0,0.0,0.0,0.0,0.0,0.0,0.0,0.0,0.0,0.2,0.2,0.0,0.0,GK
Moïse Bombito,Canada,Canada,DF,26,2000,Nice,3,2,193.0,2.1,0.0,0.0,0.0,0.0,0.0,0.0,0.0,0.0,0.0,0.0,0.0,0.0,0.0,1.0,1.0,100.0,0.47,0.47,0.0,0.0,64.0,42.9,74.0,1,1,45.0,2,2.0,3.0,3.0,0.0,0.0,-1.05,0.0,2.0,0.0,0.0,0.0,1.0,0.0,0.0,0.0,0.0,0.0,0.0,0.0,0.0,0.0,0.0,0.0,0.0,0.0,0.0,0.0,0.0,0.0,0.0,0.0,0.0,0.0,0.0,0.46632124352331605,0.46632124352331605,0.46632124352331605,0.0,0.9326424870466321,0.0,0.0,DF
Nathan Saliba,Canada,Canada,MF,22,2004,Anderlecht,3,2,182.0,2.0,1.0,2.0,3.0,1.0,0.0,0.0,1.0,0.0,0.49,0.99,1.48,0.49,1.48,3.0,1.0,33.3,1.48,0.49,0.33,1.0,61.0,40.4,74.0,1,1,34.0,2,2.0,4.0,2.0,2.0,0.99,0.65,0.0,5.0,2.0,0.0,2.0,4.0,4.0,0.0,0.0,0.0,0.0,0.0,0.0,0.0,0.0,0.0,0.0,0.0,0.0,0.0,0.0,0.0,0.0,0.0,0.0,0.0,0.4945054945054945,0.989010989010989,1.4835164835164836,0.4945054945054945,1.978021978021978,1.978021978021978,2.4725274725274726,0.989010989010989,1.4835164835164836,MF
Niko Sigur,Canada,Canada,MF,22,2003,Hajduk Split,3,1,126.0,1.4,0.0,0.0,0.0,0.0,0.0,0.0,1.0,0.0,0.0,0.0,0.0,0.0,0.0,1.0,0.0,0.0,0.71,0.0,0.0,0.0,42.0,28.0,86.0,0,2,20.0,2,2.0,2.0,2.0,0.0,0.0,-0.83,0.0,5.0,1.0,0.0,5.0,0.0,1.0,0.0,0.0,0.0,0.0,0.0,0.0,0.0,0.0,0.0,0.0,0.0,0.0,0.0,0.0,0.0,0.0,0.0,0.0,0.0,0.0,0.0,0.7142857142857142,0.0,0.0,0.7142857142857142,3.571428571428571,3.571428571428571,0.0,MF
Owen Goodman,Canada,Canada,GK,22,2003,Unknown Club,0,0,0.0,0.0,0.0,0.0,0.0,0.0,0.0,0.0,0.0,0.0,0.0,0.0,0.0,0.0,0.0,0.0,0.0,0.0,0.0,0.0,0.0,0.0,0.0,0.0,0.0,0,0,0.0,5,0.0,0.0,0.0,0.0,0.0,0.0,0.0,0.0,0.0,0.0,0.0,0.0,0.0,0.0,0.0,0.0,0.0,0.0,0.0,0.0,0.0,0.0,0.0,0.0,0.0,0.0,0.0,0.0,0.0,0.0,0.0,0.0,0.0,0.0,0.0,0.0,0.0,0.0,0.0,0.0,0.0,GK
Promise David,Canada,Canada,FW,24,2001,Union SG,4,0,80.0,0.9,1.0,1.0,2.0,1.0,0.0,0.0,0.0,0.0,1.13,1.13,2.25,1.13,2.25,5.0,3.0,60.0,5.63,3.38,0.2,0.33,20.0,17.8,0.0,0,4,20.0,1,1.0,3.0,2.0,1.0,1.13,0.64,0.0,4.0,2.0,0.0,0.0,1.0,1.0,0.0,0.0,0.0,0.0,0.0,0.0,0.0,0.0,0.0,0.0,0.0,0.0,0.0,0.0,0.0,0.0,0.0,0.0,0.0,1.125,1.125,5.625,3.375,1.125,1.125,4.5,0.0,2.25,FW
Richie Laryea,Canada,Canada,DF,31,1995,Toronto FC,5,5,429.0,4.8,0.0,0.0,0.0,0.0,0.0,0.0,1.0,0.0,0.0,0.0,0.0,0.0,0.0,2.0,1.0,50.0,0.42,0.21,0.0,0.0,86.0,95.3,86.0,3,0,0.0,0,1.4,9.0,4.0,5.0,1.05,9.62,0.0,8.0,14.0,1.0,2.0,2.0,9.0,0.0,0.0,0.0,0.0,0.0,0.0,0.0,0.0,0.0,0.0,0.0,0.0,0.0,0.0,0.0,0.0,0.0,0.0,0.0,0.0,0.0,0.4195804195804196,0.2097902097902098,0.4195804195804196,1.8881118881118881,1.6783216783216783,0.4195804195804196,0.0,DF
Stephen Eustáquio,Canada,Canada,MF,29,1996,Porto,5,4,392.0,4.4,1.0,0.0,1.0,1.0,0.0,0.0,0.0,0.0,0.23,0.0,0.23,0.23,0.23,4.0,1.0,25.0,0.92,0.23,0.25,1.0,78.0,87.1,90.0,3,1,33.0,0,1.4,9.0,4.0,5.0,1.15,4.25,0.0,2.0,7.0,0.0,45.0,3.0,5.0,0.0,0.0,0.0,0.0,0.0,0.0,0.0,0.0,0.0,0.0,0.0,0.0,0.0,0.0,0.0,0.0,0.0,0.0,0.0,0.22959183673469385,0.0,0.9183673469387754,0.22959183673469385,0.6887755102040816,1.1479591836734695,0.4591836734693877,10.331632653061225,0.22959183673469385,MF
Tajon Buchanan,Canada,Canada,MF,27,1999,Villarreal,5,5,376.0,4.2,0.0,0.0,0.0,0.0,0.0,0.0,0.0,0.0,0.0,0.0,0.0,0.0,0.0,6.0,3.0,50.0,1.44,0.72,0.0,0.0,75.0,83.6,75.0,0,0,0.0,0,1.4,5.0,5.0,0.0,0.0,-3.65,0.0,5.0,8.0,2.0,16.0,1.0,5.0,0.0,0.0,0.0,0.0,0.0,0.0,0.0,0.0,0.0,0.0,0.0,0.0,0.0,0.0,0.0,0.0,0.0,0.0,0.0,0.0,0.0,1.4361702127659572,0.7180851063829786,0.23936170212765956,1.196808510638298,1.196808510638298,3.829787234042553,0.0,MF
Tani Oluwaseyi,Canada,Canada,FW,26,2000,Villarreal,5,3,259.0,2.9,0.0,0.0,0.0,0.0,0.0,0.0,0.0,0.0,0.0,0.0,0.0,0.0,0.0,8.0,4.0,50.0,2.78,1.39,0.0,0.0,52.0,57.6,69.0,0,2,27.0,0,1.4,3.0,2.0,1.0,0.35,-0.59,0.0,5.0,5.0,1.0,2.0,0.0,3.0,0.0,0.0,0.0,0.0,0.0,0.0,0.0,0.0,0.0,0.0,0.0,0.0,0.0,0.0,0.0,0.0,0.0,0.0,0.0,0.0,0.0,2.77992277992278,1.38996138996139,0.0,1.0424710424710424,1.7374517374517373,0.694980694980695,0.0,FW
Andrés Gómez,Colombia,Colombia,MF,23,2002,Vasco da Gama,1,0,1.0,0.0,0.0,0.0,0.0,0.0,0.0,0.0,0.0,0.0,0.0,0.0,0.0,0.0,0.0,0.0,0.0,0.0,0.0,0.0,0.0,0.0,1.0,0.2,0.0,0,1,1.0,4,3.0,1.0,0.0,1.0,90.0,89.44,0.0,0.0,0.0,0.0,0.0,1.0,0.0,0.0,0.0,0.0,0.0,0.0,0.0,0.0,0.0,0.0,0.0,0.0,0.0,0.0,0.0,0.0,0.0,0.0,0.0,0.0,0.0,0.0,0.0,0.0,90.0,0.0,0.0,0.0,0.0,MF
Camilo Vargas,Colombia,Colombia,GK,37,1989,Atlas,5,5,480.0,5.3,0.0,0.0,0.0,0.0,0.0,0.0,0.0,0.0,0.0,0.0,0.0,0.0,0.0,0.0,0.0,0.0,0.0,0.0,0.0,0.0,96.0,100.0,96.0,5,0,0.0,0,2.2,5.0,1.0,4.0,0.75,0.0,0.0,0.0,0.0,0.0,0.0,0.0,0.0,0.0,5.0,5.0,480.0,1.0,0.19,7.0,6.0,85.7,3.0,2.0,0.0,4.0,80.0,0.0,0.0,0.0,0.0,0.0,0.0,0.0,0.0,0.0,0.0,0.0,0.0,0.0,0.0,GK
Cucho,Colombia,Colombia,"FW,MF",27,1999,Real Betis,2,0,50.0,0.6,0.0,1.0,1.0,0.0,0.0,0.0,0.0,0.0,0.0,1.8,1.8,0.0,1.8,1.0,0.0,0.0,1.8,0.0,0.0,0.0,25.0,10.4,0.0,0,2,25.0,3,2.0,1.0,0.0,1.0,1.8,1.17,0.0,0.0,1.0,0.0,1.0,0.0,0.0,0.0,0.0,0.0,0.0,0.0,0.0,0.0,0.0,0.0,0.0,0.0,0.0,0.0,0.0,0.0,0.0,0.0,0.0,0.0,0.0,1.8,1.8,0.0,0.0,0.0,0.0,1.8,1.8,MF
Daniel Muñoz,Colombia,Colombia,DF,30,1996,Crystal Palace,5,4,394.0,4.4,2.0,0.0,2.0,2.0,0.0,0.0,0.0,0.0,0.46,0.0,0.46,0.46,0.46,3.0,2.0,66.7,0.69,0.46,0.67,1.0,79.0,82.1,98.0,4,1,4.0,0,2.2,5.0,1.0,4.0,0.91,0.91,0.0,9.0,1.0,3.0,8.0,7.0,3.0,0.0,0.0,0.0,0.0,0.0,0.0,0.0,0.0,0.0,0.0,0.0,0.0,0.0,0.0,0.0,0.0,0.0,0.0,0.0,0.45685279187817257,0.0,0.6852791878172589,0.45685279187817257,1.598984771573604,0.6852791878172589,2.0558375634517767,1.8274111675126903,0.45685279187817257,DF
David Ospina,Colombia,Colombia,GK,37,1988,Unknown Club,0,0,0.0,0.0,0.0,0.0,0.0,0.0,0.0,0.0,0.0,0.0,0.0,0.0,0.0,0.0,0.0,0.0,0.0,0.0,0.0,0.0,0.0,0.0,0.0,0.0,0.0,0,0,0.0,5,0.0,0.0,0.0,0.0,0.0,0.0,0.0,0.0,0.0,0.0,0.0,0.0,0.0,0.0,0.0,0.0,0.0,0.0,0.0,0.0,0.0,0.0,0.0,0.0,0.0,0.0,0.0,0.0,0.0,0.0,0.0,0.0,0.0,0.0,0.0,0.0,0.0,0.0,0.0,0.0,0.0,GK
Davinson Sánchez,Colombia,Colombia,DF,30,1996,Galatasaray,5,5,480.0,5.3,0.0,0.0,0.0,0.0,0.0,0.0,1.0,0.0,0.0,0.0,0.0,0.0,0.0,6.0,2.0,33.3,1.13,0.37,0.0,0.0,96.0,100.0,96.0,5,0,0.0,0,2.2,5.0,1.0,4.0,0.75,0.0,0.0,6.0,5.0,1.0,0.0,6.0,2.0,0.0,0.0,0.0,0.0,0.0,0.0,0.0,0.0,0.0,0.0,0.0,0.0,0.0,0.0,0.0,0.0,0.0,0.0,0.0,0.0,0.0,1.125,0.375,1.125,0.375,1.125,0.0,0.0,DF
Deiver Machado,Colombia,Colombia,DF,32,1993,Nantes,1,1,90.0,1.0,0.0,0.0,0.0,0.0,0.0,0.0,0.0,0.0,0.0,0.0,0.0,0.0,0.0,0.0,0.0,0.0,0.0,0.0,0.0,0.0,90.0,18.8,90.0,1,0,0.0,4,1.0,0.0,0.0,0.0,0.0,-0.92,0.0,1.0,2.0,0.0,1.0,2.0,0.0,0.0,0.0,0.0,0.0,0.0,0.0,0.0,0.0,0.0,0.0,0.0,0.0,0.0,0.0,0.0,0.0,0.0,0.0,0.0,0.0,0.0,0.0,0.0,2.0,0.0,1.0,1.0,0.0,DF
Gustavo Puerta,Colombia,Colombia,MF,22,2003,Racing Sant,5,5,469.0,5.2,0.0,1.0,1.0,0.0,0.0,0.0,1.0,0.0,0.0,0.19,0.19,0.0,0.19,14.0,5.0,35.7,2.69,0.96,0.0,0.0,94.0,97.7,94.0,4,0,0.0,0,2.2,4.0,1.0,3.0,0.58,-7.61,0.0,9.0,8.0,0.0,2.0,3.0,3.0,0.0,0.0,0.0,0.0,0.0,0.0,0.0,0.0,0.0,0.0,0.0,0.0,0.0,0.0,0.0,0.0,0.0,0.0,0.0,0.0,0.19189765458422176,2.6865671641791042,0.9594882729211087,0.5756929637526652,0.5756929637526652,1.727078891257996,0.3837953091684435,0.19189765458422176,MF
James Rodríguez,Colombia,Colombia,"FW,MF",34,1991,Minnesota Utd,5,5,313.0,3.5,0.0,0.0,0.0,0.0,0.0,0.0,0.0,0.0,0.0,0.0,0.0,0.0,0.0,6.0,3.0,50.0,1.73,0.86,0.0,0.0,63.0,65.2,63.0,0,0,0.0,0,2.2,3.0,1.0,2.0,0.58,-0.5,0.0,0.0,5.0,0.0,18.0,1.0,1.0,0.0,0.0,0.0,0.0,0.0,0.0,0.0,0.0,0.0,0.0,0.0,0.0,0.0,0.0,0.0,0.0,0.0,0.0,0.0,0.0,0.0,1.7252396166134185,0.8626198083067093,0.2875399361022364,0.2875399361022364,0.0,5.175718849840256,0.0,MF
Jaminton Campaz,Colombia,Colombia,"FW,MF",26,2000,Rosario Central,3,0,75.0,0.8,1.0,0.0,1.0,1.0,0.0,0.0,0.0,0.0,1.2,0.0,1.2,1.2,1.2,6.0,3.0,50.0,7.2,3.6,0.17,0.33,25.0,15.6,0.0,0,3,25.0,2,2.33,1.0,0.0,1.0,1.2,0.53,0.0,2.0,3.0,2.0,2.0,0.0,1.0,0.0,0.0,0.0,0.0,0.0,0.0,0.0,0.0,0.0,0.0,0.0,0.0,0.0,0.0,0.0,0.0,0.0,0.0,0.0,1.2000000000000002,0.0,7.2,3.6,0.0,1.2000000000000002,2.4000000000000004,2.4000000000000004,1.2000000000000002,MF
Jefferson Lerma,Colombia,Colombia,MF,31,1994,Crystal Palace,5,5,410.0,4.6,0.0,0.0,0.0,0.0,0.0,0.0,1.0,0.0,0.0,0.0,0.0,0.0,0.0,5.0,1.0,20.0,1.1,0.22,0.0,0.0,82.0,85.4,82.0,3,0,0.0,0,2.2,5.0,1.0,4.0,0.88,0.88,0.0,6.0,5.0,0.0,1.0,5.0,1.0,0.0,0.0,0.0,0.0,0.0,0.0,0.0,0.0,0.0,0.0,0.0,0.0,0.0,0.0,0.0,0.0,0.0,0.0,0.0,0.0,0.0,1.0975609756097562,0.21951219512195122,1.0975609756097562,0.21951219512195122,1.3170731707317074,0.21951219512195122,0.0,MF
Jhon Arias,Colombia,Colombia,MF,28,1997,Palmeiras,5,5,377.0,4.2,1.0,0.0,1.0,1.0,0.0,0.0,1.0,0.0,0.24,0.0,0.24,0.24,0.24,9.0,4.0,44.4,2.15,0.95,0.11,0.25,75.0,78.5,75.0,0,0,0.0,0,2.2,4.0,1.0,3.0,0.72,-0.16,0.0,5.0,2.0,0.0,5.0,2.0,9.0,0.0,0.0,0.0,0.0,0.0,0.0,0.0,0.0,0.0,0.0,0.0,0.0,0.0,0.0,0.0,0.0,0.0,0.0,0.0,0.23872679045092837,0.0,2.1485411140583555,0.9549071618037135,0.47745358090185674,2.1485411140583555,1.193633952254642,1.193633952254642,0.23872679045092837,MF
Jhon Córdoba,Colombia,Colombia,FW,33,1993,Krasnodar,3,2,99.0,1.1,0.0,0.0,0.0,0.0,0.0,0.0,0.0,0.0,0.0,0.0,0.0,0.0,0.0,2.0,1.0,50.0,1.82,0.91,0.0,0.0,33.0,20.6,33.0,0,1,33.0,2,2.33,1.0,0.0,1.0,0.91,0.2,0.0,1.0,2.0,2.0,0.0,0.0,0.0,0.0,0.0,0.0,0.0,0.0,0.0,0.0,0.0,0.0,0.0,0.0,0.0,0.0,0.0,0.0,0.0,0.0,0.0,0.0,0.0,0.0,1.8181818181818183,0.9090909090909092,0.0,0.0,0.9090909090909092,0.0,0.0,FW
Jhon Lucumí,Colombia,Colombia,DF,27,1998,Bologna,5,5,478.0,5.3,0.0,0.0,0.0,0.0,0.0,0.0,1.0,0.0,0.0,0.0,0.0,0.0,0.0,2.0,0.0,0.0,0.38,0.0,0.0,0.0,96.0,99.6,96.0,4,0,0.0,0,2.2,5.0,1.0,4.0,0.75,0.75,0.0,5.0,0.0,0.0,0.0,5.0,2.0,0.0,0.0,0.0,0.0,0.0,0.0,0.0,0.0,0.0,0.0,0.0,0.0,0.0,0.0,0.0,0.0,0.0,0.0,0.0,0.0,0.0,0.37656903765690375,0.0,0.9414225941422594,0.37656903765690375,0.9414225941422594,0.0,0.0,DF
Johan Mojica,Colombia,Colombia,DF,33,1992,Mallorca,4,4,390.0,4.3,0.0,0.0,0.0,0.0,0.0,0.0,1.0,0.0,0.0,0.0,0.0,0.0,0.0,3.0,2.0,66.7,0.69,0.46,0.0,0.0,98.0,81.3,98.0,4,0,0.0,1,2.5,5.0,1.0,4.0,0.92,0.92,0.0,1.0,7.0,1.0,11.0,3.0,3.0,0.0,0.0,0.0,0.0,0.0,0.0,0.0,0.0,0.0,0.0,0.0,0.0,0.0,0.0,0.0,0.0,0.0,0.0,0.0,0.0,0.0,0.6923076923076923,0.46153846153846156,0.6923076923076923,0.6923076923076923,0.23076923076923078,2.5384615384615383,0.0,DF
Jorge Carrascal,Colombia,Colombia,"FW,MF",28,1998,Unknown Club,0,0,0.0,0.0,0.0,0.0,0.0,0.0,0.0,0.0,0.0,0.0,0.0,0.0,0.0,0.0,0.0,0.0,0.0,0.0,0.0,0.0,0.0,0.0,0.0,0.0,0.0,0,0,0.0,5,0.0,0.0,0.0,0.0,0.0,0.0,0.0,0.0,0.0,0.0,0.0,0.0,0.0,0.0,0.0,0.0,0.0,0.0,0.0,0.0,0.0,0.0,0.0,0.0,0.0,0.0,0.0,0.0,0.0,0.0,0.0,0.0,0.0,0.0,0.0,0.0,0.0,0.0,0.0,0.0,0.0,MF
Juan Camilo Portilla,Colombia,Colombia,MF,27,1998,Unknown Club,0,0,0.0,0.0,0.0,0.0,0.0,0.0,0.0,0.0,0.0,0.0,0.0,0.0,0.0,0.0,0.0,0.0,0.0,0.0,0.0,0.0,0.0,0.0,0.0,0.0,0.0,0,0,0.0,5,0.0,0.0,0.0,0.0,0.0,0.0,0.0,0.0,0.0,0.0,0.0,0.0,0.0,0.0,0.0,0.0,0.0,0.0,0.0,0.0,0.0,0.0,0.0,0.0,0.0,0.0,0.0,0.0,0.0,0.0,0.0,0.0,0.0,0.0,0.0,0.0,0.0,0.0,0.0,0.0,0.0,MF
Juan Quintero,Colombia,Colombia,"FW,MF",33,1993,River Plate,4,0,121.0,1.3,0.0,1.0,1.0,0.0,0.0,0.0,0.0,0.0,0.0,0.74,0.74,0.0,0.74,4.0,0.0,0.0,2.98,0.0,0.0,0.0,30.0,25.2,0.0,0,4,30.0,1,2.0,1.0,0.0,1.0,0.74,-0.01,0.0,0.0,1.0,0.0,12.0,0.0,0.0,0.0,0.0,0.0,0.0,0.0,0.0,0.0,0.0,0.0,0.0,0.0,0.0,0.0,0.0,0.0,0.0,0.0,0.0,0.0,0.0,0.743801652892562,2.975206611570248,0.0,0.0,0.0,0.0,8.925619834710744,0.743801652892562,MF
Kevin Castaño,Colombia,Colombia,MF,25,2000,River Plate,2,0,16.0,0.2,0.0,0.0,0.0,0.0,0.0,0.0,0.0,0.0,0.0,0.0,0.0,0.0,0.0,0.0,0.0,0.0,0.0,0.0,0.0,0.0,8.0,3.3,0.0,0,2,8.0,3,2.0,1.0,0.0,1.0,5.63,5.04,0.0,0.0,0.0,0.0,0.0,0.0,0.0,0.0,0.0,0.0,0.0,0.0,0.0,0.0,0.0,0.0,0.0,0.0,0.0,0.0,0.0,0.0,0.0,0.0,0.0,0.0,0.0,0.0,0.0,0.0,0.0,0.0,0.0,0.0,0.0,MF
Luis Díaz,Colombia,Colombia,"FW,MF",29,1997,Bayern Munich,5,5,478.0,5.3,1.0,1.0,2.0,1.0,0.0,0.0,0.0,0.0,0.19,0.19,0.38,0.19,0.38,19.0,6.0,31.6,3.58,1.13,0.05,0.17,96.0,99.6,96.0,3,0,0.0,0,2.2,4.0,1.0,3.0,0.56,-44.44,0.0,7.0,9.0,9.0,4.0,1.0,0.0,0.0,0.0,0.0,0.0,0.0,0.0,0.0,0.0,0.0,0.0,0.0,0.0,0.0,0.0,0.0,0.0,0.0,0.0,0.0,0.18828451882845187,0.18828451882845187,3.577405857740586,1.1297071129707112,0.18828451882845187,0.0,1.3179916317991631,0.7531380753138075,0.37656903765690375,MF
Luis Suárez,Colombia,Colombia,FW,28,1997,Sporting CP,5,3,331.0,3.7,0.0,1.0,1.0,0.0,0.0,0.0,1.0,0.0,0.0,0.27,0.27,0.0,0.27,9.0,0.0,0.0,2.45,0.0,0.0,0.0,66.0,69.0,72.0,0,2,57.0,0,2.2,3.0,1.0,2.0,0.54,-0.66,0.0,7.0,8.0,1.0,2.0,0.0,4.0,0.0,0.0,0.0,0.0,0.0,0.0,0.0,0.0,0.0,0.0,0.0,0.0,0.0,0.0,0.0,0.0,0.0,0.0,0.0,0.0,0.2719033232628399,2.4471299093655587,0.0,0.0,1.0876132930513596,1.9033232628398793,0.5438066465256798,0.2719033232628399,FW
Richard Ríos,Colombia,Colombia,MF,26,2000,Benfica,5,0,140.0,1.6,0.0,0.0,0.0,0.0,0.0,0.0,1.0,0.0,0.0,0.0,0.0,0.0,0.0,5.0,1.0,20.0,3.21,0.64,0.0,0.0,28.0,29.2,0.0,0,5,28.0,0,2.2,1.0,0.0,1.0,0.64,-0.15,0.0,10.0,4.0,0.0,1.0,1.0,2.0,0.0,0.0,0.0,0.0,0.0,0.0,0.0,0.0,0.0,0.0,0.0,0.0,0.0,0.0,0.0,0.0,0.0,0.0,0.0,0.0,0.0,3.214285714285714,0.6428571428571428,0.6428571428571428,1.2857142857142856,6.428571428571428,0.6428571428571428,0.0,MF
Santiago Arias,Colombia,Colombia,DF,34,1992,Independiente,1,1,86.0,1.0,0.0,0.0,0.0,0.0,0.0,0.0,0.0,0.0,0.0,0.0,0.0,0.0,0.0,0.0,0.0,0.0,0.0,0.0,0.0,0.0,86.0,17.9,86.0,0,0,0.0,4,1.0,0.0,0.0,0.0,0.0,-0.91,0.0,1.0,0.0,0.0,2.0,1.0,2.0,0.0,0.0,0.0,0.0,0.0,0.0,0.0,0.0,0.0,0.0,0.0,0.0,0.0,0.0,0.0,0.0,0.0,0.0,0.0,0.0,0.0,0.0,0.0,1.0465116279069768,2.0930232558139537,1.0465116279069768,2.0930232558139537,0.0,DF
Willer Ditta,Colombia,Colombia,DF,28,1998,Unknown Club,0,0,0.0,0.0,0.0,0.0,0.0,0.0,0.0,0.0,0.0,0.0,0.0,0.0,0.0,0.0,0.0,0.0,0.0,0.0,0.0,0.0,0.0,0.0,0.0,0.0,0.0,0,0,0.0,5,0.0,0.0,0.0,0.0,0.0,0.0,0.0,0.0,0.0,0.0,0.0,0.0,0.0,0.0,0.0,0.0,0.0,0.0,0.0,0.0,0.0,0.0,0.0,0.0,0.0,0.0,0.0,0.0,0.0,0.0,0.0,0.0,0.0,0.0,0.0,0.0,0.0,0.0,0.0,0.0,0.0,DF
Yerry Mina,Colombia,Colombia,DF,31,1994,Cagliari,1,0,2.0,0.0,0.0,0.0,0.0,0.0,0.0,0.0,0.0,0.0,0.0,0.0,0.0,0.0,0.0,0.0,0.0,0.0,0.0,0.0,0.0,0.0,2.0,0.4,0.0,0,1,2.0,4,1.0,0.0,0.0,0.0,0.0,-0.75,0.0,0.0,1.0,0.0,0.0,0.0,0.0,0.0,0.0,0.0,0.0,0.0,0.0,0.0,0.0,0.0,0.0,0.0,0.0,0.0,0.0,0.0,0.0,0.0,0.0,0.0,0.0,0.0,0.0,0.0,0.0,0.0,0.0,0.0,0.0,DF
Álvaro David Montero,Colombia,Colombia,GK,31,1995,Unknown Club,0,0,0.0,0.0,0.0,0.0,0.0,0.0,0.0,0.0,0.0,0.0,0.0,0.0,0.0,0.0,0.0,0.0,0.0,0.0,0.0,0.0,0.0,0.0,0.0,0.0,0.0,0,0,0.0,5,0.0,0.0,0.0,0.0,0.0,0.0,0.0,0.0,0.0,0.0,0.0,0.0,0.0,0.0,0.0,0.0,0.0,0.0,0.0,0.0,0.0,0.0,0.0,0.0,0.0,0.0,0.0,0.0,0.0,0.0,0.0,0.0,0.0,0.0,0.0,0.0,0.0,0.0,0.0,0.0,0.0,GK
Aaron Tshibola,Congo DR,Congo DR,MF,31,1995,Unknown Club,0,0,0.0,0.0,0.0,0.0,0.0,0.0,0.0,0.0,0.0,0.0,0.0,0.0,0.0,0.0,0.0,0.0,0.0,0.0,0.0,0.0,0.0,0.0,0.0,0.0,0.0,0,0,0.0,4,0.0,0.0,0.0,0.0,0.0,0.0,0.0,0.0,0.0,0.0,0.0,0.0,0.0,0.0,0.0,0.0,0.0,0.0,0.0,0.0,0.0,0.0,0.0,0.0,0.0,0.0,0.0,0.0,0.0,0.0,0.0,0.0,0.0,0.0,0.0,0.0,0.0,0.0,0.0,0.0,0.0,MF
Aaron Wan-Bissaka,Congo DR,Congo DR,DF,28,1997,West Ham,4,4,354.0,3.9,0.0,0.0,0.0,0.0,0.0,0.0,0.0,0.0,0.0,0.0,0.0,0.0,0.0,0.0,0.0,0.0,0.0,0.0,0.0,0.0,89.0,98.3,89.0,3,0,0.0,0,1.0,5.0,5.0,0.0,0.0,0.0,0.0,1.0,1.0,1.0,6.0,7.0,4.0,0.0,0.0,0.0,0.0,0.0,0.0,0.0,0.0,0.0,0.0,0.0,0.0,0.0,0.0,0.0,0.0,0.0,0.0,0.0,0.0,0.0,0.0,0.0,1.7796610169491527,1.0169491525423728,0.2542372881355932,1.5254237288135593,0.0,DF
Arthur Masuaku,Congo DR,Congo DR,DF,32,1993,Lens,4,4,315.0,3.5,0.0,1.0,1.0,0.0,0.0,0.0,0.0,0.0,0.0,0.29,0.29,0.0,0.29,0.0,0.0,0.0,0.0,0.0,0.0,0.0,79.0,87.5,79.0,0,0,0.0,0,1.0,4.0,4.0,0.0,0.0,0.0,0.0,0.0,4.0,0.0,12.0,0.0,5.0,0.0,0.0,0.0,0.0,0.0,0.0,0.0,0.0,0.0,0.0,0.0,0.0,0.0,0.0,0.0,0.0,0.0,0.0,0.0,0.0,0.2857142857142857,0.0,0.0,0.0,1.4285714285714284,0.0,3.428571428571429,0.2857142857142857,DF
Axel Tuanzebe,Congo DR,Congo DR,DF,28,1997,Burnley,4,4,360.0,4.0,0.0,0.0,0.0,0.0,0.0,0.0,0.0,0.0,0.0,0.0,0.0,0.0,0.0,0.0,0.0,0.0,0.0,0.0,0.0,0.0,90.0,100.0,90.0,4,0,0.0,0,1.0,5.0,5.0,0.0,0.0,0.0,0.0,3.0,3.0,0.0,0.0,1.0,2.0,0.0,0.0,0.0,0.0,0.0,0.0,0.0,0.0,0.0,0.0,0.0,0.0,0.0,0.0,0.0,0.0,0.0,0.0,0.0,0.0,0.0,0.0,0.0,0.25,0.5,0.75,0.0,0.0,DF
Brian Cipenga,Congo DR,Congo DR,"MF,FW",28,1998,Castellón,2,2,146.0,1.6,1.0,0.0,1.0,1.0,0.0,0.0,0.0,0.0,0.62,0.0,0.62,0.62,0.62,6.0,1.0,16.7,3.7,0.62,0.17,1.0,73.0,40.6,73.0,0,0,0.0,2,1.5,2.0,2.0,0.0,0.0,0.0,0.0,2.0,1.0,1.0,9.0,0.0,2.0,0.0,0.0,0.0,0.0,0.0,0.0,0.0,0.0,0.0,0.0,0.0,0.0,0.0,0.0,0.0,0.0,0.0,0.0,0.0,0.6164383561643836,0.0,3.698630136986301,0.6164383561643836,0.0,1.2328767123287672,1.2328767123287672,5.547945205479452,0.6164383561643836,MF
Chancel Mbemba,Congo DR,Congo DR,DF,31,1994,Lille,4,4,360.0,4.0,0.0,1.0,1.0,0.0,0.0,0.0,1.0,0.0,0.0,0.25,0.25,0.0,0.25,1.0,0.0,0.0,0.25,0.0,0.0,0.0,90.0,100.0,90.0,4,0,0.0,0,1.0,5.0,5.0,0.0,0.0,0.0,0.0,1.0,3.0,0.0,4.0,1.0,3.0,0.0,0.0,0.0,0.0,0.0,0.0,0.0,0.0,0.0,0.0,0.0,0.0,0.0,0.0,0.0,0.0,0.0,0.0,0.0,0.0,0.25,0.25,0.0,0.25,0.75,0.25,1.0,0.25,DF
Charles Pickel,Congo DR,Congo DR,"DF,MF",29,1997,Espanyol,2,0,35.0,0.4,0.0,0.0,0.0,0.0,0.0,0.0,1.0,0.0,0.0,0.0,0.0,0.0,0.0,1.0,0.0,0.0,2.57,0.0,0.0,0.0,18.0,9.7,0.0,0,2,18.0,2,0.5,0.0,1.0,-1.0,-2.57,-2.85,0.0,2.0,1.0,0.0,0.0,0.0,0.0,0.0,0.0,0.0,0.0,0.0,0.0,0.0,0.0,0.0,0.0,0.0,0.0,0.0,0.0,0.0,0.0,0.0,0.0,0.0,0.0,0.0,2.571428571428571,0.0,0.0,0.0,5.142857142857142,0.0,0.0,DF
Cédric Bakambu,Congo DR,Congo DR,FW,35,1991,Real Betis,3,3,190.0,2.1,0.0,0.0,0.0,0.0,0.0,0.0,0.0,0.0,0.0,0.0,0.0,0.0,0.0,3.0,0.0,0.0,1.42,0.0,0.0,0.0,63.0,52.8,63.0,0,0,0.0,1,1.33,1.0,2.0,-1.0,-0.47,-1.0,0.0,2.0,1.0,4.0,1.0,0.0,0.0,0.0,0.0,0.0,0.0,0.0,0.0,0.0,0.0,0.0,0.0,0.0,0.0,0.0,0.0,0.0,0.0,0.0,0.0,0.0,0.0,0.0,1.4210526315789473,0.0,0.0,0.0,0.9473684210526315,0.47368421052631576,0.0,FW
Dylan Batubinsika,Congo DR,Congo DR,DF,30,1996,Unknown Club,0,0,0.0,0.0,0.0,0.0,0.0,0.0,0.0,0.0,0.0,0.0,0.0,0.0,0.0,0.0,0.0,0.0,0.0,0.0,0.0,0.0,0.0,0.0,0.0,0.0,0.0,0,0,0.0,4,0.0,0.0,0.0,0.0,0.0,0.0,0.0,0.0,0.0,0.0,0.0,0.0,0.0,0.0,0.0,0.0,0.0,0.0,0.0,0.0,0.0,0.0,0.0,0.0,0.0,0.0,0.0,0.0,0.0,0.0,0.0,0.0,0.0,0.0,0.0,0.0,0.0,0.0,0.0,0.0,0.0,DF
Edo Kayembe,Congo DR,Congo DR,MF,28,1998,Watford,3,2,160.0,1.8,0.0,0.0,0.0,0.0,0.0,0.0,0.0,0.0,0.0,0.0,0.0,0.0,0.0,2.0,1.0,50.0,1.13,0.56,0.0,0.0,53.0,44.4,73.0,0,1,15.0,1,0.33,1.0,2.0,-1.0,-0.56,-1.01,0.0,5.0,3.0,0.0,2.0,0.0,1.0,0.0,0.0,0.0,0.0,0.0,0.0,0.0,0.0,0.0,0.0,0.0,0.0,0.0,0.0,0.0,0.0,0.0,0.0,0.0,0.0,0.0,1.125,0.5625,0.0,0.5625,2.8125,1.125,0.0,MF
Fiston Mayele,Congo DR,Congo DR,FW,31,1994,Unknown Club,2,0,42.0,0.5,1.0,0.0,1.0,1.0,0.0,0.0,0.0,0.0,2.14,0.0,2.14,2.14,2.14,5.0,1.0,20.0,10.71,2.14,0.2,1.0,21.0,11.7,0.0,0,2,21.0,2,1.5,3.0,0.0,3.0,6.43,7.28,0.0,1.0,1.0,1.0,0.0,0.0,0.0,0.0,0.0,0.0,0.0,0.0,0.0,0.0,0.0,0.0,0.0,0.0,0.0,0.0,0.0,0.0,0.0,0.0,0.0,0.0,2.142857142857143,0.0,10.714285714285714,2.142857142857143,0.0,0.0,2.142857142857143,0.0,2.142857142857143,FW
Gaël Kakuta,Congo DR,Congo DR,"FW,MF",34,1991,Unknown Club,0,0,0.0,0.0,0.0,0.0,0.0,0.0,0.0,0.0,0.0,0.0,0.0,0.0,0.0,0.0,0.0,0.0,0.0,0.0,0.0,0.0,0.0,0.0,0.0,0.0,0.0,0,0,0.0,4,0.0,0.0,0.0,0.0,0.0,0.0,0.0,0.0,0.0,0.0,0.0,0.0,0.0,0.0,0.0,0.0,0.0,0.0,0.0,0.0,0.0,0.0,0.0,0.0,0.0,0.0,0.0,0.0,0.0,0.0,0.0,0.0,0.0,0.0,0.0,0.0,0.0,0.0,0.0,0.0,0.0,MF
Gédéon Kalulu,Congo DR,Congo DR,DF,28,1997,Unknown Club,1,0,6.0,0.1,0.0,0.0,0.0,0.0,0.0,0.0,0.0,0.0,0.0,0.0,0.0,0.0,0.0,0.0,0.0,0.0,0.0,0.0,0.0,0.0,6.0,1.7,0.0,0,1,6.0,3,1.0,0.0,0.0,0.0,0.0,0.0,0.0,0.0,0.0,0.0,0.0,0.0,0.0,0.0,0.0,0.0,0.0,0.0,0.0,0.0,0.0,0.0,0.0,0.0,0.0,0.0,0.0,0.0,0.0,0.0,0.0,0.0,0.0,0.0,0.0,0.0,0.0,0.0,0.0,0.0,0.0,DF
Joris Kayembe,Congo DR,Congo DR,"DF,FW",31,1994,Genk,4,0,45.0,0.5,0.0,0.0,0.0,0.0,0.0,0.0,0.0,0.0,0.0,0.0,0.0,0.0,0.0,1.0,0.0,0.0,2.0,0.0,0.0,0.0,11.0,12.5,0.0,0,4,11.0,0,1.0,1.0,1.0,0.0,0.0,0.0,0.0,0.0,1.0,0.0,3.0,4.0,4.0,0.0,0.0,0.0,0.0,0.0,0.0,0.0,0.0,0.0,0.0,0.0,0.0,0.0,0.0,0.0,0.0,0.0,0.0,0.0,0.0,0.0,2.0,0.0,8.0,8.0,0.0,6.0,0.0,DF
Lionel Mpasi,Congo DR,Congo DR,GK,31,1994,Le Havre,4,4,360.0,4.0,0.0,0.0,0.0,0.0,0.0,0.0,0.0,0.0,0.0,0.0,0.0,0.0,0.0,0.0,0.0,0.0,0.0,0.0,0.0,0.0,90.0,100.0,90.0,4,0,0.0,0,1.0,5.0,5.0,0.0,0.0,0.0,0.0,0.0,0.0,0.0,0.0,0.0,0.0,0.0,4.0,4.0,360.0,5.0,1.25,19.0,14.0,73.7,1.0,1.0,2.0,0.0,0.0,0.0,0.0,0.0,0.0,0.0,0.0,0.0,0.0,0.0,0.0,0.0,0.0,0.0,0.0,GK
Matthieu Epolo,Congo DR,Congo DR,GK,21,2005,Unknown Club,0,0,0.0,0.0,0.0,0.0,0.0,0.0,0.0,0.0,0.0,0.0,0.0,0.0,0.0,0.0,0.0,0.0,0.0,0.0,0.0,0.0,0.0,0.0,0.0,0.0,0.0,0,0,0.0,4,0.0,0.0,0.0,0.0,0.0,0.0,0.0,0.0,0.0,0.0,0.0,0.0,0.0,0.0,0.0,0.0,0.0,0.0,0.0,0.0,0.0,0.0,0.0,0.0,0.0,0.0,0.0,0.0,0.0,0.0,0.0,0.0,0.0,0.0,0.0,0.0,0.0,0.0,0.0,0.0,0.0,GK
Meschak Elia,Congo DR,Congo DR,"FW,MF",28,1997,Alanyaspor,2,0,46.0,0.5,0.0,1.0,1.0,0.0,0.0,0.0,0.0,0.0,0.0,1.96,1.96,0.0,1.96,2.0,1.0,50.0,3.91,1.96,0.0,0.0,23.0,12.8,0.0,0,2,23.0,2,1.5,2.0,2.0,0.0,0.0,0.0,0.0,2.0,0.0,0.0,2.0,1.0,0.0,0.0,0.0,0.0,0.0,0.0,0.0,0.0,0.0,0.0,0.0,0.0,0.0,0.0,0.0,0.0,0.0,0.0,0.0,0.0,0.0,1.9565217391304348,3.9130434782608696,1.9565217391304348,1.9565217391304348,0.0,3.9130434782608696,3.9130434782608696,1.9565217391304348,MF
Nathanaël Mbuku,Congo DR,Congo DR,"MF,FW",24,2002,Montpellier,3,2,143.0,1.6,0.0,0.0,0.0,0.0,0.0,0.0,1.0,0.0,0.0,0.0,0.0,0.0,0.0,3.0,2.0,66.7,1.89,1.26,0.0,0.0,48.0,39.7,67.0,0,1,9.0,1,1.0,2.0,1.0,1.0,0.63,1.04,0.0,4.0,8.0,0.0,14.0,0.0,3.0,0.0,0.0,0.0,0.0,0.0,0.0,0.0,0.0,0.0,0.0,0.0,0.0,0.0,0.0,0.0,0.0,0.0,0.0,0.0,0.0,0.0,1.8881118881118881,1.2587412587412588,0.0,1.8881118881118881,2.5174825174825175,8.811188811188812,0.0,MF
Ngal'Ayel Mukau,Congo DR,Congo DR,MF,21,2004,Lille,4,3,195.0,2.2,0.0,0.0,0.0,0.0,0.0,0.0,0.0,0.0,0.0,0.0,0.0,0.0,0.0,1.0,0.0,0.0,0.46,0.0,0.0,0.0,49.0,54.2,59.0,0,1,19.0,0,1.0,4.0,2.0,2.0,0.92,2.01,0.0,3.0,4.0,1.0,0.0,3.0,2.0,0.0,0.0,0.0,0.0,0.0,0.0,0.0,0.0,0.0,0.0,0.0,0.0,0.0,0.0,0.0,0.0,0.0,0.0,0.0,0.0,0.0,0.46153846153846156,0.0,1.3846153846153846,0.9230769230769231,1.3846153846153846,0.0,0.0,MF
Noah Sadiki,Congo DR,Congo DR,MF,21,2004,Sunderland,4,2,259.0,2.9,0.0,0.0,0.0,0.0,0.0,0.0,2.0,0.0,0.0,0.0,0.0,0.0,0.0,0.0,0.0,0.0,0.0,0.0,0.0,0.0,65.0,71.9,90.0,2,2,40.0,0,1.0,4.0,4.0,0.0,0.0,0.0,0.0,2.0,3.0,0.0,1.0,2.0,4.0,0.0,0.0,0.0,0.0,0.0,0.0,0.0,0.0,0.0,0.0,0.0,0.0,0.0,0.0,0.0,0.0,0.0,0.0,0.0,0.0,0.0,0.0,0.0,0.694980694980695,1.38996138996139,0.694980694980695,0.3474903474903475,0.0,MF
Samuel Moutoussamy,Congo DR,Congo DR,MF,29,1996,Atromitos,4,4,330.0,3.7,0.0,0.0,0.0,0.0,0.0,0.0,1.0,0.0,0.0,0.0,0.0,0.0,0.0,3.0,0.0,0.0,0.82,0.0,0.0,0.0,83.0,91.7,83.0,1,0,0.0,0,1.0,3.0,5.0,-2.0,-0.55,-6.55,0.0,8.0,1.0,0.0,1.0,1.0,8.0,0.0,0.0,0.0,0.0,0.0,0.0,0.0,0.0,0.0,0.0,0.0,0.0,0.0,0.0,0.0,0.0,0.0,0.0,0.0,0.0,0.0,0.8181818181818181,0.0,0.2727272727272727,2.1818181818181817,2.1818181818181817,0.2727272727272727,0.0,MF
Simon Banza,Congo DR,Congo DR,"FW,MF",29,1996,Unknown Club,2,0,40.0,0.4,0.0,0.0,0.0,0.0,0.0,0.0,0.0,0.0,0.0,0.0,0.0,0.0,0.0,0.0,0.0,0.0,0.0,0.0,0.0,0.0,20.0,11.1,0.0,0,2,20.0,2,0.5,0.0,1.0,-1.0,-2.25,-2.53,0.0,1.0,0.0,0.0,0.0,0.0,1.0,0.0,0.0,0.0,0.0,0.0,0.0,0.0,0.0,0.0,0.0,0.0,0.0,0.0,0.0,0.0,0.0,0.0,0.0,0.0,0.0,0.0,0.0,0.0,0.0,2.25,2.25,0.0,0.0,MF
Steve Kapuadi,Congo DR,Congo DR,DF,28,1998,Widzew Łódź,2,2,180.0,2.0,0.0,0.0,0.0,0.0,0.0,0.0,0.0,0.0,0.0,0.0,0.0,0.0,0.0,1.0,0.0,0.0,0.5,0.0,0.0,0.0,90.0,50.0,90.0,2,0,0.0,2,0.5,1.0,2.0,-1.0,-0.5,-1.0,0.0,2.0,0.0,0.0,0.0,1.0,1.0,0.0,0.0,0.0,0.0,0.0,0.0,0.0,0.0,0.0,0.0,0.0,0.0,0.0,0.0,0.0,0.0,0.0,0.0,0.0,0.0,0.0,0.5,0.0,0.5,0.5,1.0,0.0,0.0,DF
Theo Bongonda,Congo DR,Congo DR,"FW,MF",30,1995,Spartak Moscow,2,0,34.0,0.4,0.0,0.0,0.0,0.0,0.0,0.0,0.0,0.0,0.0,0.0,0.0,0.0,0.0,1.0,0.0,0.0,2.65,0.0,0.0,0.0,17.0,9.4,0.0,0,2,17.0,2,1.5,2.0,1.0,1.0,2.65,2.92,0.0,0.0,1.0,0.0,2.0,1.0,0.0,0.0,0.0,0.0,0.0,0.0,0.0,0.0,0.0,0.0,0.0,0.0,0.0,0.0,0.0,0.0,0.0,0.0,0.0,0.0,0.0,0.0,2.6470588235294117,0.0,2.6470588235294117,0.0,0.0,5.294117647058823,0.0,MF
Timothy Fayulu,Congo DR,Congo DR,GK,26,1999,Unknown Club,0,0,0.0,0.0,0.0,0.0,0.0,0.0,0.0,0.0,0.0,0.0,0.0,0.0,0.0,0.0,0.0,0.0,0.0,0.0,0.0,0.0,0.0,0.0,0.0,0.0,0.0,0,0,0.0,4,0.0,0.0,0.0,0.0,0.0,0.0,0.0,0.0,0.0,0.0,0.0,0.0,0.0,0.0,0.0,0.0,0.0,0.0,0.0,0.0,0.0,0.0,0.0,0.0,0.0,0.0,0.0,0.0,0.0,0.0,0.0,0.0,0.0,0.0,0.0,0.0,0.0,0.0,0.0,0.0,0.0,GK
Yoane Wissa,Congo DR,Congo DR,FW,29,1996,Newcastle,4,4,360.0,4.0,3.0,0.0,3.0,2.0,1.0,1.0,0.0,0.0,0.75,0.0,0.75,0.5,0.5,11.0,3.0,27.3,2.75,0.75,0.18,0.67,90.0,100.0,90.0,4,0,0.0,0,1.0,5.0,5.0,0.0,0.0,0.0,0.0,5.0,9.0,1.0,0.0,0.0,1.0,0.0,0.0,0.0,0.0,0.0,0.0,0.0,0.0,0.0,0.0,0.0,0.0,0.0,0.0,0.0,0.0,0.0,0.0,0.0,0.75,0.0,2.75,0.75,0.0,0.25,1.25,0.0,0.75,FW
Andrej Kramarić,Croatia,Croatia,"FW,MF",34,1991,Hoffenheim,3,0,59.0,0.7,0.0,0.0,0.0,0.0,0.0,0.0,0.0,0.0,0.0,0.0,0.0,0.0,0.0,1.0,0.0,0.0,1.53,0.0,0.0,0.0,20.0,16.4,0.0,0,3,20.0,1,1.0,1.0,1.0,0.0,0.0,0.3,0.0,0.0,0.0,1.0,2.0,0.0,1.0,0.0,0.0,0.0,0.0,0.0,0.0,0.0,0.0,0.0,0.0,0.0,0.0,0.0,0.0,0.0,0.0,0.0,0.0,0.0,0.0,0.0,1.5254237288135593,0.0,0.0,1.5254237288135593,0.0,3.0508474576271185,0.0,MF
Ante Budimir,Croatia,Croatia,FW,34,1991,Osasuna,3,2,155.0,1.7,1.0,0.0,1.0,1.0,0.0,0.0,0.0,0.0,0.58,0.0,0.58,0.58,0.58,3.0,1.0,33.3,1.74,0.58,0.33,1.0,52.0,43.1,55.0,0,1,45.0,1,2.0,2.0,0.0,2.0,1.16,2.48,0.0,6.0,4.0,0.0,0.0,0.0,1.0,0.0,0.0,0.0,0.0,0.0,0.0,0.0,0.0,0.0,0.0,0.0,0.0,0.0,0.0,0.0,0.0,0.0,0.0,0.0,0.5806451612903226,0.0,1.7419354838709677,0.5806451612903226,0.0,0.5806451612903226,3.4838709677419355,0.0,0.5806451612903226,FW
Dominik Kotarski,Croatia,Croatia,GK,26,2000,Unknown Club,0,0,0.0,0.0,0.0,0.0,0.0,0.0,0.0,0.0,0.0,0.0,0.0,0.0,0.0,0.0,0.0,0.0,0.0,0.0,0.0,0.0,0.0,0.0,0.0,0.0,0.0,0,0,0.0,4,0.0,0.0,0.0,0.0,0.0,0.0,0.0,0.0,0.0,0.0,0.0,0.0,0.0,0.0,0.0,0.0,0.0,0.0,0.0,0.0,0.0,0.0,0.0,0.0,0.0,0.0,0.0,0.0,0.0,0.0,0.0,0.0,0.0,0.0,0.0,0.0,0.0,0.0,0.0,0.0,0.0,GK
Dominik Livaković,Croatia,Croatia,GK,31,1995,Dinamo Zagreb,4,4,360.0,4.0,0.0,0.0,0.0,0.0,0.0,0.0,0.0,0.0,0.0,0.0,0.0,0.0,0.0,0.0,0.0,0.0,0.0,0.0,0.0,0.0,90.0,100.0,90.0,4,0,0.0,0,1.5,6.0,7.0,-1.0,-0.25,0.0,0.0,0.0,1.0,0.0,0.0,0.0,0.0,0.0,4.0,4.0,360.0,7.0,1.75,17.0,10.0,58.8,2.0,0.0,2.0,1.0,25.0,2.0,2.0,0.0,0.0,0.0,0.0,0.0,0.0,0.0,0.0,0.0,0.0,0.0,0.0,GK
Duje Ćaleta-Car,Croatia,Croatia,DF,29,1996,Unknown Club,0,0,0.0,0.0,0.0,0.0,0.0,0.0,0.0,0.0,0.0,0.0,0.0,0.0,0.0,0.0,0.0,0.0,0.0,0.0,0.0,0.0,0.0,0.0,0.0,0.0,0.0,0,0,0.0,4,0.0,0.0,0.0,0.0,0.0,0.0,0.0,0.0,0.0,0.0,0.0,0.0,0.0,0.0,0.0,0.0,0.0,0.0,0.0,0.0,0.0,0.0,0.0,0.0,0.0,0.0,0.0,0.0,0.0,0.0,0.0,0.0,0.0,0.0,0.0,0.0,0.0,0.0,0.0,0.0,0.0,DF
Igor Matanović,Croatia,Croatia,FW,23,2003,Freiburg,3,0,95.0,1.1,0.0,0.0,0.0,0.0,0.0,0.0,0.0,0.0,0.0,0.0,0.0,0.0,0.0,4.0,2.0,50.0,3.79,1.89,0.0,0.0,32.0,26.4,0.0,0,3,32.0,1,1.0,2.0,4.0,-2.0,-1.89,-2.23,0.0,4.0,3.0,1.0,0.0,0.0,0.0,0.0,0.0,0.0,0.0,0.0,0.0,0.0,0.0,0.0,0.0,0.0,0.0,0.0,0.0,0.0,0.0,0.0,0.0,0.0,0.0,0.0,3.789473684210526,1.894736842105263,0.0,0.0,3.789473684210526,0.0,0.0,FW
Ivan Perišić,Croatia,Croatia,"MF,DF",37,1989,PSV,4,4,360.0,4.0,1.0,1.0,2.0,1.0,0.0,0.0,2.0,0.0,0.25,0.25,0.5,0.25,0.5,2.0,2.0,100.0,0.5,0.5,0.5,0.5,90.0,100.0,90.0,4,0,0.0,0,1.5,6.0,7.0,-1.0,-0.25,0.0,0.0,4.0,1.0,0.0,20.0,4.0,4.0,0.0,0.0,0.0,0.0,0.0,0.0,0.0,0.0,0.0,0.0,0.0,0.0,0.0,0.0,0.0,0.0,0.0,0.0,0.0,0.25,0.25,0.5,0.5,1.0,1.0,1.0,5.0,0.5,DF
Ivor Pandur,Croatia,Croatia,GK,26,2000,Unknown Club,0,0,0.0,0.0,0.0,0.0,0.0,0.0,0.0,0.0,0.0,0.0,0.0,0.0,0.0,0.0,0.0,0.0,0.0,0.0,0.0,0.0,0.0,0.0,0.0,0.0,0.0,0,0,0.0,4,0.0,0.0,0.0,0.0,0.0,0.0,0.0,0.0,0.0,0.0,0.0,0.0,0.0,0.0,0.0,0.0,0.0,0.0,0.0,0.0,0.0,0.0,0.0,0.0,0.0,0.0,0.0,0.0,0.0,0.0,0.0,0.0,0.0,0.0,0.0,0.0,0.0,0.0,0.0,0.0,0.0,GK
Josip Stanišić,Croatia,Croatia,"DF,MF",26,2000,Bayern Munich,4,4,360.0,4.0,0.0,1.0,1.0,0.0,0.0,0.0,0.0,0.0,0.0,0.25,0.25,0.0,0.25,0.0,0.0,0.0,0.0,0.0,0.0,0.0,90.0,100.0,90.0,4,0,0.0,0,1.5,6.0,7.0,-1.0,-0.25,0.0,0.0,0.0,4.0,0.0,7.0,5.0,2.0,0.0,0.0,0.0,0.0,0.0,0.0,0.0,0.0,0.0,0.0,0.0,0.0,0.0,0.0,0.0,0.0,0.0,0.0,0.0,0.0,0.25,0.0,0.0,1.25,0.5,0.0,1.75,0.25,DF
Josip Šutalo,Croatia,Croatia,DF,26,2000,Ajax,4,4,360.0,4.0,0.0,0.0,0.0,0.0,0.0,0.0,0.0,0.0,0.0,0.0,0.0,0.0,0.0,1.0,0.0,0.0,0.25,0.0,0.0,0.0,90.0,100.0,90.0,4,0,0.0,0,1.5,6.0,7.0,-1.0,-0.25,0.0,0.0,2.0,1.0,0.0,0.0,6.0,4.0,0.0,0.0,0.0,0.0,0.0,0.0,0.0,0.0,0.0,0.0,0.0,0.0,0.0,0.0,0.0,0.0,0.0,0.0,0.0,0.0,0.0,0.25,0.0,1.5,1.0,0.5,0.0,0.0,DF
Joško Gvardiol,Croatia,Croatia,DF,24,2002,Manchester City,4,2,139.0,1.5,0.0,0.0,0.0,0.0,0.0,0.0,0.0,0.0,0.0,0.0,0.0,0.0,0.0,1.0,0.0,0.0,0.65,0.0,0.0,0.0,35.0,38.6,68.0,1,2,2.0,0,1.5,2.0,5.0,-3.0,-1.94,-2.76,0.0,2.0,3.0,0.0,0.0,2.0,2.0,0.0,0.0,0.0,0.0,0.0,0.0,0.0,0.0,0.0,0.0,0.0,0.0,0.0,0.0,0.0,0.0,0.0,0.0,0.0,0.0,0.0,0.6474820143884893,0.0,1.2949640287769786,1.2949640287769786,1.2949640287769786,0.0,0.0,DF
Kristijan Jakić,Croatia,Croatia,"DF,MF",29,1997,Unknown Club,0,0,0.0,0.0,0.0,0.0,0.0,0.0,0.0,0.0,0.0,0.0,0.0,0.0,0.0,0.0,0.0,0.0,0.0,0.0,0.0,0.0,0.0,0.0,0.0,0.0,0.0,0,0,0.0,4,0.0,0.0,0.0,0.0,0.0,0.0,0.0,0.0,0.0,0.0,0.0,0.0,0.0,0.0,0.0,0.0,0.0,0.0,0.0,0.0,0.0,0.0,0.0,0.0,0.0,0.0,0.0,0.0,0.0,0.0,0.0,0.0,0.0,0.0,0.0,0.0,0.0,0.0,0.0,0.0,0.0,DF
Luka Modrić,Croatia,Croatia,MF,40,1985,Milan,4,4,317.0,3.5,0.0,1.0,1.0,0.0,0.0,0.0,1.0,0.0,0.0,0.28,0.28,0.0,0.28,1.0,0.0,0.0,0.28,0.0,0.0,0.0,79.0,88.1,79.0,2,0,0.0,0,1.5,6.0,6.0,0.0,0.0,2.09,0.0,4.0,3.0,0.0,11.0,0.0,3.0,0.0,0.0,0.0,0.0,0.0,0.0,0.0,0.0,0.0,0.0,0.0,0.0,0.0,0.0,0.0,0.0,0.0,0.0,0.0,0.0,0.28391167192429023,0.28391167192429023,0.0,0.0,0.8517350157728707,1.135646687697161,3.1230283911671926,0.28391167192429023,MF
Luka Sučić,Croatia,Croatia,"FW,MF",23,2002,Real Sociedad,1,0,19.0,0.2,0.0,0.0,0.0,0.0,0.0,0.0,0.0,0.0,0.0,0.0,0.0,0.0,0.0,1.0,0.0,0.0,4.74,0.0,0.0,0.0,19.0,5.3,0.0,0,1,19.0,3,3.0,0.0,0.0,0.0,0.0,0.26,0.0,0.0,0.0,0.0,0.0,0.0,0.0,0.0,0.0,0.0,0.0,0.0,0.0,0.0,0.0,0.0,0.0,0.0,0.0,0.0,0.0,0.0,0.0,0.0,0.0,0.0,0.0,0.0,4.7368421052631575,0.0,0.0,0.0,0.0,0.0,0.0,MF
Luka Vušković,Croatia,Croatia,DF,19,2007,Hamburger SV,1,1,65.0,0.7,0.0,0.0,0.0,0.0,0.0,0.0,0.0,0.0,0.0,0.0,0.0,0.0,0.0,0.0,0.0,0.0,0.0,0.0,0.0,0.0,65.0,18.1,65.0,0,0,0.0,3,0.0,2.0,3.0,-1.0,-1.38,-1.38,0.0,1.0,1.0,0.0,0.0,1.0,0.0,0.0,0.0,0.0,0.0,0.0,0.0,0.0,0.0,0.0,0.0,0.0,0.0,0.0,0.0,0.0,0.0,0.0,0.0,0.0,0.0,0.0,0.0,0.0,1.3846153846153846,0.0,1.3846153846153846,0.0,0.0,DF
Marco Pašalić,Croatia,Croatia,MF,25,2000,Orlando City,3,1,99.0,1.1,0.0,0.0,0.0,0.0,0.0,0.0,0.0,0.0,0.0,0.0,0.0,0.0,0.0,3.0,2.0,66.7,2.73,1.82,0.0,0.0,33.0,27.5,71.0,0,2,14.0,1,2.0,1.0,1.0,0.0,0.0,0.34,0.0,0.0,2.0,2.0,11.0,1.0,2.0,0.0,0.0,0.0,0.0,0.0,0.0,0.0,0.0,0.0,0.0,0.0,0.0,0.0,0.0,0.0,0.0,0.0,0.0,0.0,0.0,0.0,2.7272727272727275,1.8181818181818183,0.9090909090909092,1.8181818181818183,0.0,10.0,0.0,MF
Marin Pongračić,Croatia,Croatia,DF,28,1997,Fiorentina,3,3,270.0,3.0,0.0,0.0,0.0,0.0,0.0,0.0,0.0,0.0,0.0,0.0,0.0,0.0,0.0,1.0,0.0,0.0,0.33,0.0,0.0,0.0,90.0,75.0,90.0,3,0,0.0,1,2.0,4.0,3.0,1.0,0.33,2.33,0.0,3.0,0.0,0.0,0.0,0.0,3.0,0.0,0.0,0.0,0.0,0.0,0.0,0.0,0.0,0.0,0.0,0.0,0.0,0.0,0.0,0.0,0.0,0.0,0.0,0.0,0.0,0.0,0.33333333333333337,0.0,0.0,1.0,1.0,0.0,0.0,DF
Mario Pašalić,Croatia,Croatia,MF,31,1995,Atalanta,4,1,123.0,1.4,0.0,0.0,0.0,0.0,0.0,0.0,0.0,0.0,0.0,0.0,0.0,0.0,0.0,4.0,1.0,25.0,2.93,0.73,0.0,0.0,31.0,34.2,77.0,0,3,15.0,0,1.5,3.0,4.0,-1.0,-0.73,-0.73,0.0,2.0,0.0,1.0,1.0,1.0,1.0,0.0,0.0,0.0,0.0,0.0,0.0,0.0,0.0,0.0,0.0,0.0,0.0,0.0,0.0,0.0,0.0,0.0,0.0,0.0,0.0,0.0,2.9268292682926833,0.7317073170731708,0.7317073170731708,0.7317073170731708,1.4634146341463417,0.7317073170731708,0.0,MF
Martin Baturina,Croatia,Croatia,"MF,FW",23,2003,Como,4,4,321.0,3.6,1.0,0.0,1.0,1.0,0.0,0.0,0.0,0.0,0.28,0.0,0.28,0.28,0.28,3.0,1.0,33.3,0.84,0.28,0.33,1.0,80.0,89.2,80.0,1,0,0.0,0,1.5,6.0,5.0,1.0,0.28,4.9,0.0,1.0,14.0,0.0,8.0,1.0,2.0,0.0,0.0,0.0,0.0,0.0,0.0,0.0,0.0,0.0,0.0,0.0,0.0,0.0,0.0,0.0,0.0,0.0,0.0,0.0,0.2803738317757009,0.0,0.8411214953271028,0.2803738317757009,0.2803738317757009,0.5607476635514018,0.2803738317757009,2.2429906542056073,0.2803738317757009,MF
Martin Erlić,Croatia,Croatia,DF,28,1998,Unknown Club,0,0,0.0,0.0,0.0,0.0,0.0,0.0,0.0,0.0,0.0,0.0,0.0,0.0,0.0,0.0,0.0,0.0,0.0,0.0,0.0,0.0,0.0,0.0,0.0,0.0,0.0,0,0,0.0,4,0.0,0.0,0.0,0.0,0.0,0.0,0.0,0.0,0.0,0.0,0.0,0.0,0.0,0.0,0.0,0.0,0.0,0.0,0.0,0.0,0.0,0.0,0.0,0.0,0.0,0.0,0.0,0.0,0.0,0.0,0.0,0.0,0.0,0.0,0.0,0.0,0.0,0.0,0.0,0.0,0.0,DF
Mateo Kovačić,Croatia,Croatia,MF,32,1994,Manchester City,4,3,270.0,3.0,0.0,1.0,1.0,0.0,0.0,0.0,0.0,0.0,0.0,0.33,0.33,0.0,0.33,5.0,4.0,80.0,1.67,1.33,0.0,0.0,68.0,75.0,79.0,0,1,33.0,0,1.5,3.0,3.0,0.0,0.0,1.0,0.0,3.0,3.0,0.0,0.0,2.0,3.0,0.0,0.0,0.0,0.0,0.0,0.0,0.0,0.0,0.0,0.0,0.0,0.0,0.0,0.0,0.0,0.0,0.0,0.0,0.0,0.0,0.33333333333333337,1.6666666666666665,1.3333333333333335,0.6666666666666667,1.0,1.0,0.0,0.33333333333333337,MF
Nikola Moro,Croatia,Croatia,MF,28,1998,Unknown Club,0,0,0.0,0.0,0.0,0.0,0.0,0.0,0.0,0.0,0.0,0.0,0.0,0.0,0.0,0.0,0.0,0.0,0.0,0.0,0.0,0.0,0.0,0.0,0.0,0.0,0.0,0,0,0.0,4,0.0,0.0,0.0,0.0,0.0,0.0,0.0,0.0,0.0,0.0,0.0,0.0,0.0,0.0,0.0,0.0,0.0,0.0,0.0,0.0,0.0,0.0,0.0,0.0,0.0,0.0,0.0,0.0,0.0,0.0,0.0,0.0,0.0,0.0,0.0,0.0,0.0,0.0,0.0,0.0,0.0,MF
Nikola Vlašić,Croatia,Croatia,MF,28,1997,Torino,3,2,189.0,2.1,1.0,0.0,1.0,1.0,0.0,0.0,0.0,0.0,0.48,0.0,0.48,0.48,0.48,3.0,1.0,33.3,1.43,0.48,0.33,1.0,63.0,52.5,88.0,0,1,13.0,1,1.0,3.0,3.0,0.0,0.0,0.53,0.0,5.0,0.0,2.0,3.0,1.0,2.0,0.0,0.0,0.0,0.0,0.0,0.0,0.0,0.0,0.0,0.0,0.0,0.0,0.0,0.0,0.0,0.0,0.0,0.0,0.0,0.47619047619047616,0.0,1.4285714285714284,0.47619047619047616,0.47619047619047616,0.9523809523809523,2.380952380952381,1.4285714285714284,0.47619047619047616,MF
Petar Musa,Croatia,Croatia,FW,28,1998,FC Dallas,2,2,110.0,1.2,1.0,0.0,1.0,1.0,0.0,0.0,0.0,0.0,0.82,0.0,0.82,0.82,0.82,1.0,1.0,100.0,0.82,0.82,1.0,1.0,55.0,30.6,55.0,0,0,0.0,2,1.5,2.0,3.0,-1.0,-0.82,-0.82,0.0,1.0,1.0,0.0,0.0,0.0,0.0,0.0,0.0,0.0,0.0,0.0,0.0,0.0,0.0,0.0,0.0,0.0,0.0,0.0,0.0,0.0,0.0,0.0,0.0,0.0,0.8181818181818181,0.0,0.8181818181818181,0.8181818181818181,0.0,0.0,0.8181818181818181,0.0,0.8181818181818181,FW
Petar Sučić,Croatia,Croatia,"MF,FW",22,2003,Inter,4,3,289.0,3.2,1.0,1.0,2.0,1.0,0.0,0.0,1.0,0.0,0.31,0.31,0.62,0.31,0.62,3.0,2.0,66.7,0.93,0.62,0.33,0.5,72.0,80.3,90.0,3,1,19.0,0,1.5,5.0,7.0,-2.0,-0.62,-1.89,0.0,7.0,6.0,1.0,4.0,1.0,2.0,0.0,0.0,0.0,0.0,0.0,0.0,0.0,0.0,0.0,0.0,0.0,0.0,0.0,0.0,0.0,0.0,0.0,0.0,0.0,0.31141868512110726,0.31141868512110726,0.9342560553633218,0.6228373702422145,0.31141868512110726,0.6228373702422145,2.179930795847751,1.245674740484429,0.6228373702422145,MF
Toni Fruk,Croatia,Croatia,"FW,MF",25,2001,Unknown Club,0,0,0.0,0.0,0.0,0.0,0.0,0.0,0.0,0.0,0.0,0.0,0.0,0.0,0.0,0.0,0.0,0.0,0.0,0.0,0.0,0.0,0.0,0.0,0.0,0.0,0.0,0,0,0.0,4,0.0,0.0,0.0,0.0,0.0,0.0,0.0,0.0,0.0,0.0,0.0,0.0,0.0,0.0,0.0,0.0,0.0,0.0,0.0,0.0,0.0,0.0,0.0,0.0,0.0,0.0,0.0,0.0,0.0,0.0,0.0,0.0,0.0,0.0,0.0,0.0,0.0,0.0,0.0,0.0,0.0,MF
Ar'jany Martha,Curaçao,Curaçao,"DF,FW",22,2003,Unknown Club,0,0,0.0,0.0,0.0,0.0,0.0,0.0,0.0,0.0,0.0,0.0,0.0,0.0,0.0,0.0,0.0,0.0,0.0,0.0,0.0,0.0,0.0,0.0,0.0,0.0,0.0,0,0,0.0,3,0.0,0.0,0.0,0.0,0.0,0.0,0.0,0.0,0.0,0.0,0.0,0.0,0.0,0.0,0.0,0.0,0.0,0.0,0.0,0.0,0.0,0.0,0.0,0.0,0.0,0.0,0.0,0.0,0.0,0.0,0.0,0.0,0.0,0.0,0.0,0.0,0.0,0.0,0.0,0.0,0.0,DF
Armando Obispo,Curaçao,Curaçao,DF,27,1999,PSV,3,3,270.0,3.0,0.0,0.0,0.0,0.0,0.0,0.0,0.0,0.0,0.0,0.0,0.0,0.0,0.0,0.0,0.0,0.0,0.0,0.0,0.0,0.0,90.0,100.0,90.0,3,0,0.0,0,0.33,1.0,9.0,-8.0,-2.67,0.0,0.0,1.0,0.0,1.0,0.0,7.0,1.0,0.0,0.0,0.0,0.0,0.0,0.0,0.0,0.0,0.0,0.0,0.0,0.0,0.0,0.0,0.0,0.0,0.0,0.0,0.0,0.0,0.0,0.0,0.0,2.3333333333333335,0.33333333333333337,0.33333333333333337,0.0,0.0,DF
Brandley Kuwas,Curaçao,Curaçao,"FW,MF",33,1992,Volendam,1,0,1.0,0.0,0.0,0.0,0.0,0.0,0.0,0.0,0.0,0.0,0.0,0.0,0.0,0.0,0.0,0.0,0.0,0.0,0.0,0.0,0.0,0.0,1.0,0.4,0.0,0,1,1.0,2,0.0,0.0,0.0,0.0,0.0,2.68,0.0,0.0,0.0,0.0,1.0,0.0,0.0,0.0,0.0,0.0,0.0,0.0,0.0,0.0,0.0,0.0,0.0,0.0,0.0,0.0,0.0,0.0,0.0,0.0,0.0,0.0,0.0,0.0,0.0,0.0,0.0,0.0,0.0,90.0,0.0,MF
Deveron Fonville,Curaçao,Curaçao,DF,23,2003,NEC Nijmegen,3,3,241.0,2.7,0.0,0.0,0.0,0.0,0.0,0.0,0.0,0.0,0.0,0.0,0.0,0.0,0.0,0.0,0.0,0.0,0.0,0.0,0.0,0.0,80.0,89.3,80.0,1,0,0.0,0,0.33,1.0,9.0,-8.0,-2.99,-2.99,0.0,2.0,3.0,0.0,0.0,5.0,3.0,0.0,0.0,0.0,0.0,0.0,0.0,0.0,0.0,0.0,0.0,0.0,0.0,0.0,0.0,0.0,0.0,0.0,0.0,0.0,0.0,0.0,0.0,0.0,1.8672199170124482,1.120331950207469,0.7468879668049793,0.0,0.0,DF
Eloy Room,Curaçao,Curaçao,GK,37,1989,Miami FC,3,3,270.0,3.0,0.0,0.0,0.0,0.0,0.0,0.0,0.0,0.0,0.0,0.0,0.0,0.0,0.0,0.0,0.0,0.0,0.0,0.0,0.0,0.0,90.0,100.0,90.0,3,0,0.0,0,0.33,1.0,9.0,-8.0,-2.67,0.0,0.0,0.0,0.0,0.0,0.0,0.0,0.0,0.0,3.0,3.0,270.0,9.0,3.0,29.0,20.0,69.0,0.0,1.0,2.0,1.0,33.3,1.0,1.0,0.0,0.0,0.0,0.0,0.0,0.0,0.0,0.0,0.0,0.0,0.0,0.0,GK
Gervane Kastaneer,Curaçao,Curaçao,"FW,MF",30,1996,Unknown Club,3,0,30.0,0.3,0.0,0.0,0.0,0.0,0.0,0.0,2.0,0.0,0.0,0.0,0.0,0.0,0.0,1.0,0.0,0.0,3.0,0.0,0.0,0.0,10.0,11.1,0.0,0,3,10.0,0,0.33,0.0,1.0,-1.0,-3.0,-0.38,0.0,2.0,0.0,0.0,0.0,0.0,0.0,0.0,0.0,0.0,0.0,0.0,0.0,0.0,0.0,0.0,0.0,0.0,0.0,0.0,0.0,0.0,0.0,0.0,0.0,0.0,0.0,0.0,3.0,0.0,0.0,0.0,6.0,0.0,0.0,MF
Godfried Roemeratoe,Curaçao,Curaçao,MF,26,1999,RKC Waalwijk,1,0,7.0,0.1,0.0,0.0,0.0,0.0,0.0,0.0,0.0,0.0,0.0,0.0,0.0,0.0,0.0,0.0,0.0,0.0,0.0,0.0,0.0,0.0,7.0,2.6,0.0,0,1,7.0,2,1.0,0.0,0.0,0.0,0.0,2.74,0.0,0.0,0.0,0.0,0.0,0.0,0.0,0.0,0.0,0.0,0.0,0.0,0.0,0.0,0.0,0.0,0.0,0.0,0.0,0.0,0.0,0.0,0.0,0.0,0.0,0.0,0.0,0.0,0.0,0.0,0.0,0.0,0.0,0.0,0.0,MF
Jearl Margaritha,Curaçao,Curaçao,"FW,MF",26,2000,Beveren,2,0,41.0,0.5,0.0,0.0,0.0,0.0,0.0,0.0,0.0,0.0,0.0,0.0,0.0,0.0,0.0,1.0,0.0,0.0,2.2,0.0,0.0,0.0,21.0,15.2,0.0,0,2,21.0,1,0.5,0.0,3.0,-3.0,-6.59,-4.62,0.0,0.0,0.0,0.0,0.0,0.0,0.0,0.0,0.0,0.0,0.0,0.0,0.0,0.0,0.0,0.0,0.0,0.0,0.0,0.0,0.0,0.0,0.0,0.0,0.0,0.0,0.0,0.0,2.1951219512195124,0.0,0.0,0.0,0.0,0.0,0.0,MF
Jeremy Antonisse,Curaçao,Curaçao,"FW,MF",24,2002,AE Kifisia,2,0,75.0,0.8,0.0,0.0,0.0,0.0,0.0,0.0,0.0,0.0,0.0,0.0,0.0,0.0,0.0,1.0,0.0,0.0,1.2,0.0,0.0,0.0,38.0,27.8,0.0,0,2,38.0,1,0.0,0.0,5.0,-5.0,-6.0,-4.62,0.0,0.0,0.0,0.0,8.0,0.0,1.0,0.0,0.0,0.0,0.0,0.0,0.0,0.0,0.0,0.0,0.0,0.0,0.0,0.0,0.0,0.0,0.0,0.0,0.0,0.0,0.0,0.0,1.2000000000000002,0.0,0.0,1.2000000000000002,0.0,9.600000000000001,0.0,MF
Joshua Brenet,Curaçao,Curaçao,DF,32,1994,Kayserispor,2,2,179.0,2.0,0.0,0.0,0.0,0.0,0.0,0.0,0.0,0.0,0.0,0.0,0.0,0.0,0.0,0.0,0.0,0.0,0.0,0.0,0.0,0.0,90.0,66.3,90.0,1,0,0.0,1,0.5,0.0,2.0,-2.0,-1.01,4.93,0.0,0.0,1.0,1.0,0.0,1.0,4.0,0.0,0.0,0.0,0.0,0.0,0.0,0.0,0.0,0.0,0.0,0.0,0.0,0.0,0.0,0.0,0.0,0.0,0.0,0.0,0.0,0.0,0.0,0.0,0.5027932960893855,2.011173184357542,0.0,0.0,0.0,DF
Juninho Bacuna,Curaçao,Curaçao,MF,28,1997,Volendam,3,3,254.0,2.8,0.0,0.0,0.0,0.0,0.0,0.0,2.0,0.0,0.0,0.0,0.0,0.0,0.0,5.0,1.0,20.0,1.77,0.35,0.0,0.0,85.0,94.1,85.0,2,0,0.0,0,0.33,1.0,9.0,-8.0,-2.83,-2.83,0.0,6.0,3.0,0.0,5.0,5.0,4.0,0.0,0.0,0.0,0.0,0.0,0.0,0.0,0.0,0.0,0.0,0.0,0.0,0.0,0.0,0.0,0.0,0.0,0.0,0.0,0.0,0.0,1.7716535433070866,0.3543307086614173,1.7716535433070866,1.4173228346456692,2.1259842519685037,1.7716535433070866,0.0,MF
Juriën Gaari,Curaçao,Curaçao,DF,32,1993,Unknown Club,2,2,166.0,1.8,0.0,0.0,0.0,0.0,0.0,0.0,1.0,0.0,0.0,0.0,0.0,0.0,0.0,2.0,0.0,0.0,1.08,0.0,0.0,0.0,83.0,61.5,83.0,1,0,0.0,1,0.5,0.0,2.0,-2.0,-1.08,4.11,0.0,4.0,1.0,0.0,0.0,2.0,2.0,0.0,0.0,0.0,0.0,0.0,0.0,0.0,0.0,0.0,0.0,0.0,0.0,0.0,0.0,0.0,0.0,0.0,0.0,0.0,0.0,0.0,1.0843373493975905,0.0,1.0843373493975905,1.0843373493975905,2.168674698795181,0.0,0.0,DF
Jürgen Locadia,Curaçao,Curaçao,FW,32,1993,Miami FC,3,3,235.0,2.6,0.0,0.0,0.0,0.0,0.0,0.0,0.0,0.0,0.0,0.0,0.0,0.0,0.0,1.0,0.0,0.0,0.38,0.0,0.0,0.0,78.0,87.0,78.0,0,0,0.0,0,0.33,1.0,6.0,-5.0,-1.91,5.8,0.0,3.0,4.0,2.0,0.0,1.0,0.0,0.0,0.0,0.0,0.0,0.0,0.0,0.0,0.0,0.0,0.0,0.0,0.0,0.0,0.0,0.0,0.0,0.0,0.0,0.0,0.0,0.0,0.3829787234042553,0.0,0.3829787234042553,0.0,1.1489361702127658,0.0,0.0,FW
Kenji Gorré,Curaçao,Curaçao,"FW,MF",31,1994,Unknown Club,1,0,16.0,0.2,0.0,0.0,0.0,0.0,0.0,0.0,0.0,0.0,0.0,0.0,0.0,0.0,0.0,0.0,0.0,0.0,0.0,0.0,0.0,0.0,16.0,5.9,0.0,0,1,16.0,2,1.0,0.0,0.0,0.0,0.0,2.83,0.0,0.0,0.0,0.0,0.0,0.0,0.0,0.0,0.0,0.0,0.0,0.0,0.0,0.0,0.0,0.0,0.0,0.0,0.0,0.0,0.0,0.0,0.0,0.0,0.0,0.0,0.0,0.0,0.0,0.0,0.0,0.0,0.0,0.0,0.0,MF
Kevin Felida,Curaçao,Curaçao,MF,26,1999,Unknown Club,0,0,0.0,0.0,0.0,0.0,0.0,0.0,0.0,0.0,0.0,0.0,0.0,0.0,0.0,0.0,0.0,0.0,0.0,0.0,0.0,0.0,0.0,0.0,0.0,0.0,0.0,0,0,0.0,3,0.0,0.0,0.0,0.0,0.0,0.0,0.0,0.0,0.0,0.0,0.0,0.0,0.0,0.0,0.0,0.0,0.0,0.0,0.0,0.0,0.0,0.0,0.0,0.0,0.0,0.0,0.0,0.0,0.0,0.0,0.0,0.0,0.0,0.0,0.0,0.0,0.0,0.0,0.0,0.0,0.0,MF
Leandro Bacuna,Curaçao,Curaçao,MF,34,1991,Unknown Club,3,3,270.0,3.0,0.0,0.0,0.0,0.0,0.0,0.0,1.0,0.0,0.0,0.0,0.0,0.0,0.0,6.0,1.0,16.7,2.0,0.33,0.0,0.0,90.0,100.0,90.0,3,0,0.0,0,0.33,1.0,9.0,-8.0,-2.67,0.0,0.0,3.0,3.0,0.0,4.0,0.0,3.0,0.0,0.0,0.0,0.0,0.0,0.0,0.0,0.0,0.0,0.0,0.0,0.0,0.0,0.0,0.0,0.0,0.0,0.0,0.0,0.0,0.0,2.0,0.33333333333333337,0.0,1.0,1.0,1.3333333333333335,0.0,MF
Livano Comenencia,Curaçao,Curaçao,MF,22,2004,Zürich,3,3,233.0,2.6,1.0,0.0,1.0,1.0,0.0,0.0,1.0,0.0,0.39,0.0,0.39,0.39,0.39,5.0,2.0,40.0,1.93,0.77,0.2,0.5,78.0,86.3,78.0,1,0,0.0,0,0.33,1.0,8.0,-7.0,-2.7,-0.27,0.0,4.0,1.0,0.0,1.0,11.0,1.0,0.0,0.0,0.0,0.0,0.0,0.0,0.0,0.0,0.0,0.0,0.0,0.0,0.0,0.0,0.0,0.0,0.0,0.0,0.0,0.38626609442060084,0.0,1.9313304721030042,0.7725321888412017,4.24892703862661,0.38626609442060084,1.5450643776824033,0.38626609442060084,0.38626609442060084,MF
Riechedly Bazoer,Curaçao,Curaçao,DF,29,1996,Konyaspor,1,1,90.0,1.0,0.0,0.0,0.0,0.0,0.0,0.0,0.0,0.0,0.0,0.0,0.0,0.0,0.0,0.0,0.0,0.0,0.0,0.0,0.0,0.0,90.0,33.3,90.0,1,0,0.0,2,0.0,1.0,7.0,-6.0,-6.0,-5.0,0.0,2.0,0.0,0.0,0.0,1.0,1.0,0.0,0.0,0.0,0.0,0.0,0.0,0.0,0.0,0.0,0.0,0.0,0.0,0.0,0.0,0.0,0.0,0.0,0.0,0.0,0.0,0.0,0.0,0.0,1.0,1.0,2.0,0.0,0.0,DF
Roshon van Eijma,Curaçao,Curaçao,DF,28,1998,RKC Waalwijk,1,0,15.0,0.2,0.0,0.0,0.0,0.0,0.0,0.0,0.0,0.0,0.0,0.0,0.0,0.0,0.0,0.0,0.0,0.0,0.0,0.0,0.0,0.0,15.0,5.6,0.0,0,1,15.0,2,1.0,0.0,0.0,0.0,0.0,2.82,0.0,0.0,0.0,0.0,0.0,0.0,0.0,0.0,0.0,0.0,0.0,0.0,0.0,0.0,0.0,0.0,0.0,0.0,0.0,0.0,0.0,0.0,0.0,0.0,0.0,0.0,0.0,0.0,0.0,0.0,0.0,0.0,0.0,0.0,0.0,DF
Sherel Floranus,Curaçao,Curaçao,DF,27,1998,Zwolle,3,3,270.0,3.0,0.0,0.0,0.0,0.0,0.0,0.0,0.0,0.0,0.0,0.0,0.0,0.0,0.0,2.0,0.0,0.0,0.67,0.0,0.0,0.0,90.0,100.0,90.0,3,0,0.0,0,0.33,1.0,9.0,-8.0,-2.67,0.0,0.0,2.0,0.0,1.0,0.0,4.0,6.0,0.0,0.0,0.0,0.0,0.0,0.0,0.0,0.0,0.0,0.0,0.0,0.0,0.0,0.0,0.0,0.0,0.0,0.0,0.0,0.0,0.0,0.6666666666666667,0.0,1.3333333333333335,2.0,0.6666666666666667,0.0,0.0,DF
Shurandy Sambo,Curaçao,Curaçao,DF,24,2001,Sparta R.,1,0,1.0,0.0,0.0,0.0,0.0,0.0,0.0,0.0,0.0,0.0,0.0,0.0,0.0,0.0,0.0,0.0,0.0,0.0,0.0,0.0,0.0,0.0,1.0,0.4,0.0,0,1,1.0,2,0.0,0.0,0.0,0.0,0.0,2.68,0.0,0.0,0.0,0.0,0.0,1.0,0.0,0.0,0.0,0.0,0.0,0.0,0.0,0.0,0.0,0.0,0.0,0.0,0.0,0.0,0.0,0.0,0.0,0.0,0.0,0.0,0.0,0.0,0.0,0.0,90.0,0.0,0.0,0.0,0.0,DF
Sontje Hansen,Curaçao,Curaçao,FW,24,2002,Middlesbrough,1,1,45.0,0.5,0.0,0.0,0.0,0.0,0.0,0.0,0.0,0.0,0.0,0.0,0.0,0.0,0.0,1.0,1.0,100.0,2.0,2.0,0.0,0.0,45.0,16.7,45.0,0,0,0.0,2,0.0,1.0,3.0,-2.0,-4.0,-1.6,0.0,0.0,0.0,0.0,0.0,0.0,0.0,0.0,0.0,0.0,0.0,0.0,0.0,0.0,0.0,0.0,0.0,0.0,0.0,0.0,0.0,0.0,0.0,0.0,0.0,0.0,0.0,0.0,2.0,2.0,0.0,0.0,0.0,0.0,0.0,FW
Tahith Chong,Curaçao,Curaçao,MF,26,1999,Sheffield United,3,3,247.0,2.7,0.0,0.0,0.0,0.0,0.0,0.0,0.0,0.0,0.0,0.0,0.0,0.0,0.0,4.0,2.0,50.0,1.46,0.73,0.0,0.0,82.0,91.5,82.0,1,0,0.0,0,0.33,1.0,8.0,-7.0,-2.55,1.36,0.0,3.0,13.0,0.0,1.0,1.0,0.0,0.0,0.0,0.0,0.0,0.0,0.0,0.0,0.0,0.0,0.0,0.0,0.0,0.0,0.0,0.0,0.0,0.0,0.0,0.0,0.0,0.0,1.45748987854251,0.728744939271255,0.3643724696356275,0.0,1.0931174089068827,0.3643724696356275,0.0,MF
Trevor Doornbusch,Curaçao,Curaçao,GK,26,1999,Unknown Club,0,0,0.0,0.0,0.0,0.0,0.0,0.0,0.0,0.0,0.0,0.0,0.0,0.0,0.0,0.0,0.0,0.0,0.0,0.0,0.0,0.0,0.0,0.0,0.0,0.0,0.0,0,0,0.0,3,0.0,0.0,0.0,0.0,0.0,0.0,0.0,0.0,0.0,0.0,0.0,0.0,0.0,0.0,0.0,0.0,0.0,0.0,0.0,0.0,0.0,0.0,0.0,0.0,0.0,0.0,0.0,0.0,0.0,0.0,0.0,0.0,0.0,0.0,0.0,0.0,0.0,0.0,0.0,0.0,0.0,GK
Tyrese Noslin,Curaçao,Curaçao,MF,23,2002,Telstar,1,0,14.0,0.2,0.0,0.0,0.0,0.0,0.0,0.0,0.0,0.0,0.0,0.0,0.0,0.0,0.0,0.0,0.0,0.0,0.0,0.0,0.0,0.0,14.0,5.2,0.0,0,1,14.0,2,0.0,0.0,0.0,0.0,0.0,2.81,0.0,0.0,2.0,0.0,3.0,0.0,0.0,0.0,0.0,0.0,0.0,0.0,0.0,0.0,0.0,0.0,0.0,0.0,0.0,0.0,0.0,0.0,0.0,0.0,0.0,0.0,0.0,0.0,0.0,0.0,0.0,0.0,0.0,19.285714285714285,0.0,MF
Tyrick Bodak,Curaçao,Curaçao,GK,24,2002,Unknown Club,0,0,0.0,0.0,0.0,0.0,0.0,0.0,0.0,0.0,0.0,0.0,0.0,0.0,0.0,0.0,0.0,0.0,0.0,0.0,0.0,0.0,0.0,0.0,0.0,0.0,0.0,0,0,0.0,3,0.0,0.0,0.0,0.0,0.0,0.0,0.0,0.0,0.0,0.0,0.0,0.0,0.0,0.0,0.0,0.0,0.0,0.0,0.0,0.0,0.0,0.0,0.0,0.0,0.0,0.0,0.0,0.0,0.0,0.0,0.0,0.0,0.0,0.0,0.0,0.0,0.0,0.0,0.0,0.0,0.0,GK
Adam Hložek,Czechia,Czech Republic,FW,23,2002,Hoffenheim,3,2,156.0,1.7,0.0,0.0,0.0,0.0,0.0,0.0,0.0,0.0,0.0,0.0,0.0,0.0,0.0,3.0,1.0,33.3,1.73,0.58,0.0,0.0,52.0,57.8,65.0,0,1,27.0,0,0.33,1.0,4.0,-3.0,-1.73,-0.94,0.0,4.0,4.0,0.0,0.0,1.0,1.0,0.0,0.0,0.0,0.0,0.0,0.0,0.0,0.0,0.0,0.0,0.0,0.0,0.0,0.0,0.0,0.0,0.0,0.0,0.0,0.0,0.0,1.7307692307692308,0.5769230769230769,0.5769230769230769,0.5769230769230769,2.3076923076923075,0.0,0.0,FW
Alexandr Sojka,Czechia,Czech Republic,"MF,DF",23,2003,Viktoria Plzeň,3,2,141.0,1.6,0.0,1.0,1.0,0.0,0.0,0.0,0.0,0.0,0.0,0.64,0.64,0.0,0.64,0.0,0.0,0.0,0.0,0.0,0.0,0.0,47.0,52.2,69.0,0,1,4.0,0,0.33,2.0,3.0,-1.0,-0.64,1.45,0.0,0.0,2.0,0.0,6.0,2.0,1.0,0.0,0.0,0.0,0.0,0.0,0.0,0.0,0.0,0.0,0.0,0.0,0.0,0.0,0.0,0.0,0.0,0.0,0.0,0.0,0.0,0.6382978723404256,0.0,0.0,1.2765957446808511,0.6382978723404256,0.0,3.829787234042553,0.6382978723404256,DF
David Douděra,Czechia,Czech Republic,MF,28,1998,Slavia Prague,1,1,90.0,1.0,0.0,0.0,0.0,0.0,0.0,0.0,0.0,0.0,0.0,0.0,0.0,0.0,0.0,4.0,0.0,0.0,4.0,0.0,0.0,0.0,90.0,33.3,90.0,1,0,0.0,2,0.0,0.0,3.0,-3.0,-3.0,-2.5,0.0,0.0,1.0,0.0,5.0,1.0,0.0,0.0,0.0,0.0,0.0,0.0,0.0,0.0,0.0,0.0,0.0,0.0,0.0,0.0,0.0,0.0,0.0,0.0,0.0,0.0,0.0,0.0,4.0,0.0,1.0,0.0,0.0,5.0,0.0,MF
David Jurásek,Czechia,Czech Republic,"DF,MF",25,2000,Unknown Club,0,0,0.0,0.0,0.0,0.0,0.0,0.0,0.0,0.0,0.0,0.0,0.0,0.0,0.0,0.0,0.0,0.0,0.0,0.0,0.0,0.0,0.0,0.0,0.0,0.0,0.0,0,0,0.0,1,0.0,0.0,0.0,0.0,0.0,0.0,0.0,0.0,0.0,0.0,0.0,0.0,0.0,0.0,0.0,0.0,0.0,0.0,0.0,0.0,0.0,0.0,0.0,0.0,0.0,0.0,0.0,0.0,0.0,0.0,0.0,0.0,0.0,0.0,0.0,0.0,0.0,0.0,0.0,0.0,0.0,DF
David Zima,Czechia,Czech Republic,DF,25,2000,Slavia Prague,1,0,13.0,0.1,0.0,0.0,0.0,0.0,0.0,0.0,0.0,0.0,0.0,0.0,0.0,0.0,0.0,0.0,0.0,0.0,0.0,0.0,0.0,0.0,13.0,4.8,0.0,0,1,13.0,2,1.0,0.0,1.0,-1.0,-6.92,-5.87,0.0,0.0,0.0,0.0,0.0,0.0,0.0,0.0,0.0,0.0,0.0,0.0,0.0,0.0,0.0,0.0,0.0,0.0,0.0,0.0,0.0,0.0,0.0,0.0,0.0,0.0,0.0,0.0,0.0,0.0,0.0,0.0,0.0,0.0,0.0,DF
Denis Višinský,Czechia,Czech Republic,FW,23,2003,Viktoria Plzeň,1,1,55.0,0.6,0.0,0.0,0.0,0.0,0.0,0.0,0.0,0.0,0.0,0.0,0.0,0.0,0.0,3.0,0.0,0.0,4.91,0.0,0.0,0.0,55.0,20.4,55.0,0,0,0.0,2,0.0,0.0,1.0,-1.0,-1.64,-0.38,0.0,0.0,1.0,0.0,0.0,0.0,0.0,0.0,0.0,0.0,0.0,0.0,0.0,0.0,0.0,0.0,0.0,0.0,0.0,0.0,0.0,0.0,0.0,0.0,0.0,0.0,0.0,0.0,4.909090909090909,0.0,0.0,0.0,0.0,0.0,0.0,FW
Hugo Sochůrek,Czechia,Czech Republic,MF,18,2008,Unknown Club,0,0,0.0,0.0,0.0,0.0,0.0,0.0,0.0,0.0,0.0,0.0,0.0,0.0,0.0,0.0,0.0,0.0,0.0,0.0,0.0,0.0,0.0,0.0,0.0,0.0,0.0,0,0,0.0,3,0.0,0.0,0.0,0.0,0.0,0.0,0.0,0.0,0.0,0.0,0.0,0.0,0.0,0.0,0.0,0.0,0.0,0.0,0.0,0.0,0.0,0.0,0.0,0.0,0.0,0.0,0.0,0.0,0.0,0.0,0.0,0.0,0.0,0.0,0.0,0.0,0.0,0.0,0.0,0.0,0.0,MF
Jan Kuchta,Czechia,Czech Republic,FW,29,1997,Unknown Club,0,0,0.0,0.0,0.0,0.0,0.0,0.0,0.0,0.0,0.0,0.0,0.0,0.0,0.0,0.0,0.0,0.0,0.0,0.0,0.0,0.0,0.0,0.0,0.0,0.0,0.0,0,0,0.0,3,0.0,0.0,0.0,0.0,0.0,0.0,0.0,0.0,0.0,0.0,0.0,0.0,0.0,0.0,0.0,0.0,0.0,0.0,0.0,0.0,0.0,0.0,0.0,0.0,0.0,0.0,0.0,0.0,0.0,0.0,0.0,0.0,0.0,0.0,0.0,0.0,0.0,0.0,0.0,0.0,0.0,FW
Jaroslav Zelený,Czechia,Czech Republic,MF,33,1992,Sparta Prague,2,1,126.0,1.4,0.0,0.0,0.0,0.0,0.0,0.0,0.0,0.0,0.0,0.0,0.0,0.0,0.0,1.0,0.0,0.0,0.71,0.0,0.0,0.0,63.0,46.7,90.0,1,1,36.0,1,0.5,1.0,3.0,-2.0,-1.43,-0.18,0.0,0.0,2.0,0.0,4.0,0.0,0.0,0.0,0.0,0.0,0.0,0.0,0.0,0.0,0.0,0.0,0.0,0.0,0.0,0.0,0.0,0.0,0.0,0.0,0.0,0.0,0.0,0.0,0.7142857142857142,0.0,0.0,0.0,0.0,2.8571428571428568,0.0,MF
Jindřich Staněk,Czechia,Czech Republic,GK,30,1996,Unknown Club,0,0,0.0,0.0,0.0,0.0,0.0,0.0,0.0,0.0,0.0,0.0,0.0,0.0,0.0,0.0,0.0,0.0,0.0,0.0,0.0,0.0,0.0,0.0,0.0,0.0,0.0,0,0,0.0,3,0.0,0.0,0.0,0.0,0.0,0.0,0.0,0.0,0.0,0.0,0.0,0.0,0.0,0.0,0.0,0.0,0.0,0.0,0.0,0.0,0.0,0.0,0.0,0.0,0.0,0.0,0.0,0.0,0.0,0.0,0.0,0.0,0.0,0.0,0.0,0.0,0.0,0.0,0.0,0.0,0.0,GK
Ladislav Krejčí,Czechia,Czech Republic,DF,27,1999,Wolves,3,3,270.0,3.0,1.0,0.0,1.0,1.0,0.0,0.0,1.0,0.0,0.33,0.0,0.33,0.33,0.33,5.0,1.0,20.0,1.67,0.33,0.2,1.0,90.0,100.0,90.0,3,0,0.0,0,0.33,2.0,6.0,-4.0,-1.33,0.0,0.0,6.0,2.0,0.0,2.0,1.0,3.0,0.0,0.0,0.0,0.0,0.0,0.0,0.0,0.0,0.0,0.0,0.0,0.0,0.0,0.0,0.0,0.0,0.0,0.0,0.0,0.33333333333333337,0.0,1.6666666666666665,0.33333333333333337,0.33333333333333337,1.0,2.0,0.6666666666666667,0.33333333333333337,DF
Lukáš Horníček,Czechia,Czech Republic,GK,23,2002,Unknown Club,0,0,0.0,0.0,0.0,0.0,0.0,0.0,0.0,0.0,0.0,0.0,0.0,0.0,0.0,0.0,0.0,0.0,0.0,0.0,0.0,0.0,0.0,0.0,0.0,0.0,0.0,0,0,0.0,3,0.0,0.0,0.0,0.0,0.0,0.0,0.0,0.0,0.0,0.0,0.0,0.0,0.0,0.0,0.0,0.0,0.0,0.0,0.0,0.0,0.0,0.0,0.0,0.0,0.0,0.0,0.0,0.0,0.0,0.0,0.0,0.0,0.0,0.0,0.0,0.0,0.0,0.0,0.0,0.0,0.0,GK
Lukáš Provod,Czechia,Czech Republic,FW,29,1996,Slavia Prague,3,1,122.0,1.4,0.0,0.0,0.0,0.0,0.0,0.0,0.0,0.0,0.0,0.0,0.0,0.0,0.0,1.0,0.0,0.0,0.74,0.0,0.0,0.0,41.0,45.2,63.0,0,2,30.0,0,0.33,1.0,3.0,-2.0,-1.48,-0.26,0.0,2.0,1.0,1.0,5.0,1.0,3.0,0.0,0.0,0.0,0.0,0.0,0.0,0.0,0.0,0.0,0.0,0.0,0.0,0.0,0.0,0.0,0.0,0.0,0.0,0.0,0.0,0.0,0.7377049180327869,0.0,0.7377049180327869,2.2131147540983607,1.4754098360655739,3.6885245901639343,0.0,FW
Lukáš Červ,Czechia,Czech Republic,MF,25,2001,Viktoria Plzeň,2,2,163.0,1.8,0.0,0.0,0.0,0.0,0.0,0.0,0.0,0.0,0.0,0.0,0.0,0.0,0.0,3.0,2.0,66.7,1.66,1.1,0.0,0.0,82.0,60.4,82.0,0,0,0.0,1,0.5,1.0,2.0,-1.0,-0.55,1.97,0.0,3.0,3.0,0.0,0.0,0.0,3.0,0.0,0.0,0.0,0.0,0.0,0.0,0.0,0.0,0.0,0.0,0.0,0.0,0.0,0.0,0.0,0.0,0.0,0.0,0.0,0.0,0.0,1.6564417177914113,1.1042944785276074,0.0,1.6564417177914113,1.6564417177914113,0.0,0.0,MF
Matej Kovar,Czechia,Czech Republic,GK,26,2000,PSV,3,3,270.0,3.0,0.0,0.0,0.0,0.0,0.0,0.0,0.0,0.0,0.0,0.0,0.0,0.0,0.0,0.0,0.0,0.0,0.0,0.0,0.0,0.0,90.0,100.0,90.0,3,0,0.0,0,0.33,2.0,6.0,-4.0,-1.33,0.0,0.0,0.0,0.0,0.0,0.0,0.0,0.0,0.0,3.0,3.0,270.0,6.0,2.0,15.0,9.0,60.0,0.0,1.0,2.0,0.0,0.0,1.0,1.0,0.0,0.0,0.0,0.0,0.0,0.0,0.0,0.0,0.0,0.0,0.0,0.0,GK
Michal Sadílek,Czechia,Czech Republic,MF,27,1999,Slavia Prague,3,2,183.0,2.0,1.0,0.0,1.0,1.0,0.0,0.0,0.0,0.0,0.49,0.0,0.49,0.49,0.49,7.0,3.0,42.9,3.44,1.48,0.14,0.33,61.0,67.8,78.0,1,1,27.0,0,0.33,1.0,5.0,-4.0,-1.97,-1.97,0.0,0.0,3.0,0.0,12.0,2.0,2.0,0.0,0.0,0.0,0.0,0.0,0.0,0.0,0.0,0.0,0.0,0.0,0.0,0.0,0.0,0.0,0.0,0.0,0.0,0.0,0.4918032786885246,0.0,3.4426229508196724,1.4754098360655739,0.9836065573770492,0.9836065573770492,0.0,5.901639344262295,0.4918032786885246,MF
Mojmír Chytil,Czechia,Czech Republic,FW,27,1999,Slavia Prague,1,0,7.0,0.1,0.0,0.0,0.0,0.0,0.0,0.0,0.0,0.0,0.0,0.0,0.0,0.0,0.0,0.0,0.0,0.0,0.0,0.0,0.0,0.0,7.0,2.6,0.0,0,1,7.0,2,0.0,0.0,0.0,0.0,0.0,1.37,0.0,1.0,0.0,0.0,0.0,0.0,0.0,0.0,0.0,0.0,0.0,0.0,0.0,0.0,0.0,0.0,0.0,0.0,0.0,0.0,0.0,0.0,0.0,0.0,0.0,0.0,0.0,0.0,0.0,0.0,0.0,0.0,12.857142857142856,0.0,0.0,FW
Patrik Schick,Czechia,Czech Republic,FW,30,1996,Leverkusen,3,2,180.0,2.0,0.0,0.0,0.0,0.0,0.0,0.0,0.0,0.0,0.0,0.0,0.0,0.0,0.0,2.0,1.0,50.0,1.0,0.5,0.0,0.0,60.0,66.7,77.0,1,1,27.0,0,0.33,2.0,2.0,0.0,0.0,4.0,0.0,1.0,3.0,0.0,0.0,0.0,0.0,0.0,0.0,0.0,0.0,0.0,0.0,0.0,0.0,0.0,0.0,0.0,0.0,0.0,0.0,0.0,0.0,0.0,0.0,0.0,0.0,0.0,1.0,0.5,0.0,0.0,0.5,0.0,0.0,FW
Pavel Šulc,Czechia,Czech Republic,FW,25,2000,Lyon,3,2,189.0,2.1,0.0,0.0,0.0,0.0,0.0,0.0,0.0,0.0,0.0,0.0,0.0,0.0,0.0,2.0,0.0,0.0,0.95,0.0,0.0,0.0,63.0,70.0,77.0,1,1,36.0,0,0.33,1.0,4.0,-3.0,-1.43,-0.32,0.0,2.0,1.0,1.0,1.0,0.0,2.0,0.0,0.0,0.0,0.0,0.0,0.0,0.0,0.0,0.0,0.0,0.0,0.0,0.0,0.0,0.0,0.0,0.0,0.0,0.0,0.0,0.0,0.9523809523809523,0.0,0.0,0.9523809523809523,0.9523809523809523,0.47619047619047616,0.0,FW
Robin Hranáč,Czechia,Czech Republic,DF,26,2000,Hoffenheim,3,3,270.0,3.0,0.0,0.0,0.0,0.0,0.0,0.0,0.0,0.0,0.0,0.0,0.0,0.0,0.0,0.0,0.0,0.0,0.0,0.0,0.0,0.0,90.0,100.0,90.0,3,0,0.0,0,0.33,2.0,6.0,-4.0,-1.33,0.0,0.0,6.0,0.0,0.0,1.0,1.0,0.0,0.0,0.0,0.0,0.0,0.0,0.0,0.0,0.0,0.0,0.0,0.0,0.0,0.0,0.0,0.0,0.0,0.0,0.0,0.0,0.0,0.0,0.0,0.0,0.33333333333333337,0.0,2.0,0.33333333333333337,0.0,DF
Tomáš Chorý,Czechia,Czech Republic,FW,31,1995,Slavia Prague,2,0,31.0,0.3,0.0,0.0,0.0,0.0,0.0,0.0,0.0,0.0,0.0,0.0,0.0,0.0,0.0,0.0,0.0,0.0,0.0,0.0,0.0,0.0,16.0,11.5,0.0,0,2,16.0,1,0.0,0.0,3.0,-3.0,-8.71,-8.33,0.0,2.0,1.0,0.0,0.0,0.0,0.0,0.0,0.0,0.0,0.0,0.0,0.0,0.0,0.0,0.0,0.0,0.0,0.0,0.0,0.0,0.0,0.0,0.0,0.0,0.0,0.0,0.0,0.0,0.0,0.0,0.0,5.806451612903226,0.0,0.0,FW
Tomáš Holeš,Czechia,Czech Republic,DF,33,1993,Slavia Prague,2,2,153.0,1.7,0.0,0.0,0.0,0.0,0.0,0.0,0.0,0.0,0.0,0.0,0.0,0.0,0.0,0.0,0.0,0.0,0.0,0.0,0.0,0.0,77.0,56.7,77.0,1,0,0.0,1,0.5,1.0,3.0,-2.0,-1.18,0.36,0.0,2.0,2.0,0.0,0.0,4.0,3.0,0.0,0.0,0.0,0.0,0.0,0.0,0.0,0.0,0.0,0.0,0.0,0.0,0.0,0.0,0.0,0.0,0.0,0.0,0.0,0.0,0.0,0.0,0.0,2.3529411764705883,1.7647058823529411,1.1764705882352942,0.0,0.0,DF
Tomáš Souček,Czechia,Czech Republic,MF,31,1995,West Ham,3,1,137.0,1.5,0.0,0.0,0.0,0.0,0.0,0.0,0.0,0.0,0.0,0.0,0.0,0.0,0.0,1.0,0.0,0.0,0.66,0.0,0.0,0.0,46.0,50.7,90.0,1,2,24.0,0,0.33,1.0,3.0,-2.0,-1.31,0.04,0.0,3.0,1.0,2.0,1.0,1.0,0.0,0.0,0.0,0.0,0.0,0.0,0.0,0.0,0.0,0.0,0.0,0.0,0.0,0.0,0.0,0.0,0.0,0.0,0.0,0.0,0.0,0.0,0.656934306569343,0.0,0.656934306569343,0.0,1.9708029197080292,0.656934306569343,0.0,MF
Vladimír Coufal,Czechia,Czech Republic,"MF,DF",33,1992,Hoffenheim,3,3,270.0,3.0,0.0,1.0,1.0,0.0,0.0,0.0,0.0,0.0,0.0,0.33,0.33,0.0,0.33,1.0,0.0,0.0,0.33,0.0,0.0,0.0,90.0,100.0,90.0,3,0,0.0,0,0.33,2.0,6.0,-4.0,-1.33,0.0,0.0,4.0,3.0,1.0,20.0,2.0,1.0,0.0,0.0,0.0,0.0,0.0,0.0,0.0,0.0,0.0,0.0,0.0,0.0,0.0,0.0,0.0,0.0,0.0,0.0,0.0,0.0,0.33333333333333337,0.33333333333333337,0.0,0.6666666666666667,0.33333333333333337,1.3333333333333335,6.666666666666666,0.33333333333333337,DF
Vladimír Darida,Czechia,Czech Republic,MF,35,1990,Hradec Králové,1,1,54.0,0.6,0.0,0.0,0.0,0.0,0.0,0.0,0.0,0.0,0.0,0.0,0.0,0.0,0.0,1.0,0.0,0.0,1.67,0.0,0.0,0.0,54.0,20.0,54.0,0,0,0.0,2,1.0,1.0,0.0,1.0,1.67,3.75,0.0,0.0,1.0,0.0,0.0,1.0,0.0,0.0,0.0,0.0,0.0,0.0,0.0,0.0,0.0,0.0,0.0,0.0,0.0,0.0,0.0,0.0,0.0,0.0,0.0,0.0,0.0,0.0,1.6666666666666665,0.0,1.6666666666666665,0.0,0.0,0.0,0.0,MF
Štěpán Chaloupek,Czechia,Czech Republic,DF,23,2003,Slavia Prague,1,1,90.0,1.0,0.0,0.0,0.0,0.0,0.0,0.0,0.0,0.0,0.0,0.0,0.0,0.0,0.0,0.0,0.0,0.0,0.0,0.0,0.0,0.0,90.0,33.3,90.0,1,0,0.0,2,0.0,1.0,2.0,-1.0,-1.0,0.5,0.0,1.0,0.0,0.0,0.0,2.0,0.0,0.0,0.0,0.0,0.0,0.0,0.0,0.0,0.0,0.0,0.0,0.0,0.0,0.0,0.0,0.0,0.0,0.0,0.0,0.0,0.0,0.0,0.0,0.0,2.0,0.0,1.0,0.0,0.0,DF
Alban Lafont,Côte d'Ivoire,Côte d'Ivoire,GK,27,1999,Unknown Club,0,0,0.0,0.0,0.0,0.0,0.0,0.0,0.0,0.0,0.0,0.0,0.0,0.0,0.0,0.0,0.0,0.0,0.0,0.0,0.0,0.0,0.0,0.0,0.0,0.0,0.0,0,0,0.0,4,0.0,0.0,0.0,0.0,0.0,0.0,0.0,0.0,0.0,0.0,0.0,0.0,0.0,0.0,0.0,0.0,0.0,0.0,0.0,0.0,0.0,0.0,0.0,0.0,0.0,0.0,0.0,0.0,0.0,0.0,0.0,0.0,0.0,0.0,0.0,0.0,0.0,0.0,0.0,0.0,0.0,GK
Amad Diallo,Côte d'Ivoire,Côte d'Ivoire,"MF,FW",23,2002,Manchester Utd,4,2,185.0,2.1,2.0,0.0,2.0,2.0,0.0,0.0,0.0,0.0,0.97,0.0,0.97,0.97,0.97,8.0,4.0,50.0,3.89,1.95,0.25,0.5,46.0,51.4,60.0,0,2,33.0,0,1.5,4.0,2.0,2.0,0.97,1.49,0.0,0.0,2.0,1.0,4.0,2.0,4.0,0.0,0.0,0.0,0.0,0.0,0.0,0.0,0.0,0.0,0.0,0.0,0.0,0.0,0.0,0.0,0.0,0.0,0.0,0.0,0.972972972972973,0.0,3.891891891891892,1.945945945945946,0.972972972972973,1.945945945945946,0.0,1.945945945945946,0.972972972972973,MF
Ange-Yoan Bonny,Côte d'Ivoire,Côte d'Ivoire,FW,22,2003,Inter,4,3,234.0,2.6,0.0,0.0,0.0,0.0,0.0,0.0,0.0,0.0,0.0,0.0,0.0,0.0,0.0,1.0,1.0,100.0,0.38,0.38,0.0,0.0,59.0,65.0,66.0,0,1,35.0,0,1.5,4.0,2.0,2.0,0.77,1.48,0.0,1.0,3.0,1.0,1.0,1.0,2.0,0.0,0.0,0.0,0.0,0.0,0.0,0.0,0.0,0.0,0.0,0.0,0.0,0.0,0.0,0.0,0.0,0.0,0.0,0.0,0.0,0.0,0.38461538461538464,0.38461538461538464,0.38461538461538464,0.7692307692307693,0.38461538461538464,0.38461538461538464,0.0,FW
Bazoumana Touré,Côte d'Ivoire,Côte d'Ivoire,MF,20,2006,Hoffenheim,3,1,80.0,0.9,0.0,0.0,0.0,0.0,0.0,0.0,0.0,0.0,0.0,0.0,0.0,0.0,0.0,0.0,0.0,0.0,0.0,0.0,0.0,0.0,27.0,22.2,55.0,0,2,13.0,1,2.0,0.0,0.0,0.0,0.0,-0.32,0.0,0.0,1.0,0.0,2.0,0.0,1.0,0.0,0.0,0.0,0.0,0.0,0.0,0.0,0.0,0.0,0.0,0.0,0.0,0.0,0.0,0.0,0.0,0.0,0.0,0.0,0.0,0.0,0.0,0.0,0.0,1.125,0.0,2.25,0.0,MF
Christ Inao Oulaï,Côte d'Ivoire,Côte d'Ivoire,MF,20,2006,Trabzonspor,4,2,208.0,2.3,0.0,0.0,0.0,0.0,0.0,0.0,0.0,0.0,0.0,0.0,0.0,0.0,0.0,2.0,0.0,0.0,0.87,0.0,0.0,0.0,52.0,57.8,75.0,1,2,30.0,0,1.5,3.0,3.0,0.0,0.0,-0.59,0.0,3.0,5.0,0.0,0.0,6.0,4.0,0.0,0.0,0.0,0.0,0.0,0.0,0.0,0.0,0.0,0.0,0.0,0.0,0.0,0.0,0.0,0.0,0.0,0.0,0.0,0.0,0.0,0.8653846153846154,0.0,2.5961538461538463,1.7307692307692308,1.2980769230769231,0.0,0.0,MF
Christopher Opéri,Côte d'Ivoire,Côte d'Ivoire,DF,29,1997,Başakşehir,1,1,90.0,1.0,0.0,0.0,0.0,0.0,0.0,0.0,0.0,0.0,0.0,0.0,0.0,0.0,0.0,0.0,0.0,0.0,0.0,0.0,0.0,0.0,90.0,25.0,90.0,1,0,0.0,3,3.0,2.0,0.0,2.0,2.0,2.33,0.0,2.0,0.0,0.0,2.0,1.0,2.0,0.0,0.0,0.0,0.0,0.0,0.0,0.0,0.0,0.0,0.0,0.0,0.0,0.0,0.0,0.0,0.0,0.0,0.0,0.0,0.0,0.0,0.0,0.0,1.0,2.0,2.0,2.0,0.0,DF
Elye Wahi,Côte d'Ivoire,Côte d'Ivoire,FW,23,2003,Nice,3,1,110.0,1.2,0.0,0.0,0.0,0.0,0.0,0.0,0.0,0.0,0.0,0.0,0.0,0.0,0.0,3.0,2.0,66.7,2.45,1.64,0.0,0.0,37.0,30.6,55.0,0,2,28.0,1,2.0,1.0,1.0,0.0,0.0,-0.36,0.0,0.0,0.0,0.0,0.0,0.0,1.0,0.0,0.0,0.0,0.0,0.0,0.0,0.0,0.0,0.0,0.0,0.0,0.0,0.0,0.0,0.0,0.0,0.0,0.0,0.0,0.0,0.0,2.4545454545454546,1.6363636363636362,0.0,0.8181818181818181,0.0,0.0,0.0,FW
Emmanuel Agbadou,Côte d'Ivoire,Côte d'Ivoire,DF,28,1997,Beşiktaş,3,3,270.0,3.0,0.0,0.0,0.0,0.0,0.0,0.0,0.0,0.0,0.0,0.0,0.0,0.0,0.0,3.0,1.0,33.3,1.0,0.33,0.0,0.0,90.0,75.0,90.0,3,0,0.0,1,1.0,3.0,4.0,-1.0,-0.33,-2.33,0.0,0.0,0.0,0.0,0.0,4.0,6.0,0.0,0.0,0.0,0.0,0.0,0.0,0.0,0.0,0.0,0.0,0.0,0.0,0.0,0.0,0.0,0.0,0.0,0.0,0.0,0.0,0.0,1.0,0.33333333333333337,1.3333333333333335,2.0,0.0,0.0,0.0,DF
Evann Guessand,Côte d'Ivoire,Côte d'Ivoire,"FW,MF",24,2001,Crystal Palace,2,0,17.0,0.2,0.0,0.0,0.0,0.0,0.0,0.0,0.0,0.0,0.0,0.0,0.0,0.0,0.0,1.0,0.0,0.0,5.29,0.0,0.0,0.0,9.0,4.7,0.0,0,2,9.0,2,0.0,0.0,1.0,-1.0,-5.29,-5.82,0.0,1.0,0.0,0.0,0.0,0.0,0.0,0.0,0.0,0.0,0.0,0.0,0.0,0.0,0.0,0.0,0.0,0.0,0.0,0.0,0.0,0.0,0.0,0.0,0.0,0.0,0.0,0.0,5.294117647058823,0.0,0.0,0.0,5.294117647058823,0.0,0.0,MF
Franck Kessié,Côte d'Ivoire,Côte d'Ivoire,MF,29,1996,Al-Ahli,4,4,346.0,3.8,1.0,0.0,1.0,1.0,0.0,0.0,1.0,0.0,0.26,0.0,0.26,0.26,0.26,4.0,2.0,50.0,1.04,0.52,0.25,0.5,87.0,96.1,87.0,3,0,0.0,0,1.5,5.0,4.0,1.0,0.26,0.26,0.0,7.0,2.0,1.0,2.0,0.0,4.0,0.0,0.0,0.0,0.0,0.0,0.0,0.0,0.0,0.0,0.0,0.0,0.0,0.0,0.0,0.0,0.0,0.0,0.0,0.0,0.26011560693641617,0.0,1.0404624277456647,0.5202312138728323,0.0,1.0404624277456647,1.8208092485549132,0.5202312138728323,0.26011560693641617,MF
Ghislain Konan,Côte d'Ivoire,Côte d'Ivoire,DF,30,1995,Gil Vicente FC,3,3,269.0,3.0,0.0,0.0,0.0,0.0,0.0,0.0,0.0,0.0,0.0,0.0,0.0,0.0,0.0,4.0,0.0,0.0,1.34,0.0,0.0,0.0,90.0,74.7,90.0,2,0,0.0,1,1.0,3.0,4.0,-1.0,-0.33,-2.31,0.0,0.0,1.0,0.0,8.0,0.0,3.0,0.0,0.0,0.0,0.0,0.0,0.0,0.0,0.0,0.0,0.0,0.0,0.0,0.0,0.0,0.0,0.0,0.0,0.0,0.0,0.0,0.0,1.3382899628252787,0.0,0.0,1.003717472118959,0.0,2.6765799256505574,0.0,DF
Guéla Doué,Côte d'Ivoire,Côte d'Ivoire,DF,23,2002,Strasbourg,4,3,277.0,3.1,0.0,0.0,0.0,0.0,0.0,0.0,1.0,0.0,0.0,0.0,0.0,0.0,0.0,1.0,0.0,0.0,0.32,0.0,0.0,0.0,69.0,76.9,89.0,2,1,9.0,0,1.5,3.0,3.0,0.0,0.0,-1.08,0.0,6.0,5.0,0.0,12.0,3.0,5.0,0.0,0.0,0.0,0.0,0.0,0.0,0.0,0.0,0.0,0.0,0.0,0.0,0.0,0.0,0.0,0.0,0.0,0.0,0.0,0.0,0.0,0.3249097472924188,0.0,0.9747292418772563,1.6245487364620939,1.9494584837545126,3.898916967509025,0.0,DF
Ibrahim Sangaré,Côte d'Ivoire,Côte d'Ivoire,MF,28,1997,Nottingham,4,3,268.0,3.0,0.0,1.0,1.0,0.0,0.0,0.0,0.0,0.0,0.0,0.34,0.34,0.0,0.34,1.0,0.0,0.0,0.34,0.0,0.0,0.0,67.0,74.4,85.0,2,1,14.0,0,1.5,5.0,3.0,2.0,0.67,1.65,0.0,2.0,4.0,0.0,0.0,6.0,5.0,0.0,0.0,0.0,0.0,0.0,0.0,0.0,0.0,0.0,0.0,0.0,0.0,0.0,0.0,0.0,0.0,0.0,0.0,0.0,0.0,0.33582089552238803,0.33582089552238803,0.0,2.014925373134328,1.6791044776119401,0.6716417910447761,0.0,0.33582089552238803,MF
Jean Seri,Côte d'Ivoire,Côte d'Ivoire,MF,34,1991,Unknown Club,1,0,14.0,0.2,0.0,0.0,0.0,0.0,0.0,0.0,0.0,0.0,0.0,0.0,0.0,0.0,0.0,0.0,0.0,0.0,0.0,0.0,0.0,0.0,14.0,3.9,0.0,0,1,14.0,3,3.0,0.0,0.0,0.0,0.0,-0.26,0.0,0.0,0.0,0.0,3.0,0.0,1.0,0.0,0.0,0.0,0.0,0.0,0.0,0.0,0.0,0.0,0.0,0.0,0.0,0.0,0.0,0.0,0.0,0.0,0.0,0.0,0.0,0.0,0.0,0.0,0.0,6.428571428571428,0.0,19.285714285714285,0.0,MF
Mohamed Koné,Côte d'Ivoire,Côte d'Ivoire,GK,24,2002,Unknown Club,0,0,0.0,0.0,0.0,0.0,0.0,0.0,0.0,0.0,0.0,0.0,0.0,0.0,0.0,0.0,0.0,0.0,0.0,0.0,0.0,0.0,0.0,0.0,0.0,0.0,0.0,0,0,0.0,4,0.0,0.0,0.0,0.0,0.0,0.0,0.0,0.0,0.0,0.0,0.0,0.0,0.0,0.0,0.0,0.0,0.0,0.0,0.0,0.0,0.0,0.0,0.0,0.0,0.0,0.0,0.0,0.0,0.0,0.0,0.0,0.0,0.0,0.0,0.0,0.0,0.0,0.0,0.0,0.0,0.0,GK
Nicolas Pépé,Côte d'Ivoire,Côte d'Ivoire,FW,31,1995,Villarreal,4,3,234.0,2.6,2.0,1.0,3.0,2.0,0.0,0.0,1.0,0.0,0.77,0.38,1.15,0.77,1.15,6.0,3.0,50.0,2.31,1.15,0.33,0.67,59.0,65.0,76.0,0,1,6.0,0,1.5,3.0,3.0,0.0,0.0,-0.71,0.0,1.0,1.0,1.0,10.0,3.0,0.0,0.0,0.0,0.0,0.0,0.0,0.0,0.0,0.0,0.0,0.0,0.0,0.0,0.0,0.0,0.0,0.0,0.0,0.0,0.0,0.7692307692307693,0.38461538461538464,2.3076923076923075,1.1538461538461537,1.1538461538461537,0.0,0.38461538461538464,3.8461538461538463,1.153846153846154,FW
Obite N'Dicka,Côte d'Ivoire,Côte d'Ivoire,DF,26,1999,Unknown Club,0,0,0.0,0.0,0.0,0.0,0.0,0.0,0.0,0.0,0.0,0.0,0.0,0.0,0.0,0.0,0.0,0.0,0.0,0.0,0.0,0.0,0.0,0.0,0.0,0.0,0.0,0,0,0.0,4,0.0,0.0,0.0,0.0,0.0,0.0,0.0,0.0,0.0,0.0,0.0,0.0,0.0,0.0,0.0,0.0,0.0,0.0,0.0,0.0,0.0,0.0,0.0,0.0,0.0,0.0,0.0,0.0,0.0,0.0,0.0,0.0,0.0,0.0,0.0,0.0,0.0,0.0,0.0,0.0,0.0,DF
Odilon Kossounou,Côte d'Ivoire,Côte d'Ivoire,DF,25,2001,Atalanta,4,3,272.0,3.0,0.0,0.0,0.0,0.0,0.0,0.0,0.0,0.0,0.0,0.0,0.0,0.0,0.0,0.0,0.0,0.0,0.0,0.0,0.0,0.0,68.0,75.6,90.0,3,1,2.0,0,1.5,5.0,4.0,1.0,0.33,0.33,0.0,0.0,1.0,0.0,0.0,3.0,3.0,0.0,0.0,0.0,0.0,0.0,0.0,0.0,0.0,0.0,0.0,0.0,0.0,0.0,0.0,0.0,0.0,0.0,0.0,0.0,0.0,0.0,0.0,0.0,0.9926470588235294,0.9926470588235294,0.0,0.0,0.0,DF
Oumar Diakité,Côte d'Ivoire,Côte d'Ivoire,FW,22,2003,Cercle Brugge,2,0,28.0,0.3,0.0,0.0,0.0,0.0,0.0,0.0,0.0,0.0,0.0,0.0,0.0,0.0,0.0,0.0,0.0,0.0,0.0,0.0,0.0,0.0,14.0,7.8,0.0,0,2,14.0,2,1.5,0.0,0.0,0.0,0.0,-0.27,0.0,0.0,0.0,0.0,1.0,0.0,1.0,0.0,0.0,0.0,0.0,0.0,0.0,0.0,0.0,0.0,0.0,0.0,0.0,0.0,0.0,0.0,0.0,0.0,0.0,0.0,0.0,0.0,0.0,0.0,0.0,3.214285714285714,0.0,3.214285714285714,0.0,FW
Ousmane Diomande,Côte d'Ivoire,Côte d'Ivoire,DF,22,2003,Sporting CP,1,1,90.0,1.0,0.0,0.0,0.0,0.0,0.0,0.0,0.0,0.0,0.0,0.0,0.0,0.0,0.0,0.0,0.0,0.0,0.0,0.0,0.0,0.0,90.0,25.0,90.0,1,0,0.0,3,3.0,2.0,0.0,2.0,2.0,2.33,0.0,0.0,0.0,0.0,0.0,1.0,0.0,0.0,0.0,0.0,0.0,0.0,0.0,0.0,0.0,0.0,0.0,0.0,0.0,0.0,0.0,0.0,0.0,0.0,0.0,0.0,0.0,0.0,0.0,0.0,1.0,0.0,0.0,0.0,0.0,DF
Parfait Guiagon,Côte d'Ivoire,Côte d'Ivoire,MF,25,2001,Unknown Club,0,0,0.0,0.0,0.0,0.0,0.0,0.0,0.0,0.0,0.0,0.0,0.0,0.0,0.0,0.0,0.0,0.0,0.0,0.0,0.0,0.0,0.0,0.0,0.0,0.0,0.0,0,0,0.0,4,0.0,0.0,0.0,0.0,0.0,0.0,0.0,0.0,0.0,0.0,0.0,0.0,0.0,0.0,0.0,0.0,0.0,0.0,0.0,0.0,0.0,0.0,0.0,0.0,0.0,0.0,0.0,0.0,0.0,0.0,0.0,0.0,0.0,0.0,0.0,0.0,0.0,0.0,0.0,0.0,0.0,MF
Seko Fofana,Côte d'Ivoire,Côte d'Ivoire,MF,31,1995,Porto,2,1,92.0,1.0,0.0,0.0,0.0,0.0,0.0,0.0,1.0,0.0,0.0,0.0,0.0,0.0,0.0,5.0,1.0,20.0,4.89,0.98,0.0,0.0,46.0,25.6,76.0,0,1,16.0,2,1.5,0.0,1.0,-1.0,-0.98,-1.65,0.0,1.0,0.0,0.0,0.0,2.0,0.0,0.0,0.0,0.0,0.0,0.0,0.0,0.0,0.0,0.0,0.0,0.0,0.0,0.0,0.0,0.0,0.0,0.0,0.0,0.0,0.0,0.0,4.891304347826087,0.9782608695652174,1.9565217391304348,0.0,0.9782608695652174,0.0,0.0,MF
Simon Adingra,Côte d'Ivoire,Côte d'Ivoire,"FW,MF",24,2002,Monaco,1,0,16.0,0.2,0.0,0.0,0.0,0.0,0.0,0.0,0.0,0.0,0.0,0.0,0.0,0.0,0.0,0.0,0.0,0.0,0.0,0.0,0.0,0.0,16.0,4.4,0.0,0,1,16.0,3,0.0,0.0,1.0,-1.0,-5.63,-6.15,0.0,0.0,0.0,0.0,1.0,0.0,0.0,0.0,0.0,0.0,0.0,0.0,0.0,0.0,0.0,0.0,0.0,0.0,0.0,0.0,0.0,0.0,0.0,0.0,0.0,0.0,0.0,0.0,0.0,0.0,0.0,0.0,0.0,5.625,0.0,MF
Wilfried Singo,Côte d'Ivoire,Côte d'Ivoire,DF,25,2000,Galatasaray,2,2,171.0,1.9,0.0,1.0,1.0,0.0,0.0,0.0,0.0,0.0,0.0,0.53,0.53,0.0,0.53,2.0,0.0,0.0,1.05,0.0,0.0,0.0,86.0,47.5,86.0,1,0,0.0,2,1.5,2.0,1.0,1.0,0.53,0.53,0.0,3.0,1.0,0.0,1.0,4.0,0.0,0.0,0.0,0.0,0.0,0.0,0.0,0.0,0.0,0.0,0.0,0.0,0.0,0.0,0.0,0.0,0.0,0.0,0.0,0.0,0.0,0.5263157894736842,1.0526315789473684,0.0,2.1052631578947367,0.0,1.5789473684210527,0.5263157894736842,0.5263157894736842,DF
Yahia Fofana,Côte d'Ivoire,Côte d'Ivoire,GK,25,2000,Rizespor,4,4,360.0,4.0,0.0,0.0,0.0,0.0,0.0,0.0,0.0,0.0,0.0,0.0,0.0,0.0,0.0,0.0,0.0,0.0,0.0,0.0,0.0,0.0,90.0,100.0,90.0,4,0,0.0,0,1.5,5.0,4.0,1.0,0.25,0.0,0.0,0.0,3.0,0.0,0.0,0.0,0.0,0.0,4.0,4.0,360.0,4.0,1.0,13.0,9.0,69.2,2.0,0.0,2.0,2.0,50.0,0.0,0.0,0.0,0.0,0.0,0.0,0.0,0.0,0.0,0.0,0.0,0.0,0.0,0.0,GK
Yan Diomandé,Côte d'Ivoire,Côte d'Ivoire,"MF,FW",19,2006,RB Leipzig,4,4,329.0,3.7,0.0,1.0,1.0,0.0,0.0,0.0,0.0,0.0,0.0,0.27,0.27,0.0,0.27,4.0,0.0,0.0,1.09,0.0,0.0,0.0,82.0,91.4,82.0,1,0,0.0,0,1.5,5.0,3.0,2.0,0.55,3.45,0.0,2.0,7.0,0.0,14.0,4.0,6.0,0.0,0.0,0.0,0.0,0.0,0.0,0.0,0.0,0.0,0.0,0.0,0.0,0.0,0.0,0.0,0.0,0.0,0.0,0.0,0.0,0.2735562310030395,1.094224924012158,0.0,1.094224924012158,1.641337386018237,0.547112462006079,3.829787234042553,0.2735562310030395,MF
Alan Franco,Ecuador,Ecuador,DF,27,1998,Atlético Mineiro,4,4,251.0,2.8,0.0,0.0,0.0,0.0,0.0,0.0,2.0,0.0,0.0,0.0,0.0,0.0,0.0,0.0,0.0,0.0,0.0,0.0,0.0,0.0,63.0,69.7,63.0,0,0,0.0,0,1.0,1.0,3.0,-2.0,-0.72,-0.72,0.0,7.0,0.0,0.0,5.0,4.0,6.0,0.0,0.0,0.0,0.0,0.0,0.0,0.0,0.0,0.0,0.0,0.0,0.0,0.0,0.0,0.0,0.0,0.0,0.0,0.0,0.0,0.0,0.0,0.0,1.4342629482071714,2.151394422310757,2.50996015936255,1.792828685258964,0.0,DF
Alan Minda,Ecuador,Ecuador,MF,23,2003,Atlético Mineiro,1,1,55.0,0.6,0.0,0.0,0.0,0.0,0.0,0.0,0.0,0.0,0.0,0.0,0.0,0.0,0.0,2.0,0.0,0.0,3.27,0.0,0.0,0.0,55.0,15.3,55.0,0,0,0.0,3,0.0,0.0,0.0,0.0,0.0,0.59,0.0,0.0,1.0,0.0,2.0,1.0,0.0,0.0,0.0,0.0,0.0,0.0,0.0,0.0,0.0,0.0,0.0,0.0,0.0,0.0,0.0,0.0,0.0,0.0,0.0,0.0,0.0,0.0,3.2727272727272725,0.0,1.6363636363636362,0.0,0.0,3.2727272727272725,0.0,MF
Anthony Valencia,Ecuador,Ecuador,MF,22,2003,Unknown Club,0,0,0.0,0.0,0.0,0.0,0.0,0.0,0.0,0.0,0.0,0.0,0.0,0.0,0.0,0.0,0.0,0.0,0.0,0.0,0.0,0.0,0.0,0.0,0.0,0.0,0.0,0,0,0.0,4,0.0,0.0,0.0,0.0,0.0,0.0,0.0,0.0,0.0,0.0,0.0,0.0,0.0,0.0,0.0,0.0,0.0,0.0,0.0,0.0,0.0,0.0,0.0,0.0,0.0,0.0,0.0,0.0,0.0,0.0,0.0,0.0,0.0,0.0,0.0,0.0,0.0,0.0,0.0,0.0,0.0,MF
Denil Castillo,Ecuador,Ecuador,MF,22,2004,Unknown Club,0,0,0.0,0.0,0.0,0.0,0.0,0.0,0.0,0.0,0.0,0.0,0.0,0.0,0.0,0.0,0.0,0.0,0.0,0.0,0.0,0.0,0.0,0.0,0.0,0.0,0.0,0,0,0.0,4,0.0,0.0,0.0,0.0,0.0,0.0,0.0,0.0,0.0,0.0,0.0,0.0,0.0,0.0,0.0,0.0,0.0,0.0,0.0,0.0,0.0,0.0,0.0,0.0,0.0,0.0,0.0,0.0,0.0,0.0,0.0,0.0,0.0,0.0,0.0,0.0,0.0,0.0,0.0,0.0,0.0,MF
Enner Valencia,Ecuador,Ecuador,FW,36,1989,Pachuca,4,4,287.0,3.2,0.0,0.0,0.0,0.0,0.0,0.0,0.0,0.0,0.0,0.0,0.0,0.0,0.0,10.0,6.0,60.0,3.14,1.88,0.0,0.0,72.0,79.7,72.0,1,0,0.0,0,1.0,1.0,3.0,-2.0,-0.63,-0.63,0.0,4.0,7.0,2.0,1.0,0.0,1.0,0.0,0.0,0.0,0.0,0.0,0.0,0.0,0.0,0.0,0.0,0.0,0.0,0.0,0.0,0.0,0.0,0.0,0.0,0.0,0.0,0.0,3.1358885017421603,1.8815331010452963,0.0,0.313588850174216,1.254355400696864,0.313588850174216,0.0,FW
Félix Torres Caicedo,Ecuador,Ecuador,DF,29,1997,Internacional,1,0,6.0,0.1,0.0,0.0,0.0,0.0,0.0,0.0,0.0,0.0,0.0,0.0,0.0,0.0,0.0,0.0,0.0,0.0,0.0,0.0,0.0,0.0,6.0,1.7,0.0,0,1,6.0,3,3.0,0.0,0.0,0.0,0.0,0.51,0.0,0.0,0.0,0.0,0.0,0.0,0.0,0.0,0.0,0.0,0.0,0.0,0.0,0.0,0.0,0.0,0.0,0.0,0.0,0.0,0.0,0.0,0.0,0.0,0.0,0.0,0.0,0.0,0.0,0.0,0.0,0.0,0.0,0.0,0.0,DF
Gonzalo Plata,Ecuador,Ecuador,FW,25,2000,Flamengo,4,4,360.0,4.0,1.0,0.0,1.0,1.0,0.0,0.0,1.0,0.0,0.25,0.0,0.25,0.25,0.25,8.0,5.0,62.5,2.0,1.25,0.13,0.2,90.0,100.0,90.0,4,0,0.0,0,1.0,2.0,4.0,-2.0,-0.5,0.0,0.0,5.0,4.0,0.0,8.0,2.0,5.0,0.0,0.0,0.0,0.0,0.0,0.0,0.0,0.0,0.0,0.0,0.0,0.0,0.0,0.0,0.0,0.0,0.0,0.0,0.0,0.25,0.0,2.0,1.25,0.5,1.25,1.25,2.0,0.25,FW
Gonzalo Valle,Ecuador,Ecuador,GK,30,1996,Unknown Club,0,0,0.0,0.0,0.0,0.0,0.0,0.0,0.0,0.0,0.0,0.0,0.0,0.0,0.0,0.0,0.0,0.0,0.0,0.0,0.0,0.0,0.0,0.0,0.0,0.0,0.0,0,0,0.0,4,0.0,0.0,0.0,0.0,0.0,0.0,0.0,0.0,0.0,0.0,0.0,0.0,0.0,0.0,0.0,0.0,0.0,0.0,0.0,0.0,0.0,0.0,0.0,0.0,0.0,0.0,0.0,0.0,0.0,0.0,0.0,0.0,0.0,0.0,0.0,0.0,0.0,0.0,0.0,0.0,0.0,GK
Hernán Galíndez,Ecuador,Ecuador,GK,39,1987,Huracán,4,4,360.0,4.0,0.0,0.0,0.0,0.0,0.0,0.0,0.0,0.0,0.0,0.0,0.0,0.0,0.0,0.0,0.0,0.0,0.0,0.0,0.0,0.0,90.0,100.0,90.0,4,0,0.0,0,1.0,2.0,4.0,-2.0,-0.5,0.0,0.0,0.0,0.0,0.0,0.0,0.0,0.0,0.0,4.0,4.0,360.0,4.0,1.0,13.0,9.0,69.2,1.0,1.0,2.0,1.0,25.0,0.0,0.0,0.0,0.0,0.0,0.0,0.0,0.0,0.0,0.0,0.0,0.0,0.0,0.0,GK
Jackson Porozo,Ecuador,Ecuador,DF,25,2000,Tijuana,1,0,29.0,0.3,0.0,0.0,0.0,0.0,0.0,0.0,1.0,0.0,0.0,0.0,0.0,0.0,0.0,0.0,0.0,0.0,0.0,0.0,0.0,0.0,29.0,8.1,0.0,0,1,29.0,3,0.0,0.0,1.0,-1.0,-3.1,-2.83,0.0,2.0,0.0,0.0,0.0,0.0,0.0,0.0,0.0,0.0,0.0,0.0,0.0,0.0,0.0,0.0,0.0,0.0,0.0,0.0,0.0,0.0,0.0,0.0,0.0,0.0,0.0,0.0,0.0,0.0,0.0,0.0,6.206896551724138,0.0,0.0,DF
Jeremy Arévalo,Ecuador,Ecuador,FW,21,2005,Unknown Club,0,0,0.0,0.0,0.0,0.0,0.0,0.0,0.0,0.0,0.0,0.0,0.0,0.0,0.0,0.0,0.0,0.0,0.0,0.0,0.0,0.0,0.0,0.0,0.0,0.0,0.0,0,0,0.0,4,0.0,0.0,0.0,0.0,0.0,0.0,0.0,0.0,0.0,0.0,0.0,0.0,0.0,0.0,0.0,0.0,0.0,0.0,0.0,0.0,0.0,0.0,0.0,0.0,0.0,0.0,0.0,0.0,0.0,0.0,0.0,0.0,0.0,0.0,0.0,0.0,0.0,0.0,0.0,0.0,0.0,FW
Joel Ordóñez,Ecuador,Ecuador,DF,22,2004,Club Brugge,3,3,225.0,2.5,0.0,0.0,0.0,0.0,0.0,0.0,0.0,0.0,0.0,0.0,0.0,0.0,0.0,2.0,0.0,0.0,0.8,0.0,0.0,0.0,75.0,62.5,75.0,2,0,0.0,1,1.0,2.0,4.0,-2.0,-0.8,-0.8,0.0,1.0,1.0,0.0,0.0,1.0,5.0,0.0,0.0,0.0,0.0,0.0,0.0,0.0,0.0,0.0,0.0,0.0,0.0,0.0,0.0,0.0,0.0,0.0,0.0,0.0,0.0,0.0,0.8,0.0,0.4,2.0,0.4,0.0,0.0,DF
John Yeboah,Ecuador,Ecuador,MF,25,2000,Venezia,4,4,311.0,3.5,0.0,0.0,0.0,0.0,0.0,0.0,0.0,0.0,0.0,0.0,0.0,0.0,0.0,8.0,3.0,37.5,2.32,0.87,0.0,0.0,78.0,86.4,78.0,0,0,0.0,0,1.0,2.0,3.0,-1.0,-0.29,1.55,0.0,0.0,4.0,0.0,11.0,3.0,3.0,0.0,0.0,0.0,0.0,0.0,0.0,0.0,0.0,0.0,0.0,0.0,0.0,0.0,0.0,0.0,0.0,0.0,0.0,0.0,0.0,0.0,2.315112540192926,0.8681672025723474,0.8681672025723474,0.8681672025723474,0.0,3.1832797427652735,0.0,MF
Jordy Alcivar,Ecuador,Ecuador,MF,26,1999,Independiente,1,1,45.0,0.5,0.0,0.0,0.0,0.0,0.0,0.0,1.0,0.0,0.0,0.0,0.0,0.0,0.0,1.0,0.0,0.0,2.0,0.0,0.0,0.0,45.0,12.5,45.0,0,0,0.0,3,1.0,0.0,0.0,0.0,0.0,0.57,0.0,1.0,0.0,0.0,1.0,0.0,1.0,0.0,0.0,0.0,0.0,0.0,0.0,0.0,0.0,0.0,0.0,0.0,0.0,0.0,0.0,0.0,0.0,0.0,0.0,0.0,0.0,0.0,2.0,0.0,0.0,2.0,2.0,2.0,0.0,MF
Jordy Caicedo,Ecuador,Ecuador,FW,28,1997,Huracán,3,0,20.0,0.2,0.0,0.0,0.0,0.0,0.0,0.0,0.0,0.0,0.0,0.0,0.0,0.0,0.0,1.0,0.0,0.0,4.5,0.0,0.0,0.0,7.0,5.6,0.0,0,3,7.0,1,1.33,0.0,0.0,0.0,0.0,0.53,0.0,2.0,0.0,0.0,0.0,0.0,0.0,0.0,0.0,0.0,0.0,0.0,0.0,0.0,0.0,0.0,0.0,0.0,0.0,0.0,0.0,0.0,0.0,0.0,0.0,0.0,0.0,0.0,4.5,0.0,0.0,0.0,9.0,0.0,0.0,FW
Kendry Páez,Ecuador,Ecuador,MF,19,2007,River Plate,1,0,12.0,0.1,0.0,0.0,0.0,0.0,0.0,0.0,1.0,0.0,0.0,0.0,0.0,0.0,0.0,0.0,0.0,0.0,0.0,0.0,0.0,0.0,12.0,3.3,0.0,0,1,12.0,3,0.0,0.0,0.0,0.0,0.0,0.52,0.0,1.0,0.0,0.0,0.0,0.0,0.0,0.0,0.0,0.0,0.0,0.0,0.0,0.0,0.0,0.0,0.0,0.0,0.0,0.0,0.0,0.0,0.0,0.0,0.0,0.0,0.0,0.0,0.0,0.0,0.0,0.0,7.5,0.0,0.0,MF
Kevin Rodríguez,Ecuador,Ecuador,FW,26,2000,Union SG,4,0,118.0,1.3,0.0,1.0,1.0,0.0,0.0,0.0,0.0,0.0,0.0,0.76,0.76,0.0,0.76,6.0,1.0,16.7,4.58,0.76,0.0,0.0,30.0,32.8,0.0,0,4,30.0,0,1.0,1.0,1.0,0.0,0.0,0.74,0.0,3.0,2.0,0.0,0.0,0.0,1.0,0.0,0.0,0.0,0.0,0.0,0.0,0.0,0.0,0.0,0.0,0.0,0.0,0.0,0.0,0.0,0.0,0.0,0.0,0.0,0.0,0.7627118644067796,4.576271186440678,0.7627118644067796,0.0,0.7627118644067796,2.288135593220339,0.0,0.7627118644067796,FW
Moisés Caicedo,Ecuador,Ecuador,MF,24,2001,Chelsea,4,4,360.0,4.0,0.0,0.0,0.0,0.0,0.0,0.0,1.0,0.0,0.0,0.0,0.0,0.0,0.0,4.0,1.0,25.0,1.0,0.25,0.0,0.0,90.0,100.0,90.0,4,0,0.0,0,1.0,2.0,4.0,-2.0,-0.5,0.0,0.0,5.0,4.0,0.0,17.0,4.0,6.0,0.0,0.0,0.0,0.0,0.0,0.0,0.0,0.0,0.0,0.0,0.0,0.0,0.0,0.0,0.0,0.0,0.0,0.0,0.0,0.0,0.0,1.0,0.25,1.0,1.5,1.25,4.25,0.0,MF
Moisés Ramírez,Ecuador,Ecuador,GK,25,2000,Unknown Club,0,0,0.0,0.0,0.0,0.0,0.0,0.0,0.0,0.0,0.0,0.0,0.0,0.0,0.0,0.0,0.0,0.0,0.0,0.0,0.0,0.0,0.0,0.0,0.0,0.0,0.0,0,0,0.0,4,0.0,0.0,0.0,0.0,0.0,0.0,0.0,0.0,0.0,0.0,0.0,0.0,0.0,0.0,0.0,0.0,0.0,0.0,0.0,0.0,0.0,0.0,0.0,0.0,0.0,0.0,0.0,0.0,0.0,0.0,0.0,0.0,0.0,0.0,0.0,0.0,0.0,0.0,0.0,0.0,0.0,GK
Nilson Angulo,Ecuador,Ecuador,MF,22,2003,Sunderland,4,2,218.0,2.4,1.0,0.0,1.0,1.0,0.0,0.0,0.0,0.0,0.41,0.0,0.41,0.41,0.41,2.0,2.0,100.0,0.83,0.83,0.5,0.5,55.0,60.6,81.0,0,2,28.0,0,1.0,2.0,4.0,-2.0,-0.83,-0.83,0.0,4.0,3.0,0.0,5.0,2.0,1.0,0.0,0.0,0.0,0.0,0.0,0.0,0.0,0.0,0.0,0.0,0.0,0.0,0.0,0.0,0.0,0.0,0.0,0.0,0.0,0.41284403669724773,0.0,0.8256880733944955,0.8256880733944955,0.8256880733944955,0.41284403669724773,1.651376146788991,2.064220183486239,0.41284403669724773,MF
Pedro Vite,Ecuador,Ecuador,MF,24,2002,UNAM,4,4,360.0,4.0,0.0,1.0,1.0,0.0,0.0,0.0,0.0,0.0,0.0,0.25,0.25,0.0,0.25,4.0,1.0,25.0,1.0,0.25,0.0,0.0,90.0,100.0,90.0,4,0,0.0,0,1.0,2.0,4.0,-2.0,-0.5,0.0,0.0,2.0,5.0,0.0,6.0,5.0,11.0,0.0,0.0,0.0,0.0,0.0,0.0,0.0,0.0,0.0,0.0,0.0,0.0,0.0,0.0,0.0,0.0,0.0,0.0,0.0,0.0,0.25,1.0,0.25,1.25,2.75,0.5,1.5,0.25,MF
Pervis Estupiñán,Ecuador,Ecuador,MF,28,1998,Milan,2,1,89.0,1.0,0.0,0.0,0.0,0.0,0.0,0.0,0.0,0.0,0.0,0.0,0.0,0.0,0.0,0.0,0.0,0.0,0.0,0.0,0.0,0.0,45.0,24.7,69.0,0,1,20.0,2,2.0,1.0,0.0,1.0,1.01,2.01,0.0,3.0,0.0,0.0,2.0,0.0,1.0,0.0,0.0,0.0,0.0,0.0,0.0,0.0,0.0,0.0,0.0,0.0,0.0,0.0,0.0,0.0,0.0,0.0,0.0,0.0,0.0,0.0,0.0,0.0,0.0,1.0112359550561798,3.033707865168539,2.0224719101123596,0.0,MF
Piero Hincapié,Ecuador,Ecuador,DF,24,2002,Arsenal,4,4,339.0,3.8,0.0,0.0,0.0,0.0,0.0,0.0,1.0,1.0,0.0,0.0,0.0,0.0,0.0,3.0,0.0,0.0,0.8,0.0,0.0,0.0,85.0,94.2,85.0,2,0,0.0,0,1.0,1.0,4.0,-3.0,-0.8,-5.08,0.0,5.0,4.0,0.0,14.0,4.0,5.0,0.0,0.0,0.0,0.0,0.0,0.0,0.0,0.0,0.0,0.0,0.0,0.0,0.0,0.0,0.0,0.0,0.0,0.0,0.0,0.0,0.0,0.7964601769911505,0.0,1.0619469026548671,1.3274336283185841,1.3274336283185841,3.7168141592920354,0.0,DF
Willian Pacho,Ecuador,Ecuador,DF,24,2001,PSG,4,4,360.0,4.0,0.0,0.0,0.0,0.0,0.0,0.0,0.0,0.0,0.0,0.0,0.0,0.0,0.0,1.0,1.0,100.0,0.25,0.25,0.0,0.0,90.0,100.0,90.0,4,0,0.0,0,1.0,2.0,4.0,-2.0,-0.5,0.0,0.0,3.0,2.0,0.0,0.0,8.0,2.0,0.0,0.0,0.0,0.0,0.0,0.0,0.0,0.0,0.0,0.0,0.0,0.0,0.0,0.0,0.0,0.0,0.0,0.0,0.0,0.0,0.0,0.25,0.25,2.0,0.5,0.75,0.0,0.0,DF
Yaimar Medina,Ecuador,Ecuador,"DF,MF",21,2004,Genk,1,0,45.0,0.5,0.0,0.0,0.0,0.0,0.0,0.0,0.0,0.0,0.0,0.0,0.0,0.0,0.0,1.0,0.0,0.0,2.0,0.0,0.0,0.0,45.0,12.5,0.0,0,1,45.0,3,0.0,0.0,0.0,0.0,0.0,0.57,0.0,1.0,0.0,0.0,4.0,1.0,0.0,0.0,0.0,0.0,0.0,0.0,0.0,0.0,0.0,0.0,0.0,0.0,0.0,0.0,0.0,0.0,0.0,0.0,0.0,0.0,0.0,0.0,2.0,0.0,2.0,0.0,2.0,8.0,0.0,DF
Ángelo Preciado,Ecuador,Ecuador,"DF,MF",28,1998,Atlético Mineiro,4,0,109.0,1.2,0.0,0.0,0.0,0.0,0.0,0.0,0.0,0.0,0.0,0.0,0.0,0.0,0.0,0.0,0.0,0.0,0.0,0.0,0.0,0.0,27.0,30.3,0.0,0,4,27.0,0,1.0,1.0,1.0,0.0,0.0,0.72,0.0,0.0,1.0,0.0,7.0,3.0,1.0,0.0,0.0,0.0,0.0,0.0,0.0,0.0,0.0,0.0,0.0,0.0,0.0,0.0,0.0,0.0,0.0,0.0,0.0,0.0,0.0,0.0,0.0,0.0,2.4770642201834865,0.8256880733944955,0.0,5.779816513761468,0.0,DF
Ahmed Fatouh,Egypt,Egypt,DF,28,1998,Unknown Club,3,3,267.0,3.0,0.0,0.0,0.0,0.0,0.0,0.0,1.0,0.0,0.0,0.0,0.0,0.0,0.0,1.0,1.0,100.0,0.34,0.34,0.0,0.0,89.0,55.6,89.0,2,0,0.0,0,1.67,5.0,3.0,2.0,0.67,1.1,0.0,2.0,3.0,0.0,8.0,4.0,5.0,0.0,0.0,0.0,0.0,0.0,0.0,0.0,0.0,0.0,0.0,0.0,0.0,0.0,0.0,0.0,0.0,0.0,0.0,0.0,0.0,0.0,0.33707865168539325,0.33707865168539325,1.348314606741573,1.6853932584269664,0.6741573033707865,2.696629213483146,0.0,DF
El Mahdy Soliman,Egypt,Egypt,GK,39,1987,Unknown Club,0,0,0.0,0.0,0.0,0.0,0.0,0.0,0.0,0.0,0.0,0.0,0.0,0.0,0.0,0.0,0.0,0.0,0.0,0.0,0.0,0.0,0.0,0.0,0.0,0.0,0.0,0,0,0.0,5,0.0,0.0,0.0,0.0,0.0,0.0,0.0,0.0,0.0,0.0,0.0,0.0,0.0,0.0,0.0,0.0,0.0,0.0,0.0,0.0,0.0,0.0,0.0,0.0,0.0,0.0,0.0,0.0,0.0,0.0,0.0,0.0,0.0,0.0,0.0,0.0,0.0,0.0,0.0,0.0,0.0,GK
Emam Ashour,Egypt,Egypt,MF,28,1998,Unknown Club,5,5,362.0,4.0,2.0,0.0,2.0,2.0,0.0,0.0,0.0,0.0,0.5,0.0,0.5,0.5,0.5,10.0,2.0,20.0,2.49,0.5,0.2,1.0,72.0,75.4,72.0,1,0,0.0,0,1.2,7.0,4.0,3.0,0.75,2.27,0.0,2.0,13.0,0.0,4.0,4.0,2.0,0.0,0.0,0.0,0.0,0.0,0.0,0.0,0.0,0.0,0.0,0.0,0.0,0.0,0.0,0.0,0.0,0.0,0.0,0.0,0.49723756906077343,0.0,2.4861878453038675,0.49723756906077343,0.9944751381215469,0.49723756906077343,0.49723756906077343,0.9944751381215469,0.49723756906077343,MF
Haissem Hassan,Egypt,Egypt,MF,24,2002,Oviedo,2,1,126.0,1.4,0.0,1.0,1.0,0.0,0.0,0.0,2.0,0.0,0.0,0.71,0.71,0.0,0.71,1.0,0.0,0.0,0.71,0.0,0.0,0.0,63.0,26.3,72.0,0,1,54.0,3,0.5,2.0,0.0,2.0,1.43,1.68,0.0,2.0,2.0,0.0,9.0,0.0,1.0,0.0,0.0,0.0,0.0,0.0,0.0,0.0,0.0,0.0,0.0,0.0,0.0,0.0,0.0,0.0,0.0,0.0,0.0,0.0,0.0,0.7142857142857142,0.7142857142857142,0.0,0.0,0.7142857142857142,1.4285714285714284,6.428571428571428,0.7142857142857142,MF
Hamdy Fathy,Egypt,Egypt,"DF,MF",31,1994,Unknown Club,4,3,238.0,2.6,0.0,0.0,0.0,0.0,0.0,0.0,1.0,0.0,0.0,0.0,0.0,0.0,0.0,0.0,0.0,0.0,0.0,0.0,0.0,0.0,60.0,49.6,64.0,0,1,45.0,0,1.25,3.0,6.0,-3.0,-1.13,-2.62,0.0,3.0,2.0,1.0,1.0,2.0,3.0,0.0,0.0,0.0,0.0,0.0,0.0,0.0,0.0,0.0,0.0,0.0,0.0,0.0,0.0,0.0,0.0,0.0,0.0,0.0,0.0,0.0,0.0,0.0,0.7563025210084033,1.134453781512605,1.134453781512605,0.37815126050420167,0.0,DF
Hamza Abdelkarim,Egypt,Egypt,FW,18,2008,Unknown Club,4,0,60.0,0.7,0.0,0.0,0.0,0.0,0.0,0.0,0.0,0.0,0.0,0.0,0.0,0.0,0.0,0.0,0.0,0.0,0.0,0.0,0.0,0.0,15.0,12.5,0.0,0,4,15.0,1,1.5,1.0,0.0,1.0,1.5,1.5,0.0,2.0,0.0,0.0,0.0,0.0,0.0,0.0,0.0,0.0,0.0,0.0,0.0,0.0,0.0,0.0,0.0,0.0,0.0,0.0,0.0,0.0,0.0,0.0,0.0,0.0,0.0,0.0,0.0,0.0,0.0,0.0,3.0,0.0,0.0,FW
Hossam Abdelmaguid,Egypt,Egypt,DF,25,2001,Unknown Club,2,0,59.0,0.7,0.0,0.0,0.0,0.0,0.0,0.0,0.0,0.0,0.0,0.0,0.0,0.0,0.0,0.0,0.0,0.0,0.0,0.0,0.0,0.0,30.0,12.3,0.0,0,2,30.0,2,2.0,0.0,0.0,0.0,0.0,-0.21,0.0,1.0,0.0,0.0,0.0,1.0,0.0,0.0,0.0,0.0,0.0,0.0,0.0,0.0,0.0,0.0,0.0,0.0,0.0,0.0,0.0,0.0,0.0,0.0,0.0,0.0,0.0,0.0,0.0,0.0,1.5254237288135593,0.0,1.5254237288135593,0.0,0.0,DF
Ibrahim Adel,Egypt,Egypt,MF,25,2001,Nordsjælland,1,0,3.0,0.0,0.0,0.0,0.0,0.0,0.0,0.0,0.0,0.0,0.0,0.0,0.0,0.0,0.0,0.0,0.0,0.0,0.0,0.0,0.0,0.0,3.0,0.6,0.0,0,1,3.0,4,1.0,0.0,0.0,0.0,0.0,-0.19,0.0,0.0,0.0,0.0,0.0,0.0,0.0,0.0,0.0,0.0,0.0,0.0,0.0,0.0,0.0,0.0,0.0,0.0,0.0,0.0,0.0,0.0,0.0,0.0,0.0,0.0,0.0,0.0,0.0,0.0,0.0,0.0,0.0,0.0,0.0,MF
Karim Hafez,Egypt,Egypt,DF,30,1996,Unknown Club,3,2,172.0,1.9,0.0,1.0,1.0,0.0,0.0,0.0,0.0,0.0,0.0,0.52,0.52,0.0,0.52,1.0,0.0,0.0,0.52,0.0,0.0,0.0,57.0,35.8,85.0,1,1,3.0,2,0.67,3.0,4.0,-1.0,-0.52,-1.11,0.0,1.0,2.0,0.0,3.0,3.0,1.0,0.0,0.0,0.0,0.0,0.0,0.0,0.0,0.0,0.0,0.0,0.0,0.0,0.0,0.0,0.0,0.0,0.0,0.0,0.0,0.0,0.5232558139534884,0.5232558139534884,0.0,1.569767441860465,0.5232558139534884,0.5232558139534884,1.569767441860465,0.5232558139534884,DF
Mahmoud Saber,Egypt,Egypt,MF,24,2001,Unknown Club,2,1,46.0,0.5,1.0,0.0,1.0,1.0,0.0,0.0,1.0,0.0,1.96,0.0,1.96,1.96,1.96,3.0,1.0,33.3,5.87,1.96,0.33,1.0,23.0,9.6,45.0,0,1,1.0,3,1.0,1.0,1.0,0.0,0.0,-0.21,0.0,2.0,1.0,0.0,1.0,0.0,0.0,0.0,0.0,0.0,0.0,0.0,0.0,0.0,0.0,0.0,0.0,0.0,0.0,0.0,0.0,0.0,0.0,0.0,0.0,0.0,1.9565217391304348,0.0,5.869565217391304,1.9565217391304348,0.0,0.0,3.9130434782608696,1.9565217391304348,1.9565217391304348,MF
Marwan Attia,Egypt,Egypt,MF,27,1998,Unknown Club,5,4,434.0,4.8,0.0,1.0,1.0,0.0,0.0,0.0,2.0,0.0,0.0,0.21,0.21,0.0,0.21,4.0,0.0,0.0,0.83,0.0,0.0,0.0,87.0,90.4,97.0,3,1,45.0,0,1.2,7.0,6.0,1.0,0.21,0.21,0.0,8.0,1.0,0.0,11.0,3.0,3.0,0.0,0.0,0.0,0.0,0.0,0.0,0.0,0.0,0.0,0.0,0.0,0.0,0.0,0.0,0.0,0.0,0.0,0.0,0.0,0.0,0.2073732718894009,0.8294930875576036,0.0,0.6221198156682028,0.6221198156682028,1.6589861751152073,2.28110599078341,0.2073732718894009,MF
Mohamed Abdelmonem,Egypt,Egypt,DF,27,1999,Nice,2,1,14.0,0.2,0.0,0.0,0.0,0.0,0.0,0.0,0.0,0.0,0.0,0.0,0.0,0.0,0.0,0.0,0.0,0.0,0.0,0.0,0.0,0.0,7.0,2.9,13.0,0,1,1.0,1,2.0,1.0,1.0,0.0,0.0,-0.19,0.0,1.0,0.0,0.0,0.0,0.0,0.0,0.0,0.0,0.0,0.0,0.0,0.0,0.0,0.0,0.0,0.0,0.0,0.0,0.0,0.0,0.0,0.0,0.0,0.0,0.0,0.0,0.0,0.0,0.0,0.0,0.0,6.428571428571428,0.0,0.0,DF
Mohamed Alaa,Egypt,Egypt,GK,27,1999,Unknown Club,0,0,0.0,0.0,0.0,0.0,0.0,0.0,0.0,0.0,0.0,0.0,0.0,0.0,0.0,0.0,0.0,0.0,0.0,0.0,0.0,0.0,0.0,0.0,0.0,0.0,0.0,0,0,0.0,5,0.0,0.0,0.0,0.0,0.0,0.0,0.0,0.0,0.0,0.0,0.0,0.0,0.0,0.0,0.0,0.0,0.0,0.0,0.0,0.0,0.0,0.0,0.0,0.0,0.0,0.0,0.0,0.0,0.0,0.0,0.0,0.0,0.0,0.0,0.0,0.0,0.0,0.0,0.0,0.0,0.0,GK
Mohamed El-Shenawy,Egypt,Egypt,GK,37,1988,Unknown Club,0,0,0.0,0.0,0.0,0.0,0.0,0.0,0.0,0.0,0.0,0.0,0.0,0.0,0.0,0.0,0.0,0.0,0.0,0.0,0.0,0.0,0.0,0.0,0.0,0.0,0.0,0,0,0.0,5,0.0,0.0,0.0,0.0,0.0,0.0,0.0,0.0,0.0,0.0,0.0,0.0,0.0,0.0,0.0,0.0,0.0,0.0,0.0,0.0,0.0,0.0,0.0,0.0,0.0,0.0,0.0,0.0,0.0,0.0,0.0,0.0,0.0,0.0,0.0,0.0,0.0,0.0,0.0,0.0,0.0,GK
Mohamed Hany,Egypt,Egypt,DF,30,1996,Unknown Club,5,5,480.0,5.3,0.0,1.0,1.0,0.0,0.0,0.0,0.0,0.0,0.0,0.19,0.19,0.0,0.19,4.0,0.0,0.0,0.75,0.0,0.0,0.0,96.0,100.0,96.0,5,0,0.0,0,1.2,8.0,7.0,1.0,0.19,0.0,0.0,2.0,1.0,0.0,15.0,6.0,9.0,2.0,0.0,0.0,0.0,0.0,0.0,0.0,0.0,0.0,0.0,0.0,0.0,0.0,0.0,0.0,0.0,0.0,0.0,0.0,0.0,0.1875,0.75,0.0,1.125,1.6875,0.375,2.8125,0.1875,DF
Mohamed Salah,Egypt,Egypt,"FW,MF",33,1992,Liverpool,5,5,425.0,4.7,1.0,2.0,3.0,1.0,0.0,0.0,0.0,0.0,0.21,0.42,0.64,0.21,0.64,9.0,4.0,44.4,1.91,0.85,0.11,0.25,85.0,88.5,85.0,2,0,0.0,0,1.2,8.0,7.0,1.0,0.21,0.21,0.0,5.0,13.0,1.0,14.0,2.0,0.0,0.0,0.0,0.0,0.0,0.0,0.0,0.0,0.0,0.0,0.0,0.0,0.0,0.0,0.0,0.0,0.0,0.0,0.0,0.0,0.2117647058823529,0.4235294117647058,1.9058823529411764,0.8470588235294116,0.4235294117647058,0.0,1.0588235294117647,2.9647058823529413,0.6352941176470588,MF
Mohanad Lasheen,Egypt,Egypt,MF,30,1996,Unknown Club,4,4,359.0,4.0,0.0,0.0,0.0,0.0,0.0,0.0,2.0,0.0,0.0,0.0,0.0,0.0,0.0,2.0,0.0,0.0,0.5,0.0,0.0,0.0,90.0,74.8,90.0,3,0,0.0,0,1.25,7.0,5.0,2.0,0.5,1.25,0.0,5.0,3.0,0.0,1.0,8.0,11.0,0.0,0.0,0.0,0.0,0.0,0.0,0.0,0.0,0.0,0.0,0.0,0.0,0.0,0.0,0.0,0.0,0.0,0.0,0.0,0.0,0.0,0.5013927576601671,0.0,2.0055710306406684,2.7576601671309193,1.2534818941504178,0.25069637883008355,0.0,MF
Mostafa Shobeir,Egypt,Egypt,GK,26,2000,Unknown Club,5,5,480.0,5.3,0.0,0.0,0.0,0.0,0.0,0.0,1.0,0.0,0.0,0.0,0.0,0.0,0.0,0.0,0.0,0.0,0.0,0.0,0.0,0.0,96.0,100.0,96.0,5,0,0.0,0,1.2,8.0,7.0,1.0,0.19,0.0,0.0,0.0,5.0,0.0,0.0,0.0,0.0,0.0,5.0,5.0,480.0,7.0,1.31,19.0,12.0,63.2,1.0,3.0,1.0,0.0,0.0,2.0,0.0,2.0,0.0,100.0,0.0,0.0,0.0,0.0,0.0,0.0,0.0,0.0,0.0,GK
Mostafa Ziko,Egypt,Egypt,"FW,MF",29,1997,Unknown Club,5,5,370.0,4.1,2.0,1.0,3.0,2.0,0.0,0.0,0.0,0.0,0.49,0.24,0.73,0.49,0.73,8.0,3.0,37.5,1.95,0.73,0.25,0.67,74.0,77.1,74.0,0,0,0.0,0,1.2,7.0,5.0,2.0,0.49,1.3,0.0,6.0,5.0,2.0,2.0,2.0,4.0,0.0,0.0,0.0,0.0,0.0,0.0,0.0,0.0,0.0,0.0,0.0,0.0,0.0,0.0,0.0,0.0,0.0,0.0,0.0,0.4864864864864865,0.24324324324324326,1.945945945945946,0.7297297297297298,0.4864864864864865,0.972972972972973,1.4594594594594597,0.4864864864864865,0.7297297297297298,MF
Nabil Dunga,Egypt,Egypt,MF,30,1996,Unknown Club,0,0,0.0,0.0,0.0,0.0,0.0,0.0,0.0,0.0,0.0,0.0,0.0,0.0,0.0,0.0,0.0,0.0,0.0,0.0,0.0,0.0,0.0,0.0,0.0,0.0,0.0,0,0,0.0,5,0.0,0.0,0.0,0.0,0.0,0.0,0.0,0.0,0.0,0.0,0.0,0.0,0.0,0.0,0.0,0.0,0.0,0.0,0.0,0.0,0.0,0.0,0.0,0.0,0.0,0.0,0.0,0.0,0.0,0.0,0.0,0.0,0.0,0.0,0.0,0.0,0.0,0.0,0.0,0.0,0.0,MF
Omar Marmoush,Egypt,Egypt,"FW,MF",27,1999,Manchester City,5,3,326.0,3.6,0.0,0.0,0.0,0.0,0.0,0.0,0.0,0.0,0.0,0.0,0.0,0.0,0.0,11.0,1.0,9.1,3.04,0.28,0.0,0.0,65.0,67.9,90.0,1,2,28.0,0,1.2,4.0,5.0,-1.0,-0.28,-1.44,0.0,3.0,8.0,0.0,5.0,2.0,3.0,0.0,0.0,0.0,0.0,0.0,0.0,0.0,0.0,0.0,0.0,0.0,0.0,0.0,0.0,0.0,0.0,0.0,0.0,0.0,0.0,0.0,3.03680981595092,0.27607361963190186,0.5521472392638037,0.8282208588957056,0.8282208588957056,1.3803680981595092,0.0,MF
Ramy Rabia,Egypt,Egypt,DF,33,1993,Unknown Club,5,3,372.0,4.1,0.0,0.0,0.0,0.0,0.0,0.0,0.0,0.0,0.0,0.0,0.0,0.0,0.0,1.0,1.0,100.0,0.24,0.24,0.0,0.0,74.0,77.5,100.0,3,2,36.0,0,1.2,7.0,5.0,2.0,0.48,1.32,0.0,3.0,2.0,0.0,0.0,3.0,5.0,0.0,0.0,0.0,0.0,0.0,0.0,0.0,0.0,0.0,0.0,0.0,0.0,0.0,0.0,0.0,0.0,0.0,0.0,0.0,0.0,0.0,0.24193548387096775,0.24193548387096775,0.7258064516129032,1.2096774193548387,0.7258064516129032,0.0,0.0,DF
Tarek Alaa,Egypt,Egypt,DF,24,2002,Unknown Club,0,0,0.0,0.0,0.0,0.0,0.0,0.0,0.0,0.0,0.0,0.0,0.0,0.0,0.0,0.0,0.0,0.0,0.0,0.0,0.0,0.0,0.0,0.0,0.0,0.0,0.0,0,0,0.0,5,0.0,0.0,0.0,0.0,0.0,0.0,0.0,0.0,0.0,0.0,0.0,0.0,0.0,0.0,0.0,0.0,0.0,0.0,0.0,0.0,0.0,0.0,0.0,0.0,0.0,0.0,0.0,0.0,0.0,0.0,0.0,0.0,0.0,0.0,0.0,0.0,0.0,0.0,0.0,0.0,0.0,DF
Trézéguet,Egypt,Egypt,MF,31,1994,Unknown Club,4,1,164.0,1.8,1.0,1.0,2.0,1.0,0.0,0.0,0.0,0.0,0.55,0.55,1.1,0.55,1.1,8.0,3.0,37.5,4.39,1.65,0.13,0.33,41.0,34.2,90.0,1,3,25.0,1,1.25,2.0,4.0,-2.0,-1.1,-1.95,0.0,3.0,2.0,0.0,2.0,1.0,0.0,0.0,0.0,0.0,0.0,0.0,0.0,0.0,0.0,0.0,0.0,0.0,0.0,0.0,0.0,0.0,0.0,0.0,0.0,0.0,0.5487804878048781,0.5487804878048781,4.390243902439025,1.646341463414634,0.5487804878048781,0.0,1.646341463414634,1.0975609756097562,1.0975609756097562,MF
Yasser Ibrahim,Egypt,Egypt,DF,33,1993,Unknown Club,5,4,467.0,5.2,1.0,0.0,1.0,1.0,0.0,0.0,2.0,0.0,0.19,0.0,0.19,0.19,0.19,1.0,1.0,100.0,0.19,0.19,1.0,1.0,93.0,97.3,98.0,4,1,77.0,0,1.2,7.0,6.0,1.0,0.19,0.19,0.0,6.0,3.0,0.0,0.0,3.0,6.0,0.0,0.0,0.0,0.0,0.0,0.0,0.0,0.0,0.0,0.0,0.0,0.0,0.0,0.0,0.0,0.0,0.0,0.0,0.0,0.19271948608137046,0.0,0.19271948608137046,0.19271948608137046,0.5781584582441114,1.1563169164882228,1.1563169164882228,0.0,0.19271948608137046,DF
Zizo,Egypt,Egypt,MF,30,1996,Unknown Club,4,0,56.0,0.6,0.0,0.0,0.0,0.0,0.0,0.0,0.0,0.0,0.0,0.0,0.0,0.0,0.0,3.0,1.0,33.3,4.82,1.61,0.0,0.0,14.0,11.7,0.0,0,4,14.0,1,1.25,0.0,0.0,0.0,0.0,-0.21,0.0,2.0,1.0,0.0,6.0,0.0,1.0,0.0,0.0,0.0,0.0,0.0,0.0,0.0,0.0,0.0,0.0,0.0,0.0,0.0,0.0,0.0,0.0,0.0,0.0,0.0,0.0,0.0,4.821428571428571,1.607142857142857,0.0,1.607142857142857,3.214285714285714,9.642857142857142,0.0,MF
Anthony Gordon,England,England,MF,25,2001,Barcelona,6,5,396.0,4.4,1.0,3.0,4.0,1.0,0.0,0.0,0.0,0.0,0.23,0.68,0.91,0.23,0.91,6.0,4.0,66.7,1.36,0.91,0.17,0.25,66.0,52.8,73.0,1,1,30.0,2,2.17,10.0,5.0,5.0,1.14,0.37,0.0,4.0,10.0,0.0,8.0,3.0,3.0,0.0,0.0,0.0,0.0,0.0,0.0,0.0,0.0,0.0,0.0,0.0,0.0,0.0,0.0,0.0,0.0,0.0,0.0,0.0,0.2272727272727273,0.6818181818181819,1.3636363636363638,0.9090909090909092,0.6818181818181819,0.6818181818181819,0.9090909090909092,1.8181818181818183,0.9090909090909092,MF
Bukayo Saka,England,England,MF,24,2001,Arsenal,7,3,358.0,4.0,3.0,3.0,6.0,2.0,1.0,1.0,0.0,0.0,0.75,0.75,1.51,0.5,1.26,13.0,7.0,53.8,3.27,1.76,0.15,0.29,51.0,47.7,69.0,1,4,38.0,1,2.71,13.0,5.0,8.0,2.01,2.01,0.0,4.0,9.0,4.0,21.0,1.0,7.0,0.0,0.0,0.0,0.0,0.0,0.0,0.0,0.0,0.0,0.0,0.0,0.0,0.0,0.0,0.0,0.0,0.0,0.0,0.0,0.7541899441340782,0.7541899441340782,3.2681564245810057,1.7597765363128492,0.25139664804469275,1.7597765363128492,1.005586592178771,5.279329608938547,1.5083798882681565,MF
Dan Burn,England,England,DF,34,1992,Newcastle,3,0,35.0,0.4,0.0,0.0,0.0,0.0,0.0,0.0,0.0,0.0,0.0,0.0,0.0,0.0,0.0,0.0,0.0,0.0,0.0,0.0,0.0,0.0,12.0,4.7,0.0,0,3,12.0,5,2.0,0.0,2.0,-2.0,-5.14,-6.4,0.0,1.0,0.0,0.0,0.0,0.0,0.0,0.0,0.0,0.0,0.0,0.0,0.0,0.0,0.0,0.0,0.0,0.0,0.0,0.0,0.0,0.0,0.0,0.0,0.0,0.0,0.0,0.0,0.0,0.0,0.0,0.0,2.571428571428571,0.0,0.0,DF
Dean Henderson,England,England,GK,29,1997,Crystal Palace,1,1,90.0,1.0,0.0,0.0,0.0,0.0,0.0,0.0,0.0,0.0,0.0,0.0,0.0,0.0,0.0,0.0,0.0,0.0,0.0,0.0,0.0,0.0,90.0,12.0,90.0,1,0,0.0,7,3.0,6.0,4.0,2.0,2.0,1.18,0.0,0.0,0.0,0.0,0.0,1.0,0.0,0.0,1.0,1.0,90.0,4.0,4.0,9.0,5.0,55.6,1.0,0.0,0.0,0.0,0.0,0.0,0.0,0.0,0.0,0.0,0.0,0.0,0.0,0.0,1.0,0.0,0.0,0.0,0.0,GK
Declan Rice,England,England,MF,27,1999,Arsenal,7,7,557.0,6.2,1.0,2.0,3.0,1.0,0.0,0.0,2.0,0.0,0.16,0.32,0.48,0.16,0.48,6.0,3.0,50.0,0.97,0.48,0.17,0.33,80.0,74.3,80.0,3,0,0.0,1,2.29,16.0,10.0,6.0,0.97,0.04,0.0,4.0,0.0,1.0,44.0,5.0,3.0,0.0,0.0,0.0,0.0,0.0,0.0,0.0,0.0,0.0,0.0,0.0,0.0,0.0,0.0,0.0,0.0,0.0,0.0,0.0,0.16157989228007183,0.32315978456014366,0.9694793536804309,0.48473967684021546,0.8078994614003591,0.48473967684021546,0.6463195691202873,7.1095152603231595,0.48473967684021546,MF
Djed Spence,England,England,DF,25,2000,Tottenham,8,4,404.0,4.5,0.0,0.0,0.0,0.0,0.0,0.0,0.0,0.0,0.0,0.0,0.0,0.0,0.0,2.0,2.0,100.0,0.45,0.45,0.0,0.0,51.0,53.9,78.0,1,4,23.0,0,2.38,10.0,6.0,4.0,0.89,-0.15,0.0,3.0,5.0,0.0,6.0,5.0,10.0,0.0,0.0,0.0,0.0,0.0,0.0,0.0,0.0,0.0,0.0,0.0,0.0,0.0,0.0,0.0,0.0,0.0,0.0,0.0,0.0,0.0,0.44554455445544555,0.44554455445544555,1.113861386138614,2.227722772277228,0.6683168316831682,1.3366336633663365,0.0,DF
Eberechi Eze,England,England,MF,27,1998,Arsenal,5,1,211.0,2.3,0.0,1.0,1.0,0.0,0.0,0.0,0.0,0.0,0.0,0.43,0.43,0.0,0.43,5.0,0.0,0.0,2.13,0.0,0.0,0.0,42.0,28.1,78.0,0,4,33.0,3,2.6,7.0,3.0,4.0,1.71,1.04,0.0,2.0,4.0,1.0,2.0,0.0,0.0,0.0,0.0,0.0,0.0,0.0,0.0,0.0,0.0,0.0,0.0,0.0,0.0,0.0,0.0,0.0,0.0,0.0,0.0,0.0,0.0,0.4265402843601896,2.132701421800948,0.0,0.0,0.0,0.8530805687203792,0.8530805687203792,0.4265402843601896,MF
Elliot Anderson,England,England,MF,23,2002,Nottingham,8,7,632.0,7.0,0.0,1.0,1.0,0.0,0.0,0.0,1.0,0.0,0.0,0.14,0.14,0.0,0.14,7.0,1.0,14.3,1.0,0.14,0.0,0.0,79.0,84.3,89.0,4,1,12.0,0,2.38,16.0,9.0,7.0,1.0,0.23,0.0,9.0,13.0,0.0,8.0,8.0,18.0,0.0,0.0,0.0,0.0,0.0,0.0,0.0,0.0,0.0,0.0,0.0,0.0,0.0,0.0,0.0,0.0,0.0,0.0,0.0,0.0,0.14240506329113925,0.9968354430379747,0.14240506329113925,1.139240506329114,2.5632911392405062,1.2816455696202531,1.139240506329114,0.14240506329113925,MF
Ezri Konsa,England,England,DF,28,1997,Aston Villa,8,7,647.0,7.2,1.0,0.0,1.0,1.0,0.0,0.0,0.0,0.0,0.14,0.0,0.14,0.14,0.14,3.0,2.0,66.7,0.42,0.28,0.33,0.5,81.0,86.3,90.0,6,1,19.0,0,2.38,18.0,12.0,6.0,0.83,-0.91,0.0,8.0,11.0,0.0,3.0,8.0,5.0,0.0,0.0,0.0,0.0,0.0,0.0,0.0,0.0,0.0,0.0,0.0,0.0,0.0,0.0,0.0,0.0,0.0,0.0,0.0,0.1391035548686244,0.0,0.41731066460587324,0.2782071097372488,1.1128284389489953,0.6955177743431221,1.1128284389489953,0.41731066460587324,0.1391035548686244,DF
Harry Kane,England,England,FW,32,1993,Bayern Munich,7,7,652.0,7.2,6.0,1.0,7.0,4.0,2.0,2.0,0.0,0.0,0.83,0.14,0.97,0.55,0.69,23.0,12.0,52.2,3.17,1.66,0.17,0.33,93.0,86.9,93.0,5,0,0.0,1,2.29,14.0,8.0,6.0,0.83,-1.01,0.0,8.0,9.0,2.0,1.0,1.0,3.0,0.0,0.0,0.0,0.0,0.0,0.0,0.0,0.0,0.0,0.0,0.0,0.0,0.0,0.0,0.0,0.0,0.0,0.0,0.0,0.8282208588957056,0.13803680981595093,3.174846625766871,1.6564417177914113,0.13803680981595093,0.4141104294478528,1.1042944785276074,0.13803680981595093,0.9662576687116565,FW
Ivan Toney,England,England,FW,30,1996,Al-Ahli,2,1,79.0,0.9,0.0,0.0,0.0,0.0,0.0,0.0,0.0,0.0,0.0,0.0,0.0,0.0,0.0,2.0,1.0,50.0,2.28,1.14,0.0,0.0,40.0,10.5,78.0,0,1,1.0,6,1.5,4.0,3.0,1.0,1.14,0.2,0.0,0.0,3.0,2.0,0.0,0.0,0.0,0.0,0.0,0.0,0.0,0.0,0.0,0.0,0.0,0.0,0.0,0.0,0.0,0.0,0.0,0.0,0.0,0.0,0.0,0.0,0.0,0.0,2.278481012658228,1.139240506329114,0.0,0.0,0.0,0.0,0.0,FW
James Trafford,England,England,GK,23,2002,Unknown Club,0,0,0.0,0.0,0.0,0.0,0.0,0.0,0.0,0.0,0.0,0.0,0.0,0.0,0.0,0.0,0.0,0.0,0.0,0.0,0.0,0.0,0.0,0.0,0.0,0.0,0.0,0,0,0.0,8,0.0,0.0,0.0,0.0,0.0,0.0,0.0,0.0,0.0,0.0,0.0,0.0,0.0,0.0,0.0,0.0,0.0,0.0,0.0,0.0,0.0,0.0,0.0,0.0,0.0,0.0,0.0,0.0,0.0,0.0,0.0,0.0,0.0,0.0,0.0,0.0,0.0,0.0,0.0,0.0,0.0,GK
Jarell Quansah,England,England,DF,23,2003,Leverkusen,3,3,197.0,2.2,0.0,0.0,0.0,0.0,0.0,0.0,1.0,1.0,0.0,0.0,0.0,0.0,0.0,0.0,0.0,0.0,0.0,0.0,0.0,0.0,66.0,26.3,66.0,0,0,0.0,3,3.0,7.0,4.0,3.0,1.37,0.56,0.0,2.0,2.0,0.0,1.0,0.0,0.0,0.0,0.0,0.0,0.0,0.0,0.0,0.0,0.0,0.0,0.0,0.0,0.0,0.0,0.0,0.0,0.0,0.0,0.0,0.0,0.0,0.0,0.0,0.0,0.0,0.0,0.9137055837563451,0.45685279187817257,0.0,DF
John Stones,England,England,DF,32,1994,Manchester City,5,3,330.0,3.7,0.0,0.0,0.0,0.0,0.0,0.0,0.0,0.0,0.0,0.0,0.0,0.0,0.0,1.0,0.0,0.0,0.27,0.0,0.0,0.0,66.0,44.0,98.0,1,2,18.0,3,2.4,8.0,5.0,3.0,0.82,-0.25,0.0,1.0,1.0,0.0,1.0,0.0,0.0,0.0,0.0,0.0,0.0,0.0,0.0,0.0,0.0,0.0,0.0,0.0,0.0,0.0,0.0,0.0,0.0,0.0,0.0,0.0,0.0,0.0,0.2727272727272727,0.0,0.0,0.0,0.2727272727272727,0.2727272727272727,0.0,DF
Jordan Henderson,England,England,MF,35,1990,Brentford,1,0,7.0,0.1,0.0,0.0,0.0,0.0,0.0,0.0,1.0,0.0,0.0,0.0,0.0,0.0,0.0,0.0,0.0,0.0,0.0,0.0,0.0,0.0,7.0,0.9,0.0,0,1,7.0,6,3.0,3.0,2.0,1.0,12.86,12.01,0.0,0.0,1.0,0.0,2.0,0.0,1.0,0.0,0.0,0.0,0.0,0.0,0.0,0.0,0.0,0.0,0.0,0.0,0.0,0.0,0.0,0.0,0.0,0.0,0.0,0.0,0.0,0.0,0.0,0.0,0.0,12.857142857142856,0.0,25.71428571428571,0.0,MF
Jordan Pickford,England,England,GK,32,1994,Everton,7,7,660.0,7.3,0.0,0.0,0.0,0.0,0.0,0.0,0.0,0.0,0.0,0.0,0.0,0.0,0.0,0.0,0.0,0.0,0.0,0.0,0.0,0.0,94.0,88.0,94.0,7,0,0.0,1,2.29,14.0,8.0,6.0,0.82,-1.18,0.0,0.0,4.0,0.0,0.0,0.0,0.0,0.0,7.0,7.0,660.0,8.0,1.09,23.0,15.0,65.2,5.0,1.0,1.0,2.0,28.6,1.0,1.0,0.0,0.0,0.0,0.0,0.0,0.0,0.0,0.0,0.0,0.0,0.0,0.0,GK
Jude Bellingham,England,England,MF,22,2003,Real Madrid,8,7,614.0,6.8,7.0,1.0,8.0,7.0,0.0,0.0,1.0,0.0,1.03,0.15,1.17,1.03,1.17,19.0,13.0,68.4,2.79,1.91,0.37,0.54,77.0,81.9,86.0,3,1,12.0,0,2.38,15.0,9.0,6.0,0.88,-0.44,0.0,9.0,17.0,1.0,8.0,3.0,10.0,0.0,0.0,0.0,0.0,0.0,0.0,0.0,0.0,0.0,0.0,0.0,0.0,0.0,0.0,0.0,0.0,0.0,0.0,0.0,1.0260586319218241,0.1465798045602606,2.785016286644951,1.9055374592833876,0.43973941368078173,1.4657980456026058,1.3192182410423452,1.1726384364820848,1.1726384364820848,MF
Kobbie Mainoo,England,England,MF,21,2005,Unknown Club,0,0,0.0,0.0,0.0,0.0,0.0,0.0,0.0,0.0,0.0,0.0,0.0,0.0,0.0,0.0,0.0,0.0,0.0,0.0,0.0,0.0,0.0,0.0,0.0,0.0,0.0,0,0,0.0,7,0.0,0.0,0.0,0.0,0.0,0.0,0.0,0.0,0.0,0.0,0.0,0.0,0.0,0.0,0.0,0.0,0.0,0.0,0.0,0.0,0.0,0.0,0.0,0.0,0.0,0.0,0.0,0.0,0.0,0.0,0.0,0.0,0.0,0.0,0.0,0.0,0.0,0.0,0.0,0.0,0.0,MF
Marc Guéhi,England,England,DF,25,2000,Manchester City,8,7,663.0,7.4,0.0,0.0,0.0,0.0,0.0,0.0,1.0,0.0,0.0,0.0,0.0,0.0,0.0,1.0,0.0,0.0,0.14,0.0,0.0,0.0,83.0,88.4,94.0,6,1,4.0,0,2.38,15.0,9.0,6.0,0.81,-1.25,0.0,4.0,13.0,0.0,0.0,6.0,1.0,0.0,0.0,0.0,0.0,0.0,0.0,0.0,0.0,0.0,0.0,0.0,0.0,0.0,0.0,0.0,0.0,0.0,0.0,0.0,0.0,0.0,0.13574660633484165,0.0,0.8144796380090499,0.13574660633484165,0.5429864253393666,0.0,0.0,DF
Marcus Rashford,England,England,MF,28,1997,Barcelona,6,3,223.0,2.5,1.0,1.0,2.0,1.0,0.0,0.0,0.0,0.0,0.4,0.4,0.81,0.4,0.81,12.0,5.0,41.7,4.84,2.02,0.08,0.2,37.0,29.7,65.0,1,3,9.0,2,2.17,7.0,1.0,6.0,2.42,2.08,0.0,5.0,1.0,1.0,17.0,0.0,2.0,0.0,0.0,0.0,0.0,0.0,0.0,0.0,0.0,0.0,0.0,0.0,0.0,0.0,0.0,0.0,0.0,0.0,0.0,0.0,0.40358744394618834,0.40358744394618834,4.843049327354261,2.0179372197309418,0.0,0.8071748878923767,2.0179372197309418,6.860986547085202,0.8071748878923767,MF
Morgan Rogers,England,England,MF,23,2002,Aston Villa,7,3,339.0,3.8,0.0,1.0,1.0,0.0,0.0,0.0,0.0,0.0,0.0,0.27,0.27,0.0,0.27,3.0,1.0,33.3,0.8,0.27,0.0,0.0,48.0,45.2,90.0,3,4,17.0,1,2.29,11.0,6.0,5.0,1.33,0.67,0.0,5.0,5.0,2.0,5.0,0.0,3.0,0.0,0.0,0.0,0.0,0.0,0.0,0.0,0.0,0.0,0.0,0.0,0.0,0.0,0.0,0.0,0.0,0.0,0.0,0.0,0.0,0.2654867256637168,0.7964601769911505,0.2654867256637168,0.0,0.7964601769911505,1.3274336283185841,1.3274336283185841,0.2654867256637168,MF
Nico O'Reilly,England,England,DF,21,2005,Manchester City,7,5,461.0,5.1,0.0,0.0,0.0,0.0,0.0,0.0,1.0,0.0,0.0,0.0,0.0,0.0,0.0,7.0,1.0,14.3,1.37,0.2,0.0,0.0,66.0,61.5,86.0,3,2,17.0,1,2.29,12.0,8.0,4.0,0.78,-0.46,0.0,6.0,4.0,0.0,4.0,5.0,3.0,0.0,0.0,0.0,0.0,0.0,0.0,0.0,0.0,0.0,0.0,0.0,0.0,0.0,0.0,0.0,0.0,0.0,0.0,0.0,0.0,0.0,1.3665943600867678,0.19522776572668113,0.9761388286334056,0.5856832971800434,1.1713665943600868,0.7809110629067245,0.0,DF
Noni Madueke,England,England,MF,24,2002,Arsenal,5,4,286.0,3.2,0.0,0.0,0.0,0.0,0.0,0.0,0.0,0.0,0.0,0.0,0.0,0.0,0.0,6.0,1.0,16.7,1.89,0.31,0.0,0.0,57.0,38.1,65.0,0,1,28.0,3,2.6,5.0,4.0,1.0,0.31,-1.04,0.0,2.0,3.0,1.0,21.0,2.0,4.0,0.0,0.0,0.0,0.0,0.0,0.0,0.0,0.0,0.0,0.0,0.0,0.0,0.0,0.0,0.0,0.0,0.0,0.0,0.0,0.0,0.0,1.8881118881118881,0.3146853146853147,0.6293706293706294,1.2587412587412588,0.6293706293706294,6.608391608391608,0.0,MF
Ollie Watkins,England,England,"FW,MF",30,1995,Aston Villa,2,0,52.0,0.6,0.0,0.0,0.0,0.0,0.0,0.0,0.0,0.0,0.0,0.0,0.0,0.0,0.0,1.0,0.0,0.0,1.73,0.0,0.0,0.0,26.0,6.9,0.0,0,2,26.0,6,3.0,2.0,4.0,-2.0,-3.46,-4.75,0.0,1.0,0.0,0.0,2.0,0.0,1.0,0.0,0.0,0.0,0.0,0.0,0.0,0.0,0.0,0.0,0.0,0.0,0.0,0.0,0.0,0.0,0.0,0.0,0.0,0.0,0.0,0.0,1.7307692307692308,0.0,0.0,1.7307692307692308,1.7307692307692308,3.4615384615384617,0.0,MF
Reece James,England,England,DF,26,1999,Chelsea,5,3,319.0,3.5,0.0,0.0,0.0,0.0,0.0,0.0,0.0,0.0,0.0,0.0,0.0,0.0,0.0,1.0,0.0,0.0,0.28,0.0,0.0,0.0,64.0,42.5,87.0,2,2,29.0,2,2.0,8.0,3.0,5.0,1.41,0.78,0.0,3.0,1.0,0.0,9.0,3.0,3.0,0.0,0.0,0.0,0.0,0.0,0.0,0.0,0.0,0.0,0.0,0.0,0.0,0.0,0.0,0.0,0.0,0.0,0.0,0.0,0.0,0.0,0.28213166144200624,0.0,0.8463949843260189,0.8463949843260189,0.8463949843260189,2.5391849529780566,0.0,DF
Trevoh Chalobah,England,England,"DF,MF",26,1999,Chelsea,1,0,1.0,0.0,0.0,0.0,0.0,0.0,0.0,0.0,0.0,0.0,0.0,0.0,0.0,0.0,0.0,0.0,0.0,0.0,0.0,0.0,0.0,0.0,1.0,0.1,0.0,0,1,1.0,6,3.0,1.0,1.0,0.0,0.0,-0.96,0.0,0.0,0.0,0.0,0.0,0.0,0.0,0.0,0.0,0.0,0.0,0.0,0.0,0.0,0.0,0.0,0.0,0.0,0.0,0.0,0.0,0.0,0.0,0.0,0.0,0.0,0.0,0.0,0.0,0.0,0.0,0.0,0.0,0.0,0.0,DF
Adrien Rabiot,France,France,MF,31,1995,Milan,7,7,585.0,6.5,0.0,1.0,1.0,0.0,0.0,0.0,1.0,0.0,0.0,0.15,0.15,0.0,0.15,9.0,1.0,11.1,1.38,0.15,0.0,0.0,84.0,81.3,84.0,6,0,0.0,1,2.14,16.0,8.0,8.0,1.23,-0.1,0.0,13.0,4.0,1.0,2.0,11.0,7.0,0.0,0.0,0.0,0.0,0.0,0.0,0.0,0.0,0.0,0.0,0.0,0.0,0.0,0.0,0.0,0.0,0.0,0.0,0.0,0.0,0.15384615384615385,1.3846153846153846,0.15384615384615385,1.6923076923076923,1.076923076923077,2.0,0.3076923076923077,0.15384615384615385,MF
Aurélien Tchouaméni,France,France,MF,26,2000,Real Madrid,4,4,360.0,4.0,0.0,1.0,1.0,0.0,0.0,0.0,1.0,0.0,0.0,0.25,0.25,0.0,0.25,3.0,0.0,0.0,0.75,0.0,0.0,0.0,90.0,50.0,90.0,4,0,0.0,4,2.25,10.0,4.0,6.0,1.5,0.5,0.0,4.0,3.0,0.0,2.0,6.0,14.0,0.0,0.0,0.0,0.0,0.0,0.0,0.0,0.0,0.0,0.0,0.0,0.0,0.0,0.0,0.0,0.0,0.0,0.0,0.0,0.0,0.25,0.75,0.0,1.5,3.5,1.0,0.5,0.25,MF
Bradley Barcola,France,France,MF,23,2002,PSG,8,4,384.0,4.3,3.0,1.0,4.0,3.0,0.0,0.0,1.0,0.0,0.7,0.23,0.94,0.7,0.94,10.0,5.0,50.0,2.34,1.17,0.3,0.6,48.0,53.3,72.0,1,4,24.0,0,2.25,13.0,4.0,9.0,2.11,1.84,0.0,5.0,1.0,1.0,3.0,1.0,4.0,0.0,0.0,0.0,0.0,0.0,0.0,0.0,0.0,0.0,0.0,0.0,0.0,0.0,0.0,0.0,0.0,0.0,0.0,0.0,0.703125,0.234375,2.34375,1.171875,0.234375,0.9375,1.171875,0.703125,0.9375,MF
Brice Samba,France,France,GK,32,1994,Unknown Club,0,0,0.0,0.0,0.0,0.0,0.0,0.0,0.0,0.0,0.0,0.0,0.0,0.0,0.0,0.0,0.0,0.0,0.0,0.0,0.0,0.0,0.0,0.0,0.0,0.0,0.0,0,0,0.0,8,0.0,0.0,0.0,0.0,0.0,0.0,0.0,0.0,0.0,0.0,0.0,0.0,0.0,0.0,0.0,0.0,0.0,0.0,0.0,0.0,0.0,0.0,0.0,0.0,0.0,0.0,0.0,0.0,0.0,0.0,0.0,0.0,0.0,0.0,0.0,0.0,0.0,0.0,0.0,0.0,0.0,GK
Dayot Upamecano,France,France,DF,27,1998,Bayern Munich,8,7,660.0,7.3,0.0,1.0,1.0,0.0,0.0,0.0,0.0,0.0,0.0,0.14,0.14,0.0,0.14,4.0,2.0,50.0,0.55,0.27,0.0,0.0,83.0,91.7,88.0,6,1,45.0,0,2.25,19.0,6.0,13.0,1.77,6.27,0.0,7.0,4.0,0.0,0.0,15.0,12.0,0.0,0.0,0.0,0.0,0.0,0.0,0.0,0.0,0.0,0.0,0.0,0.0,0.0,0.0,0.0,0.0,0.0,0.0,0.0,0.0,0.13636363636363635,0.5454545454545454,0.2727272727272727,2.0454545454545454,1.6363636363636362,0.9545454545454546,0.0,0.13636363636363635,DF
Désiré Doué,France,France,MF,21,2005,PSG,8,4,400.0,4.4,1.0,1.0,2.0,1.0,0.0,0.0,0.0,0.0,0.23,0.23,0.45,0.23,0.45,13.0,8.0,61.5,2.93,1.8,0.08,0.13,50.0,55.6,74.0,1,4,26.0,0,2.25,9.0,6.0,3.0,0.68,-1.29,0.0,4.0,8.0,0.0,3.0,2.0,6.0,0.0,0.0,0.0,0.0,0.0,0.0,0.0,0.0,0.0,0.0,0.0,0.0,0.0,0.0,0.0,0.0,0.0,0.0,0.0,0.225,0.225,2.9250000000000003,1.8,0.45,1.3499999999999999,0.9,0.6749999999999999,0.45,MF
Ibrahima Konaté,France,France,DF,27,1999,Liverpool,2,1,60.0,0.7,0.0,0.0,0.0,0.0,0.0,0.0,0.0,0.0,0.0,0.0,0.0,0.0,0.0,0.0,0.0,0.0,0.0,0.0,0.0,0.0,30.0,8.3,45.0,0,1,15.0,6,1.5,1.0,4.0,-3.0,-4.5,-6.27,0.0,2.0,1.0,0.0,0.0,3.0,0.0,0.0,0.0,0.0,0.0,0.0,0.0,0.0,0.0,0.0,0.0,0.0,0.0,0.0,0.0,0.0,0.0,0.0,0.0,0.0,0.0,0.0,0.0,0.0,4.5,0.0,3.0,0.0,0.0,DF
Jean-Philippe Mateta,France,France,FW,28,1997,Crystal Palace,3,0,24.0,0.3,0.0,0.0,0.0,0.0,0.0,0.0,0.0,0.0,0.0,0.0,0.0,0.0,0.0,3.0,1.0,33.3,11.25,3.75,0.0,0.0,8.0,3.3,0.0,0,3,8.0,5,3.0,1.0,0.0,1.0,3.75,2.59,0.0,1.0,0.0,0.0,0.0,0.0,0.0,0.0,0.0,0.0,0.0,0.0,0.0,0.0,0.0,0.0,0.0,0.0,0.0,0.0,0.0,0.0,0.0,0.0,0.0,0.0,0.0,0.0,11.25,3.75,0.0,0.0,3.75,0.0,0.0,FW
Jules Koundé,France,France,DF,27,1998,Barcelona,8,7,599.0,6.7,0.0,0.0,0.0,0.0,0.0,0.0,0.0,0.0,0.0,0.0,0.0,0.0,0.0,2.0,0.0,0.0,0.3,0.0,0.0,0.0,75.0,83.2,85.0,3,1,1.0,0,2.25,16.0,5.0,11.0,1.65,2.4,0.0,6.0,5.0,1.0,12.0,3.0,8.0,0.0,0.0,0.0,0.0,0.0,0.0,0.0,0.0,0.0,0.0,0.0,0.0,0.0,0.0,0.0,0.0,0.0,0.0,0.0,0.0,0.0,0.3005008347245409,0.0,0.4507512520868113,1.2020033388981637,0.9015025041736227,1.8030050083472453,0.0,DF
Kylian Mbappé,France,France,FW,27,1998,Real Madrid,8,8,695.0,7.7,10.0,4.0,14.0,9.0,1.0,2.0,1.0,0.0,1.29,0.52,1.81,1.17,1.68,41.0,23.0,56.1,5.31,2.98,0.22,0.39,87.0,96.5,87.0,4,0,0.0,0,2.25,19.0,10.0,9.0,1.17,-2.43,0.0,6.0,8.0,7.0,4.0,0.0,1.0,0.0,0.0,0.0,0.0,0.0,0.0,0.0,0.0,0.0,0.0,0.0,0.0,0.0,0.0,0.0,0.0,0.0,0.0,0.0,1.2949640287769786,0.5179856115107914,5.309352517985611,2.9784172661870505,0.0,0.12949640287769784,0.776978417266187,0.5179856115107914,1.81294964028777,FW
Lucas Digne,France,France,DF,32,1993,Aston Villa,6,5,463.0,5.1,0.0,0.0,0.0,0.0,0.0,0.0,0.0,0.0,0.0,0.0,0.0,0.0,0.0,2.0,1.0,50.0,0.39,0.19,0.0,0.0,77.0,64.3,84.0,3,1,45.0,2,2.0,13.0,4.0,9.0,1.75,1.4,0.0,7.0,2.0,0.0,15.0,2.0,3.0,0.0,0.0,0.0,0.0,0.0,0.0,0.0,0.0,0.0,0.0,0.0,0.0,0.0,0.0,0.0,0.0,0.0,0.0,0.0,0.0,0.0,0.38876889848812096,0.19438444924406048,0.38876889848812096,0.5831533477321814,1.3606911447084233,2.9157667386609076,0.0,DF
Lucas Hernández,France,France,DF,30,1996,Unknown Club,0,0,0.0,0.0,0.0,0.0,0.0,0.0,0.0,0.0,0.0,0.0,0.0,0.0,0.0,0.0,0.0,0.0,0.0,0.0,0.0,0.0,0.0,0.0,0.0,0.0,0.0,0,0,0.0,8,0.0,0.0,0.0,0.0,0.0,0.0,0.0,0.0,0.0,0.0,0.0,0.0,0.0,0.0,0.0,0.0,0.0,0.0,0.0,0.0,0.0,0.0,0.0,0.0,0.0,0.0,0.0,0.0,0.0,0.0,0.0,0.0,0.0,0.0,0.0,0.0,0.0,0.0,0.0,0.0,0.0,DF
Maghnes Akliouche,France,France,MF,24,2002,Monaco,1,0,8.0,0.1,0.0,0.0,0.0,0.0,0.0,0.0,0.0,0.0,0.0,0.0,0.0,0.0,0.0,0.0,0.0,0.0,0.0,0.0,0.0,0.0,8.0,1.1,0.0,0,1,8.0,7,3.0,0.0,0.0,0.0,0.0,-1.26,0.0,0.0,0.0,0.0,1.0,0.0,0.0,0.0,0.0,0.0,0.0,0.0,0.0,0.0,0.0,0.0,0.0,0.0,0.0,0.0,0.0,0.0,0.0,0.0,0.0,0.0,0.0,0.0,0.0,0.0,0.0,0.0,0.0,11.25,0.0,MF
Malo Gusto,France,France,DF,23,2003,Chelsea,5,1,121.0,1.3,0.0,0.0,0.0,0.0,0.0,0.0,0.0,0.0,0.0,0.0,0.0,0.0,0.0,0.0,0.0,0.0,0.0,0.0,0.0,0.0,24.0,16.8,89.0,0,4,8.0,3,2.4,4.0,5.0,-1.0,-0.74,-2.4,0.0,4.0,2.0,0.0,2.0,2.0,3.0,0.0,0.0,0.0,0.0,0.0,0.0,0.0,0.0,0.0,0.0,0.0,0.0,0.0,0.0,0.0,0.0,0.0,0.0,0.0,0.0,0.0,0.0,0.0,1.487603305785124,2.231404958677686,2.975206611570248,1.487603305785124,0.0,DF
Manu Koné,France,France,MF,25,2001,Roma,5,4,385.0,4.3,0.0,0.0,0.0,0.0,0.0,0.0,1.0,0.0,0.0,0.0,0.0,0.0,0.0,6.0,2.0,33.3,1.4,0.47,0.0,0.0,77.0,53.5,85.0,3,1,45.0,3,2.4,10.0,2.0,8.0,1.87,1.33,0.0,6.0,7.0,0.0,1.0,3.0,5.0,0.0,0.0,0.0,0.0,0.0,0.0,0.0,0.0,0.0,0.0,0.0,0.0,0.0,0.0,0.0,0.0,0.0,0.0,0.0,0.0,0.0,1.4025974025974026,0.4675324675324675,0.7012987012987013,1.168831168831169,1.4025974025974026,0.23376623376623376,0.0,MF
Marcus Thuram,France,France,"FW,MF",28,1997,Inter,1,0,1.0,0.0,0.0,0.0,0.0,0.0,0.0,0.0,0.0,0.0,0.0,0.0,0.0,0.0,0.0,0.0,0.0,0.0,0.0,0.0,0.0,0.0,1.0,0.1,0.0,0,1,1.0,7,3.0,0.0,0.0,0.0,0.0,-1.25,0.0,0.0,0.0,0.0,0.0,0.0,0.0,0.0,0.0,0.0,0.0,0.0,0.0,0.0,0.0,0.0,0.0,0.0,0.0,0.0,0.0,0.0,0.0,0.0,0.0,0.0,0.0,0.0,0.0,0.0,0.0,0.0,0.0,0.0,0.0,MF
Maxence Lacroix,France,France,DF,26,2000,Crystal Palace,3,2,241.0,2.7,0.0,0.0,0.0,0.0,0.0,0.0,0.0,0.0,0.0,0.0,0.0,0.0,0.0,0.0,0.0,0.0,0.0,0.0,0.0,0.0,80.0,33.5,90.0,2,1,61.0,5,1.0,8.0,8.0,0.0,0.0,-1.88,0.0,5.0,0.0,1.0,0.0,3.0,2.0,0.0,0.0,0.0,0.0,0.0,0.0,0.0,0.0,0.0,0.0,0.0,0.0,0.0,0.0,0.0,0.0,0.0,0.0,0.0,0.0,0.0,0.0,0.0,1.120331950207469,0.7468879668049793,1.8672199170124482,0.0,0.0,DF
Michael Olise,France,France,MF,24,2001,Bayern Munich,8,8,646.0,7.2,0.0,7.0,7.0,0.0,0.0,0.0,1.0,0.0,0.0,0.98,0.98,0.0,0.98,20.0,5.0,25.0,2.79,0.7,0.0,0.0,81.0,89.7,81.0,4,0,0.0,0,2.25,19.0,10.0,9.0,1.25,0.04,0.0,5.0,16.0,0.0,22.0,3.0,8.0,0.0,0.0,0.0,0.0,0.0,0.0,0.0,0.0,0.0,0.0,0.0,0.0,0.0,0.0,0.0,0.0,0.0,0.0,0.0,0.0,0.9752321981424149,2.7863777089783284,0.6965944272445821,0.4179566563467492,1.1145510835913313,0.6965944272445821,3.065015479876161,0.9752321981424149,MF
Mike Maignan,France,France,GK,30,1995,Milan,8,8,720.0,8.0,0.0,0.0,0.0,0.0,0.0,0.0,0.0,0.0,0.0,0.0,0.0,0.0,0.0,0.0,0.0,0.0,0.0,0.0,0.0,0.0,90.0,100.0,90.0,8,0,0.0,0,2.25,20.0,10.0,10.0,1.25,0.0,0.0,0.0,2.0,0.0,0.0,0.0,0.0,0.0,8.0,8.0,720.0,10.0,1.25,22.0,12.0,54.5,6.0,0.0,2.0,4.0,50.0,3.0,2.0,1.0,0.0,33.3,0.0,0.0,0.0,0.0,0.0,0.0,0.0,0.0,0.0,GK
N'Golo Kanté,France,France,MF,35,1991,Unknown Club,0,0,0.0,0.0,0.0,0.0,0.0,0.0,0.0,0.0,0.0,0.0,0.0,0.0,0.0,0.0,0.0,0.0,0.0,0.0,0.0,0.0,0.0,0.0,0.0,0.0,0.0,0,0,0.0,8,0.0,0.0,0.0,0.0,0.0,0.0,0.0,0.0,0.0,0.0,0.0,0.0,0.0,0.0,0.0,0.0,0.0,0.0,0.0,0.0,0.0,0.0,0.0,0.0,0.0,0.0,0.0,0.0,0.0,0.0,0.0,0.0,0.0,0.0,0.0,0.0,0.0,0.0,0.0,0.0,0.0,MF
Ousmane Dembélé,France,France,MF,29,1997,PSG,8,7,592.0,6.6,6.0,2.0,8.0,6.0,0.0,0.0,0.0,0.0,0.91,0.3,1.22,0.91,1.22,20.0,10.0,50.0,3.04,1.52,0.3,0.6,74.0,82.2,78.0,2,1,45.0,0,2.25,17.0,5.0,12.0,1.82,3.23,0.0,0.0,4.0,3.0,34.0,0.0,2.0,0.0,0.0,0.0,0.0,0.0,0.0,0.0,0.0,0.0,0.0,0.0,0.0,0.0,0.0,0.0,0.0,0.0,0.0,0.0,0.9121621621621622,0.30405405405405406,3.040540540540541,1.5202702702702704,0.0,0.30405405405405406,0.0,5.168918918918919,1.2162162162162162,MF
Rayan Cherki,France,France,MF,22,2003,Manchester City,7,1,130.0,1.4,0.0,0.0,0.0,0.0,0.0,0.0,0.0,0.0,0.0,0.0,0.0,0.0,0.0,1.0,1.0,100.0,0.69,0.69,0.0,0.0,19.0,18.1,45.0,0,6,14.0,1,2.14,2.0,5.0,-3.0,-2.08,-4.06,0.0,2.0,2.0,0.0,1.0,1.0,1.0,0.0,0.0,0.0,0.0,0.0,0.0,0.0,0.0,0.0,0.0,0.0,0.0,0.0,0.0,0.0,0.0,0.0,0.0,0.0,0.0,0.0,0.6923076923076923,0.6923076923076923,0.6923076923076923,0.6923076923076923,1.3846153846153846,0.6923076923076923,0.0,MF
Robin Risser,France,France,GK,21,2004,Unknown Club,0,0,0.0,0.0,0.0,0.0,0.0,0.0,0.0,0.0,0.0,0.0,0.0,0.0,0.0,0.0,0.0,0.0,0.0,0.0,0.0,0.0,0.0,0.0,0.0,0.0,0.0,0,0,0.0,8,0.0,0.0,0.0,0.0,0.0,0.0,0.0,0.0,0.0,0.0,0.0,0.0,0.0,0.0,0.0,0.0,0.0,0.0,0.0,0.0,0.0,0.0,0.0,0.0,0.0,0.0,0.0,0.0,0.0,0.0,0.0,0.0,0.0,0.0,0.0,0.0,0.0,0.0,0.0,0.0,0.0,GK
Theo Hernández,France,France,DF,28,1997,Al-Hilal,5,3,257.0,2.9,0.0,0.0,0.0,0.0,0.0,0.0,0.0,0.0,0.0,0.0,0.0,0.0,0.0,3.0,0.0,0.0,1.05,0.0,0.0,0.0,51.0,35.7,75.0,2,2,16.0,3,1.8,7.0,6.0,1.0,0.35,-1.4,0.0,2.0,4.0,0.0,6.0,3.0,1.0,0.0,0.0,0.0,0.0,0.0,0.0,0.0,0.0,0.0,0.0,0.0,0.0,0.0,0.0,0.0,0.0,0.0,0.0,0.0,0.0,0.0,1.0505836575875487,0.0,1.0505836575875487,0.35019455252918286,0.7003891050583657,2.1011673151750974,0.0,DF
Warren Zaïre-Emery,France,France,MF,20,2006,PSG,2,1,110.0,1.2,0.0,0.0,0.0,0.0,0.0,0.0,0.0,0.0,0.0,0.0,0.0,0.0,0.0,1.0,0.0,0.0,0.82,0.0,0.0,0.0,55.0,15.3,90.0,1,1,20.0,6,1.5,4.0,6.0,-2.0,-1.64,-3.41,0.0,1.0,0.0,0.0,1.0,1.0,0.0,0.0,0.0,0.0,0.0,0.0,0.0,0.0,0.0,0.0,0.0,0.0,0.0,0.0,0.0,0.0,0.0,0.0,0.0,0.0,0.0,0.0,0.8181818181818181,0.0,0.8181818181818181,0.0,0.8181818181818181,0.8181818181818181,0.0,MF
William Saliba,France,France,DF,25,2001,Arsenal,6,6,479.0,5.3,0.0,0.0,0.0,0.0,0.0,0.0,0.0,0.0,0.0,0.0,0.0,0.0,0.0,1.0,0.0,0.0,0.19,0.0,0.0,0.0,80.0,66.5,80.0,5,0,0.0,2,2.5,12.0,2.0,10.0,1.88,1.88,0.0,4.0,0.0,0.0,0.0,6.0,0.0,0.0,0.0,0.0,0.0,0.0,0.0,0.0,0.0,0.0,0.0,0.0,0.0,0.0,0.0,0.0,0.0,0.0,0.0,0.0,0.0,0.0,0.1878914405010438,0.0,1.1273486430062631,0.0,0.7515657620041752,0.0,0.0,DF
Aleksandar Pavlovic,Germany,Germany,MF,22,2004,Bayern Munich,4,4,272.0,3.0,0.0,0.0,0.0,0.0,0.0,0.0,1.0,0.0,0.0,0.0,0.0,0.0,0.0,4.0,1.0,25.0,1.32,0.33,0.0,0.0,68.0,69.7,68.0,1,0,0.0,0,1.75,9.0,4.0,5.0,1.65,0.89,0.0,13.0,4.0,0.0,1.0,2.0,3.0,0.0,0.0,0.0,0.0,0.0,0.0,0.0,0.0,0.0,0.0,0.0,0.0,0.0,0.0,0.0,0.0,0.0,0.0,0.0,0.0,0.0,1.3235294117647058,0.33088235294117646,0.6617647058823529,0.9926470588235294,4.3014705882352935,0.33088235294117646,0.0,MF
Alexander Nübel,Germany,Germany,GK,29,1996,Unknown Club,0,0,0.0,0.0,0.0,0.0,0.0,0.0,0.0,0.0,0.0,0.0,0.0,0.0,0.0,0.0,0.0,0.0,0.0,0.0,0.0,0.0,0.0,0.0,0.0,0.0,0.0,0,0,0.0,4,0.0,0.0,0.0,0.0,0.0,0.0,0.0,0.0,0.0,0.0,0.0,0.0,0.0,0.0,0.0,0.0,0.0,0.0,0.0,0.0,0.0,0.0,0.0,0.0,0.0,0.0,0.0,0.0,0.0,0.0,0.0,0.0,0.0,0.0,0.0,0.0,0.0,0.0,0.0,0.0,0.0,GK
Angelo Stiller,Germany,Germany,MF,25,2001,Stuttgart,1,0,45.0,0.5,0.0,0.0,0.0,0.0,0.0,0.0,0.0,0.0,0.0,0.0,0.0,0.0,0.0,0.0,0.0,0.0,0.0,0.0,0.0,0.0,45.0,11.5,0.0,0,1,45.0,3,0.0,0.0,1.0,-1.0,-2.0,-3.83,0.0,0.0,0.0,0.0,0.0,1.0,1.0,0.0,0.0,0.0,0.0,0.0,0.0,0.0,0.0,0.0,0.0,0.0,0.0,0.0,0.0,0.0,0.0,0.0,0.0,0.0,0.0,0.0,0.0,0.0,2.0,2.0,0.0,0.0,0.0,MF
Antonio Rüdiger,Germany,Germany,DF,33,1993,Real Madrid,4,2,262.0,2.9,0.0,0.0,0.0,0.0,0.0,0.0,0.0,0.0,0.0,0.0,0.0,0.0,0.0,1.0,0.0,0.0,0.34,0.0,0.0,0.0,66.0,67.2,100.0,1,2,32.0,0,1.75,6.0,3.0,3.0,1.03,-1.08,0.0,1.0,0.0,0.0,3.0,0.0,0.0,0.0,0.0,0.0,0.0,0.0,0.0,0.0,0.0,0.0,0.0,0.0,0.0,0.0,0.0,0.0,0.0,0.0,0.0,0.0,0.0,0.0,0.34351145038167935,0.0,0.0,0.0,0.34351145038167935,1.0305343511450382,0.0,DF
Assan Ouédraogo,Germany,Germany,MF,20,2006,Unknown Club,0,0,0.0,0.0,0.0,0.0,0.0,0.0,0.0,0.0,0.0,0.0,0.0,0.0,0.0,0.0,0.0,0.0,0.0,0.0,0.0,0.0,0.0,0.0,0.0,0.0,0.0,0,0,0.0,4,0.0,0.0,0.0,0.0,0.0,0.0,0.0,0.0,0.0,0.0,0.0,0.0,0.0,0.0,0.0,0.0,0.0,0.0,0.0,0.0,0.0,0.0,0.0,0.0,0.0,0.0,0.0,0.0,0.0,0.0,0.0,0.0,0.0,0.0,0.0,0.0,0.0,0.0,0.0,0.0,0.0,MF
David Raum,Germany,Germany,DF,28,1998,RB Leipzig,2,1,108.0,1.2,0.0,0.0,0.0,0.0,0.0,0.0,0.0,0.0,0.0,0.0,0.0,0.0,0.0,1.0,1.0,100.0,0.83,0.83,0.0,0.0,54.0,27.7,90.0,1,1,18.0,2,1.5,3.0,2.0,1.0,0.83,-0.76,0.0,2.0,0.0,0.0,13.0,1.0,1.0,0.0,0.0,0.0,0.0,0.0,0.0,0.0,0.0,0.0,0.0,0.0,0.0,0.0,0.0,0.0,0.0,0.0,0.0,0.0,0.0,0.0,0.8333333333333333,0.8333333333333333,0.8333333333333333,0.8333333333333333,1.6666666666666665,10.833333333333332,0.0,DF
Deniz Undav,Germany,Germany,FW,29,1996,Stuttgart,4,1,151.0,1.7,3.0,2.0,5.0,3.0,0.0,0.0,0.0,0.0,1.79,1.19,2.98,1.79,2.98,6.0,4.0,66.7,3.58,2.38,0.5,0.75,38.0,38.7,62.0,0,3,30.0,0,1.75,6.0,2.0,4.0,2.38,1.63,0.0,3.0,0.0,0.0,1.0,0.0,0.0,0.0,0.0,0.0,0.0,0.0,0.0,0.0,0.0,0.0,0.0,0.0,0.0,0.0,0.0,0.0,0.0,0.0,0.0,0.0,1.7880794701986755,1.1920529801324504,3.576158940397351,2.384105960264901,0.0,0.0,1.7880794701986755,0.5960264900662252,2.980132450331126,FW
Felix Nmecha,Germany,Germany,MF,25,2000,Dortmund,4,4,270.0,3.0,1.0,1.0,2.0,1.0,0.0,0.0,0.0,0.0,0.33,0.33,0.67,0.33,0.67,8.0,3.0,37.5,2.67,1.0,0.13,0.33,68.0,69.2,68.0,1,0,0.0,0,1.75,8.0,4.0,4.0,1.33,-0.17,0.0,3.0,3.0,0.0,2.0,2.0,9.0,0.0,0.0,0.0,0.0,0.0,0.0,0.0,0.0,0.0,0.0,0.0,0.0,0.0,0.0,0.0,0.0,0.0,0.0,0.0,0.33333333333333337,0.33333333333333337,2.666666666666667,1.0,0.6666666666666667,3.0,1.0,0.6666666666666667,0.6666666666666667,MF
Florian Wirtz,Germany,Germany,MF,23,2003,Liverpool,4,4,361.0,4.0,0.0,3.0,3.0,0.0,0.0,0.0,0.0,0.0,0.0,0.75,0.75,0.0,0.75,10.0,1.0,10.0,2.49,0.25,0.0,0.0,90.0,92.6,90.0,2,0,0.0,0,1.75,11.0,4.0,7.0,1.75,4.85,0.0,1.0,3.0,1.0,13.0,2.0,6.0,0.0,0.0,0.0,0.0,0.0,0.0,0.0,0.0,0.0,0.0,0.0,0.0,0.0,0.0,0.0,0.0,0.0,0.0,0.0,0.0,0.7479224376731303,2.493074792243767,0.24930747922437674,0.4986149584487535,1.4958448753462605,0.24930747922437674,3.2409972299168976,0.7479224376731303,MF
Jamal Musiala,Germany,Germany,MF,23,2003,Bayern Munich,4,3,270.0,3.0,1.0,0.0,1.0,1.0,0.0,0.0,1.0,0.0,0.33,0.0,0.33,0.33,0.33,6.0,1.0,16.7,2.0,0.33,0.17,1.0,68.0,69.2,71.0,1,1,58.0,0,1.75,5.0,4.0,1.0,0.33,-3.42,0.0,5.0,11.0,0.0,5.0,1.0,5.0,0.0,0.0,0.0,0.0,0.0,0.0,0.0,0.0,0.0,0.0,0.0,0.0,0.0,0.0,0.0,0.0,0.0,0.0,0.0,0.33333333333333337,0.0,2.0,0.33333333333333337,0.33333333333333337,1.6666666666666665,1.6666666666666665,1.6666666666666665,0.33333333333333337,MF
Jamie Leweling,Germany,Germany,"FW,MF",25,2001,Stuttgart,1,0,31.0,0.3,0.0,0.0,0.0,0.0,0.0,0.0,0.0,0.0,0.0,0.0,0.0,0.0,0.0,1.0,0.0,0.0,2.9,0.0,0.0,0.0,31.0,7.9,0.0,0,1,31.0,3,3.0,2.0,0.0,2.0,5.81,4.8,0.0,0.0,0.0,0.0,2.0,0.0,0.0,0.0,0.0,0.0,0.0,0.0,0.0,0.0,0.0,0.0,0.0,0.0,0.0,0.0,0.0,0.0,0.0,0.0,0.0,0.0,0.0,0.0,2.903225806451613,0.0,0.0,0.0,0.0,5.806451612903226,0.0,MF
Jonathan Tah,Germany,Germany,DF,30,1996,Bayern Munich,4,4,372.0,4.1,0.0,0.0,0.0,0.0,0.0,0.0,0.0,0.0,0.0,0.0,0.0,0.0,0.0,1.0,1.0,100.0,0.24,0.24,0.0,0.0,93.0,95.4,93.0,3,0,0.0,0,1.75,9.0,5.0,4.0,0.97,-9.03,0.0,5.0,1.0,0.0,1.0,1.0,3.0,0.0,0.0,0.0,0.0,0.0,0.0,0.0,0.0,0.0,0.0,0.0,0.0,0.0,0.0,0.0,0.0,0.0,0.0,0.0,0.0,0.0,0.24193548387096775,0.24193548387096775,0.24193548387096775,0.7258064516129032,1.2096774193548387,0.24193548387096775,0.0,DF
Joshua Kimmich,Germany,Germany,DF,31,1995,Bayern Munich,4,4,351.0,3.9,0.0,2.0,2.0,0.0,0.0,0.0,0.0,0.0,0.0,0.51,0.51,0.0,0.51,5.0,1.0,20.0,1.28,0.26,0.0,0.0,88.0,90.0,88.0,2,0,0.0,0,1.75,10.0,4.0,6.0,1.54,1.54,0.0,0.0,7.0,0.0,31.0,4.0,4.0,0.0,0.0,0.0,0.0,0.0,0.0,0.0,0.0,0.0,0.0,0.0,0.0,0.0,0.0,0.0,0.0,0.0,0.0,0.0,0.0,0.5128205128205129,1.2820512820512822,0.25641025641025644,1.0256410256410258,1.0256410256410258,0.0,7.948717948717948,0.5128205128205129,DF
Kai Havertz,Germany,Germany,FW,27,1999,Arsenal,4,4,353.0,3.9,3.0,0.0,3.0,2.0,1.0,1.0,1.0,0.0,0.76,0.0,0.76,0.51,0.51,12.0,7.0,58.3,3.06,1.78,0.17,0.29,88.0,90.5,88.0,2,0,0.0,0,1.75,10.0,4.0,6.0,1.53,1.53,0.0,3.0,4.0,1.0,1.0,1.0,2.0,0.0,0.0,0.0,0.0,0.0,0.0,0.0,0.0,0.0,0.0,0.0,0.0,0.0,0.0,0.0,0.0,0.0,0.0,0.0,0.764872521246459,0.0,3.059490084985836,1.7847025495750708,0.254957507082153,0.509915014164306,0.764872521246459,0.254957507082153,0.764872521246459,FW
Leon Goretzka,Germany,Germany,MF,31,1995,Bayern Munich,3,0,99.0,1.1,0.0,0.0,0.0,0.0,0.0,0.0,0.0,0.0,0.0,0.0,0.0,0.0,0.0,2.0,0.0,0.0,1.82,0.0,0.0,0.0,33.0,25.4,0.0,0,3,33.0,1,2.33,4.0,0.0,4.0,3.64,3.02,0.0,0.0,0.0,0.0,1.0,1.0,1.0,0.0,0.0,0.0,0.0,0.0,0.0,0.0,0.0,0.0,0.0,0.0,0.0,0.0,0.0,0.0,0.0,0.0,0.0,0.0,0.0,0.0,1.8181818181818183,0.0,0.9090909090909092,0.9090909090909092,0.0,0.9090909090909092,0.0,MF
Leroy Sané,Germany,Germany,MF,30,1996,Galatasaray,4,4,326.0,3.6,1.0,0.0,1.0,1.0,0.0,0.0,0.0,0.0,0.28,0.0,0.28,0.28,0.28,6.0,2.0,33.3,1.66,0.55,0.17,0.5,82.0,83.6,82.0,2,0,0.0,0,1.75,9.0,5.0,4.0,1.1,-1.71,0.0,3.0,2.0,1.0,10.0,2.0,3.0,0.0,0.0,0.0,0.0,0.0,0.0,0.0,0.0,0.0,0.0,0.0,0.0,0.0,0.0,0.0,0.0,0.0,0.0,0.0,0.27607361963190186,0.0,1.6564417177914113,0.5521472392638037,0.5521472392638037,0.8282208588957056,0.8282208588957056,2.7607361963190185,0.27607361963190186,MF
Malick Thiaw,Germany,Germany,"DF,MF",24,2001,Newcastle,2,0,42.0,0.5,0.0,0.0,0.0,0.0,0.0,0.0,0.0,0.0,0.0,0.0,0.0,0.0,0.0,0.0,0.0,0.0,0.0,0.0,0.0,0.0,21.0,10.8,0.0,0,2,21.0,2,0.5,0.0,1.0,-1.0,-2.14,-3.95,0.0,1.0,1.0,0.0,0.0,0.0,2.0,0.0,0.0,0.0,0.0,0.0,0.0,0.0,0.0,0.0,0.0,0.0,0.0,0.0,0.0,0.0,0.0,0.0,0.0,0.0,0.0,0.0,0.0,0.0,0.0,4.285714285714286,2.142857142857143,0.0,0.0,DF
Manuel Neuer,Germany,Germany,GK,40,1986,Bayern Munich,4,4,390.0,4.3,0.0,0.0,0.0,0.0,0.0,0.0,0.0,0.0,0.0,0.0,0.0,0.0,0.0,0.0,0.0,0.0,0.0,0.0,0.0,0.0,98.0,100.0,98.0,4,0,0.0,0,1.75,11.0,5.0,6.0,1.38,0.0,0.0,0.0,2.0,0.0,0.0,0.0,0.0,0.0,4.0,4.0,390.0,5.0,1.15,10.0,5.0,50.0,2.0,1.0,1.0,0.0,0.0,0.0,0.0,0.0,0.0,0.0,0.0,0.0,0.0,0.0,0.0,0.0,0.0,0.0,0.0,GK
Maximilian Beier,Germany,Germany,"FW,MF",23,2002,Dortmund,1,0,27.0,0.3,0.0,0.0,0.0,0.0,0.0,0.0,0.0,0.0,0.0,0.0,0.0,0.0,0.0,0.0,0.0,0.0,0.0,0.0,0.0,0.0,27.0,6.9,0.0,0,1,27.0,3,0.0,0.0,1.0,-1.0,-3.33,-5.07,0.0,1.0,1.0,0.0,0.0,0.0,0.0,0.0,0.0,0.0,0.0,0.0,0.0,0.0,0.0,0.0,0.0,0.0,0.0,0.0,0.0,0.0,0.0,0.0,0.0,0.0,0.0,0.0,0.0,0.0,0.0,0.0,3.333333333333333,0.0,0.0,MF
Nadiem Amiri,Germany,Germany,MF,29,1996,Mainz 05,2,0,42.0,0.5,0.0,1.0,1.0,0.0,0.0,0.0,0.0,0.0,0.0,2.14,2.14,0.0,2.14,2.0,1.0,50.0,4.29,2.14,0.0,0.0,21.0,10.8,0.0,0,2,21.0,2,2.0,2.0,0.0,2.0,4.29,3.25,0.0,0.0,0.0,0.0,2.0,0.0,1.0,0.0,0.0,0.0,0.0,0.0,0.0,0.0,0.0,0.0,0.0,0.0,0.0,0.0,0.0,0.0,0.0,0.0,0.0,0.0,0.0,2.142857142857143,4.285714285714286,2.142857142857143,0.0,2.142857142857143,0.0,4.285714285714286,2.142857142857143,MF
Nathaniel Brown,Germany,Germany,DF,22,2003,Frankfurt,3,3,282.0,3.1,1.0,1.0,2.0,1.0,0.0,0.0,0.0,0.0,0.32,0.32,0.64,0.32,0.64,3.0,2.0,66.7,0.96,0.64,0.33,0.5,94.0,72.3,94.0,2,0,0.0,0,2.33,8.0,3.0,5.0,1.6,0.76,0.0,4.0,1.0,0.0,17.0,2.0,6.0,0.0,0.0,0.0,0.0,0.0,0.0,0.0,0.0,0.0,0.0,0.0,0.0,0.0,0.0,0.0,0.0,0.0,0.0,0.0,0.3191489361702128,0.3191489361702128,0.9574468085106382,0.6382978723404256,0.6382978723404256,1.9148936170212765,1.2765957446808511,5.425531914893616,0.6382978723404256,DF
Nick Woltemade,Germany,Germany,"FW,MF",24,2002,Newcastle,1,0,33.0,0.4,0.0,0.0,0.0,0.0,0.0,0.0,0.0,0.0,0.0,0.0,0.0,0.0,0.0,2.0,0.0,0.0,5.45,0.0,0.0,0.0,33.0,8.5,0.0,0,1,33.0,3,1.0,0.0,0.0,0.0,0.0,-1.51,0.0,0.0,0.0,0.0,0.0,0.0,1.0,0.0,0.0,0.0,0.0,0.0,0.0,0.0,0.0,0.0,0.0,0.0,0.0,0.0,0.0,0.0,0.0,0.0,0.0,0.0,0.0,0.0,5.454545454545455,0.0,0.0,2.7272727272727275,0.0,0.0,0.0,MF
Nico Schlotterbeck,Germany,Germany,DF,26,1999,Dortmund,2,2,135.0,1.5,1.0,0.0,1.0,1.0,0.0,0.0,0.0,0.0,0.67,0.0,0.67,0.67,0.67,2.0,2.0,100.0,1.33,1.33,0.5,0.5,68.0,34.6,68.0,1,0,0.0,0,3.0,7.0,2.0,5.0,3.33,2.98,0.0,2.0,1.0,0.0,0.0,3.0,2.0,0.0,0.0,0.0,0.0,0.0,0.0,0.0,0.0,0.0,0.0,0.0,0.0,0.0,0.0,0.0,0.0,0.0,0.0,0.0,0.6666666666666667,0.0,1.3333333333333335,1.3333333333333335,2.0,1.3333333333333335,1.3333333333333335,0.0,0.6666666666666667,DF
Oliver Baumann,Germany,Germany,GK,36,1990,Unknown Club,0,0,0.0,0.0,0.0,0.0,0.0,0.0,0.0,0.0,0.0,0.0,0.0,0.0,0.0,0.0,0.0,0.0,0.0,0.0,0.0,0.0,0.0,0.0,0.0,0.0,0.0,0,0,0.0,4,0.0,0.0,0.0,0.0,0.0,0.0,0.0,0.0,0.0,0.0,0.0,0.0,0.0,0.0,0.0,0.0,0.0,0.0,0.0,0.0,0.0,0.0,0.0,0.0,0.0,0.0,0.0,0.0,0.0,0.0,0.0,0.0,0.0,0.0,0.0,0.0,0.0,0.0,0.0,0.0,0.0,GK
Pascal Groß,Germany,Germany,"DF,MF",34,1991,Brighton,1,0,18.0,0.2,0.0,0.0,0.0,0.0,0.0,0.0,0.0,0.0,0.0,0.0,0.0,0.0,0.0,1.0,0.0,0.0,5.0,0.0,0.0,0.0,18.0,4.6,0.0,0,1,18.0,3,0.0,0.0,1.0,-1.0,-5.0,-6.69,0.0,1.0,0.0,0.0,1.0,0.0,2.0,0.0,0.0,0.0,0.0,0.0,0.0,0.0,0.0,0.0,0.0,0.0,0.0,0.0,0.0,0.0,0.0,0.0,0.0,0.0,0.0,0.0,5.0,0.0,0.0,10.0,5.0,5.0,0.0,DF
Waldemar Anton,Germany,Germany,"DF,MF",29,1996,Dortmund,2,0,50.0,0.6,0.0,0.0,0.0,0.0,0.0,0.0,0.0,0.0,0.0,0.0,0.0,0.0,0.0,1.0,1.0,100.0,1.8,1.8,0.0,0.0,25.0,12.8,0.0,0,2,25.0,2,2.0,1.0,0.0,1.0,1.8,0.48,0.0,3.0,1.0,1.0,1.0,2.0,1.0,0.0,0.0,0.0,0.0,0.0,0.0,0.0,0.0,0.0,0.0,0.0,0.0,0.0,0.0,0.0,0.0,0.0,0.0,0.0,0.0,0.0,1.8,1.8,3.6,1.8,5.3999999999999995,1.8,0.0,DF
Abdul Fatawu Issahaku,Ghana,Ghana,"FW,MF",22,2004,Leicester City,4,0,132.0,1.5,0.0,0.0,0.0,0.0,0.0,0.0,1.0,0.0,0.0,0.0,0.0,0.0,0.0,3.0,0.0,0.0,2.05,0.0,0.0,0.0,33.0,36.7,0.0,0,4,33.0,0,1.0,2.0,1.0,1.0,0.68,1.47,0.0,1.0,7.0,0.0,7.0,0.0,0.0,0.0,0.0,0.0,0.0,0.0,0.0,0.0,0.0,0.0,0.0,0.0,0.0,0.0,0.0,0.0,0.0,0.0,0.0,0.0,0.0,0.0,2.0454545454545454,0.0,0.0,0.0,0.6818181818181819,4.7727272727272725,0.0,MF
Abdul Mumin,Ghana,Ghana,DF,28,1998,Unknown Club,0,0,0.0,0.0,0.0,0.0,0.0,0.0,0.0,0.0,0.0,0.0,0.0,0.0,0.0,0.0,0.0,0.0,0.0,0.0,0.0,0.0,0.0,0.0,0.0,0.0,0.0,0,0,0.0,4,0.0,0.0,0.0,0.0,0.0,0.0,0.0,0.0,0.0,0.0,0.0,0.0,0.0,0.0,0.0,0.0,0.0,0.0,0.0,0.0,0.0,0.0,0.0,0.0,0.0,0.0,0.0,0.0,0.0,0.0,0.0,0.0,0.0,0.0,0.0,0.0,0.0,0.0,0.0,0.0,0.0,DF
Abdul Rahman Baba,Ghana,Ghana,"DF,MF",31,1994,PAOK,1,0,1.0,0.0,0.0,0.0,0.0,0.0,0.0,0.0,0.0,0.0,0.0,0.0,0.0,0.0,0.0,0.0,0.0,0.0,0.0,0.0,0.0,0.0,1.0,0.3,0.0,0,1,1.0,3,1.0,0.0,0.0,0.0,0.0,0.25,0.0,0.0,0.0,0.0,0.0,0.0,0.0,0.0,0.0,0.0,0.0,0.0,0.0,0.0,0.0,0.0,0.0,0.0,0.0,0.0,0.0,0.0,0.0,0.0,0.0,0.0,0.0,0.0,0.0,0.0,0.0,0.0,0.0,0.0,0.0,DF
Alidu Seidu,Ghana,Ghana,DF,26,2000,Rennes,1,0,78.0,0.9,0.0,0.0,0.0,0.0,0.0,0.0,1.0,0.0,0.0,0.0,0.0,0.0,0.0,0.0,0.0,0.0,0.0,0.0,0.0,0.0,78.0,21.7,0.0,0,1,78.0,3,0.0,0.0,1.0,-1.0,-1.15,-1.15,0.0,1.0,0.0,0.0,1.0,1.0,1.0,0.0,0.0,0.0,0.0,0.0,0.0,0.0,0.0,0.0,0.0,0.0,0.0,0.0,0.0,0.0,0.0,0.0,0.0,0.0,0.0,0.0,0.0,0.0,1.1538461538461537,1.1538461538461537,1.1538461538461537,1.1538461538461537,0.0,DF
Antoine Semenyo,Ghana,Ghana,"MF,FW",26,2000,Manchester City,4,4,360.0,4.0,0.0,0.0,0.0,0.0,0.0,0.0,0.0,0.0,0.0,0.0,0.0,0.0,0.0,6.0,0.0,0.0,1.5,0.0,0.0,0.0,90.0,100.0,90.0,4,0,0.0,0,1.0,2.0,3.0,-1.0,-0.25,0.0,0.0,6.0,4.0,4.0,5.0,0.0,2.0,0.0,0.0,0.0,0.0,0.0,0.0,0.0,0.0,0.0,0.0,0.0,0.0,0.0,0.0,0.0,0.0,0.0,0.0,0.0,0.0,0.0,1.5,0.0,0.0,0.5,1.5,1.25,0.0,MF
Augustine Boakye,Ghana,Ghana,"FW,MF",25,2000,Unknown Club,0,0,0.0,0.0,0.0,0.0,0.0,0.0,0.0,0.0,0.0,0.0,0.0,0.0,0.0,0.0,0.0,0.0,0.0,0.0,0.0,0.0,0.0,0.0,0.0,0.0,0.0,0,0,0.0,4,0.0,0.0,0.0,0.0,0.0,0.0,0.0,0.0,0.0,0.0,0.0,0.0,0.0,0.0,0.0,0.0,0.0,0.0,0.0,0.0,0.0,0.0,0.0,0.0,0.0,0.0,0.0,0.0,0.0,0.0,0.0,0.0,0.0,0.0,0.0,0.0,0.0,0.0,0.0,0.0,0.0,MF
Benjamin Asare,Ghana,Ghana,GK,33,1992,Unknown Club,3,2,225.0,2.5,0.0,0.0,0.0,0.0,0.0,0.0,0.0,0.0,0.0,0.0,0.0,0.0,0.0,0.0,0.0,0.0,0.0,0.0,0.0,0.0,75.0,62.5,90.0,2,1,45.0,1,1.33,2.0,2.0,0.0,0.0,0.67,0.0,0.0,1.0,0.0,0.0,0.0,0.0,0.0,3.0,2.0,225.0,2.0,0.8,10.0,8.0,80.0,0.0,1.0,1.0,2.0,100.0,0.0,0.0,0.0,0.0,0.0,0.0,0.0,0.0,0.0,0.0,0.0,0.0,0.0,0.0,GK
Brandon Thomas-Asante,Ghana,Ghana,"FW,MF",27,1998,Coventry City,2,0,53.0,0.6,0.0,0.0,0.0,0.0,0.0,0.0,0.0,0.0,0.0,0.0,0.0,0.0,0.0,1.0,0.0,0.0,1.7,0.0,0.0,0.0,27.0,14.7,0.0,0,2,27.0,2,1.5,2.0,1.0,1.0,1.7,2.28,0.0,0.0,1.0,1.0,1.0,0.0,0.0,0.0,0.0,0.0,0.0,0.0,0.0,0.0,0.0,0.0,0.0,0.0,0.0,0.0,0.0,0.0,0.0,0.0,0.0,0.0,0.0,0.0,1.6981132075471697,0.0,0.0,0.0,0.0,1.6981132075471697,0.0,MF
Caleb Yirenkyi,Ghana,Ghana,MF,20,2006,Nordsjælland,4,3,264.0,2.9,1.0,0.0,1.0,1.0,0.0,0.0,2.0,0.0,0.34,0.0,0.34,0.34,0.34,2.0,1.0,50.0,0.68,0.34,0.5,1.0,66.0,73.3,86.0,2,1,6.0,0,1.0,1.0,1.0,0.0,0.0,0.94,0.0,7.0,3.0,0.0,1.0,3.0,1.0,0.0,0.0,0.0,0.0,0.0,0.0,0.0,0.0,0.0,0.0,0.0,0.0,0.0,0.0,0.0,0.0,0.0,0.0,0.0,0.34090909090909094,0.0,0.6818181818181819,0.34090909090909094,1.0227272727272727,0.34090909090909094,2.3863636363636362,0.34090909090909094,0.34090909090909094,MF
Christopher Bonsu-Baah,Ghana,Ghana,MF,21,2004,Unknown Club,0,0,0.0,0.0,0.0,0.0,0.0,0.0,0.0,0.0,0.0,0.0,0.0,0.0,0.0,0.0,0.0,0.0,0.0,0.0,0.0,0.0,0.0,0.0,0.0,0.0,0.0,0,0,0.0,4,0.0,0.0,0.0,0.0,0.0,0.0,0.0,0.0,0.0,0.0,0.0,0.0,0.0,0.0,0.0,0.0,0.0,0.0,0.0,0.0,0.0,0.0,0.0,0.0,0.0,0.0,0.0,0.0,0.0,0.0,0.0,0.0,0.0,0.0,0.0,0.0,0.0,0.0,0.0,0.0,0.0,MF
Derrick Luckassen,Ghana,Ghana,DF,30,1995,Unknown Club,2,2,180.0,2.0,1.0,0.0,1.0,1.0,0.0,0.0,0.0,0.0,0.5,0.0,0.5,0.5,0.5,1.0,1.0,100.0,0.5,0.5,1.0,1.0,90.0,50.0,90.0,2,0,0.0,2,0.0,1.0,3.0,-2.0,-1.0,-1.5,0.0,1.0,2.0,0.0,0.0,0.0,1.0,0.0,0.0,0.0,0.0,0.0,0.0,0.0,0.0,0.0,0.0,0.0,0.0,0.0,0.0,0.0,0.0,0.0,0.0,0.0,0.5,0.0,0.5,0.5,0.0,0.5,0.5,0.0,0.5,DF
Elisha Owusu,Ghana,Ghana,MF,28,1997,Auxerre,3,2,151.0,1.7,0.0,0.0,0.0,0.0,0.0,0.0,0.0,0.0,0.0,0.0,0.0,0.0,0.0,0.0,0.0,0.0,0.0,0.0,0.0,0.0,50.0,41.9,61.0,0,1,29.0,1,1.0,0.0,1.0,-1.0,-0.6,-0.6,0.0,2.0,0.0,0.0,3.0,0.0,3.0,0.0,0.0,0.0,0.0,0.0,0.0,0.0,0.0,0.0,0.0,0.0,0.0,0.0,0.0,0.0,0.0,0.0,0.0,0.0,0.0,0.0,0.0,0.0,0.0,1.7880794701986755,1.1920529801324504,1.7880794701986755,0.0,MF
Ernest Nuamah,Ghana,Ghana,MF,22,2003,Lyon,3,1,89.0,1.0,0.0,1.0,1.0,0.0,0.0,0.0,0.0,0.0,0.0,1.01,1.01,0.0,1.01,0.0,0.0,0.0,0.0,0.0,0.0,0.0,30.0,24.7,57.0,0,2,16.0,1,1.0,1.0,1.0,0.0,0.0,0.33,0.0,2.0,2.0,0.0,1.0,0.0,1.0,0.0,0.0,0.0,0.0,0.0,0.0,0.0,0.0,0.0,0.0,0.0,0.0,0.0,0.0,0.0,0.0,0.0,0.0,0.0,0.0,1.0112359550561798,0.0,0.0,0.0,1.0112359550561798,2.0224719101123596,1.0112359550561798,1.0112359550561798,MF
Gideon Mensah,Ghana,Ghana,DF,27,1998,Auxerre,4,4,360.0,4.0,0.0,0.0,0.0,0.0,0.0,0.0,0.0,0.0,0.0,0.0,0.0,0.0,0.0,0.0,0.0,0.0,0.0,0.0,0.0,0.0,90.0,100.0,90.0,4,0,0.0,0,1.0,2.0,3.0,-1.0,-0.25,0.0,0.0,2.0,3.0,0.0,3.0,8.0,5.0,0.0,0.0,0.0,0.0,0.0,0.0,0.0,0.0,0.0,0.0,0.0,0.0,0.0,0.0,0.0,0.0,0.0,0.0,0.0,0.0,0.0,0.0,0.0,2.0,1.25,0.5,0.75,0.0,DF
Iñaki Williams,Ghana,Ghana,"MF,FW",31,1994,Athletic Club,2,2,126.0,1.4,0.0,0.0,0.0,0.0,0.0,0.0,1.0,0.0,0.0,0.0,0.0,0.0,0.0,3.0,0.0,0.0,2.14,0.0,0.0,0.0,63.0,35.0,63.0,0,0,0.0,2,0.5,0.0,1.0,-1.0,-0.71,-0.71,0.0,2.0,1.0,1.0,4.0,1.0,0.0,0.0,0.0,0.0,0.0,0.0,0.0,0.0,0.0,0.0,0.0,0.0,0.0,0.0,0.0,0.0,0.0,0.0,0.0,0.0,0.0,0.0,2.142857142857143,0.0,0.7142857142857142,0.0,1.4285714285714284,2.8571428571428568,0.0,MF
Jerome Opoku,Ghana,Ghana,DF,27,1998,Başakşehir,3,3,270.0,3.0,0.0,0.0,0.0,0.0,0.0,0.0,0.0,0.0,0.0,0.0,0.0,0.0,0.0,0.0,0.0,0.0,0.0,0.0,0.0,0.0,90.0,75.0,90.0,3,0,0.0,1,1.33,1.0,1.0,0.0,0.0,1.0,0.0,2.0,4.0,0.0,0.0,1.0,2.0,0.0,0.0,0.0,0.0,0.0,0.0,0.0,0.0,0.0,0.0,0.0,0.0,0.0,0.0,0.0,0.0,0.0,0.0,0.0,0.0,0.0,0.0,0.0,0.33333333333333337,0.6666666666666667,0.6666666666666667,0.0,0.0,DF
Jonas Adjetey,Ghana,Ghana,DF,22,2003,Wolfsburg,3,3,225.0,2.5,0.0,0.0,0.0,0.0,0.0,0.0,0.0,0.0,0.0,0.0,0.0,0.0,0.0,2.0,1.0,50.0,0.8,0.4,0.0,0.0,75.0,62.5,75.0,2,0,0.0,1,1.33,1.0,1.0,0.0,0.0,0.67,0.0,1.0,0.0,0.0,0.0,1.0,3.0,0.0,0.0,0.0,0.0,0.0,0.0,0.0,0.0,0.0,0.0,0.0,0.0,0.0,0.0,0.0,0.0,0.0,0.0,0.0,0.0,0.0,0.8,0.4,0.4,1.2000000000000002,0.4,0.0,0.0,DF
Jordan Ayew,Ghana,Ghana,FW,34,1991,Leicester City,4,4,300.0,3.3,0.0,0.0,0.0,0.0,0.0,0.0,0.0,0.0,0.0,0.0,0.0,0.0,0.0,0.0,0.0,0.0,0.0,0.0,0.0,0.0,75.0,83.3,75.0,0,0,0.0,0,1.0,0.0,2.0,-2.0,-0.6,-2.1,0.0,7.0,7.0,1.0,10.0,1.0,3.0,0.0,0.0,0.0,0.0,0.0,0.0,0.0,0.0,0.0,0.0,0.0,0.0,0.0,0.0,0.0,0.0,0.0,0.0,0.0,0.0,0.0,0.0,0.0,0.30000000000000004,0.9,2.1,3.0,0.0,FW
Joseph Anang,Ghana,Ghana,GK,26,2000,Unknown Club,0,0,0.0,0.0,0.0,0.0,0.0,0.0,0.0,0.0,0.0,0.0,0.0,0.0,0.0,0.0,0.0,0.0,0.0,0.0,0.0,0.0,0.0,0.0,0.0,0.0,0.0,0,0,0.0,4,0.0,0.0,0.0,0.0,0.0,0.0,0.0,0.0,0.0,0.0,0.0,0.0,0.0,0.0,0.0,0.0,0.0,0.0,0.0,0.0,0.0,0.0,0.0,0.0,0.0,0.0,0.0,0.0,0.0,0.0,0.0,0.0,0.0,0.0,0.0,0.0,0.0,0.0,0.0,0.0,0.0,GK
Kamaldeen Sulemana,Ghana,Ghana,"MF,FW",24,2002,Atlanta Utd,2,2,127.0,1.4,0.0,0.0,0.0,0.0,0.0,0.0,0.0,0.0,0.0,0.0,0.0,0.0,0.0,1.0,0.0,0.0,0.71,0.0,0.0,0.0,64.0,35.3,64.0,0,0,0.0,2,1.5,0.0,1.0,-1.0,-0.71,-0.71,0.0,2.0,1.0,1.0,4.0,1.0,2.0,0.0,0.0,0.0,0.0,0.0,0.0,0.0,0.0,0.0,0.0,0.0,0.0,0.0,0.0,0.0,0.0,0.0,0.0,0.0,0.0,0.0,0.7086614173228346,0.0,0.7086614173228346,1.4173228346456692,1.4173228346456692,2.8346456692913384,0.0,MF
Kojo Peprah Oppong,Ghana,Ghana,DF,22,2004,Nice,2,0,49.0,0.5,0.0,0.0,0.0,0.0,0.0,0.0,1.0,0.0,0.0,0.0,0.0,0.0,0.0,0.0,0.0,0.0,0.0,0.0,0.0,0.0,25.0,13.6,0.0,0,2,25.0,2,0.5,1.0,1.0,0.0,0.0,0.29,0.0,1.0,0.0,0.0,0.0,0.0,0.0,0.0,0.0,0.0,0.0,0.0,0.0,0.0,0.0,0.0,0.0,0.0,0.0,0.0,0.0,0.0,0.0,0.0,0.0,0.0,0.0,0.0,0.0,0.0,0.0,0.0,1.8367346938775508,0.0,0.0,DF
Kwasi Sibo,Ghana,Ghana,MF,27,1998,Oviedo,4,3,248.0,2.8,0.0,0.0,0.0,0.0,0.0,0.0,0.0,0.0,0.0,0.0,0.0,0.0,0.0,0.0,0.0,0.0,0.0,0.0,0.0,0.0,62.0,68.9,78.0,1,1,13.0,0,1.0,2.0,3.0,-1.0,-0.36,-0.36,0.0,7.0,1.0,0.0,0.0,2.0,0.0,0.0,0.0,0.0,0.0,0.0,0.0,0.0,0.0,0.0,0.0,0.0,0.0,0.0,0.0,0.0,0.0,0.0,0.0,0.0,0.0,0.0,0.0,0.0,0.7258064516129032,0.0,2.540322580645161,0.0,0.0,MF
Lawrence Ati-Zigi,Ghana,Ghana,GK,29,1996,St. Gallen,2,2,135.0,1.5,0.0,0.0,0.0,0.0,0.0,0.0,0.0,0.0,0.0,0.0,0.0,0.0,0.0,0.0,0.0,0.0,0.0,0.0,0.0,0.0,68.0,37.5,68.0,1,0,0.0,2,1.5,0.0,1.0,-1.0,-0.67,-0.67,0.0,0.0,1.0,0.0,0.0,0.0,0.0,0.0,2.0,2.0,135.0,1.0,0.67,9.0,8.0,88.9,1.0,0.0,1.0,1.0,50.0,0.0,0.0,0.0,0.0,0.0,0.0,0.0,0.0,0.0,0.0,0.0,0.0,0.0,0.0,GK
Marvin Senaya,Ghana,Ghana,DF,25,2001,Auxerre,4,4,278.0,3.1,0.0,0.0,0.0,0.0,0.0,0.0,0.0,0.0,0.0,0.0,0.0,0.0,0.0,2.0,0.0,0.0,0.65,0.0,0.0,0.0,70.0,77.2,70.0,2,0,0.0,0,1.0,2.0,2.0,0.0,0.0,1.1,0.0,6.0,4.0,0.0,8.0,6.0,12.0,0.0,0.0,0.0,0.0,0.0,0.0,0.0,0.0,0.0,0.0,0.0,0.0,0.0,0.0,0.0,0.0,0.0,0.0,0.0,0.0,0.0,0.6474820143884893,0.0,1.9424460431654678,3.8848920863309355,1.9424460431654678,2.589928057553957,0.0,DF
Prince Kwabena Adu,Ghana,Ghana,FW,22,2003,Viktoria Plzeň,3,0,39.0,0.4,0.0,0.0,0.0,0.0,0.0,0.0,0.0,0.0,0.0,0.0,0.0,0.0,0.0,1.0,1.0,100.0,2.31,2.31,0.0,0.0,13.0,10.8,0.0,0,3,13.0,1,1.33,1.0,0.0,1.0,2.31,2.87,0.0,4.0,0.0,0.0,0.0,0.0,0.0,0.0,0.0,0.0,0.0,0.0,0.0,0.0,0.0,0.0,0.0,0.0,0.0,0.0,0.0,0.0,0.0,0.0,0.0,0.0,0.0,0.0,2.3076923076923075,2.3076923076923075,0.0,0.0,9.23076923076923,0.0,0.0,FW
Thomas Partey,Ghana,Ghana,MF,33,1993,Villarreal,3,3,270.0,3.0,0.0,0.0,0.0,0.0,0.0,0.0,0.0,0.0,0.0,0.0,0.0,0.0,0.0,2.0,0.0,0.0,0.67,0.0,0.0,0.0,90.0,75.0,90.0,3,0,0.0,0,0.33,1.0,3.0,-2.0,-0.67,-1.67,0.0,2.0,5.0,0.0,0.0,6.0,4.0,0.0,0.0,0.0,0.0,0.0,0.0,0.0,0.0,0.0,0.0,0.0,0.0,0.0,0.0,0.0,0.0,0.0,0.0,0.0,0.0,0.0,0.6666666666666667,0.0,2.0,1.3333333333333335,0.6666666666666667,0.0,0.0,MF
Alexandre Pierre,Haiti,Haiti,GK,25,2001,Unknown Club,0,0,0.0,0.0,0.0,0.0,0.0,0.0,0.0,0.0,0.0,0.0,0.0,0.0,0.0,0.0,0.0,0.0,0.0,0.0,0.0,0.0,0.0,0.0,0.0,0.0,0.0,0,0,0.0,3,0.0,0.0,0.0,0.0,0.0,0.0,0.0,0.0,0.0,0.0,0.0,0.0,0.0,0.0,0.0,0.0,0.0,0.0,0.0,0.0,0.0,0.0,0.0,0.0,0.0,0.0,0.0,0.0,0.0,0.0,0.0,0.0,0.0,0.0,0.0,0.0,0.0,0.0,0.0,0.0,0.0,GK
Carl Fred Sainté,Haiti,Haiti,MF,23,2002,Unknown Club,0,0,0.0,0.0,0.0,0.0,0.0,0.0,0.0,0.0,0.0,0.0,0.0,0.0,0.0,0.0,0.0,0.0,0.0,0.0,0.0,0.0,0.0,0.0,0.0,0.0,0.0,0,0,0.0,3,0.0,0.0,0.0,0.0,0.0,0.0,0.0,0.0,0.0,0.0,0.0,0.0,0.0,0.0,0.0,0.0,0.0,0.0,0.0,0.0,0.0,0.0,0.0,0.0,0.0,0.0,0.0,0.0,0.0,0.0,0.0,0.0,0.0,0.0,0.0,0.0,0.0,0.0,0.0,0.0,0.0,MF
Carlens Arcus,Haiti,Haiti,"MF,DF",29,1996,Angers,3,2,146.0,1.6,0.0,0.0,0.0,0.0,0.0,0.0,1.0,0.0,0.0,0.0,0.0,0.0,0.0,0.0,0.0,0.0,0.0,0.0,0.0,0.0,49.0,54.1,68.0,1,1,11.0,0,0.0,0.0,5.0,-5.0,-3.08,-2.36,0.0,5.0,3.0,2.0,2.0,3.0,3.0,0.0,0.0,0.0,0.0,0.0,0.0,0.0,0.0,0.0,0.0,0.0,0.0,0.0,0.0,0.0,0.0,0.0,0.0,0.0,0.0,0.0,0.0,0.0,1.8493150684931505,1.8493150684931505,3.0821917808219177,1.2328767123287672,0.0,DF
Danley Jean-Jacques,Haiti,Haiti,MF,26,2000,Philadelphia,3,3,259.0,2.9,0.0,0.0,0.0,0.0,0.0,0.0,1.0,0.0,0.0,0.0,0.0,0.0,0.0,0.0,0.0,0.0,0.0,0.0,0.0,0.0,86.0,95.9,86.0,2,0,0.0,0,0.0,2.0,7.0,-5.0,-1.74,6.44,0.0,5.0,3.0,0.0,1.0,3.0,6.0,0.0,0.0,0.0,0.0,0.0,0.0,0.0,0.0,0.0,0.0,0.0,0.0,0.0,0.0,0.0,0.0,0.0,0.0,0.0,0.0,0.0,0.0,0.0,1.0424710424710424,2.0849420849420848,1.7374517374517373,0.3474903474903475,0.0,MF
Derrick Etienne,Haiti,Haiti,"FW,MF",29,1996,Toronto FC,1,0,10.0,0.1,0.0,0.0,0.0,0.0,0.0,0.0,0.0,0.0,0.0,0.0,0.0,0.0,0.0,0.0,0.0,0.0,0.0,0.0,0.0,0.0,10.0,3.7,0.0,0,1,10.0,2,0.0,0.0,0.0,0.0,0.0,2.08,0.0,0.0,0.0,0.0,2.0,0.0,0.0,0.0,0.0,0.0,0.0,0.0,0.0,0.0,0.0,0.0,0.0,0.0,0.0,0.0,0.0,0.0,0.0,0.0,0.0,0.0,0.0,0.0,0.0,0.0,0.0,0.0,0.0,18.0,0.0,MF
Dominique Simon,Haiti,Haiti,MF,25,2000,Unknown Club,2,0,56.0,0.6,0.0,0.0,0.0,0.0,0.0,0.0,0.0,0.0,0.0,0.0,0.0,0.0,0.0,1.0,1.0,100.0,1.61,1.61,0.0,0.0,28.0,20.7,0.0,0,2,28.0,1,0.0,0.0,1.0,-1.0,-1.61,0.5,0.0,1.0,1.0,0.0,1.0,1.0,1.0,0.0,0.0,0.0,0.0,0.0,0.0,0.0,0.0,0.0,0.0,0.0,0.0,0.0,0.0,0.0,0.0,0.0,0.0,0.0,0.0,0.0,1.607142857142857,1.607142857142857,1.607142857142857,1.607142857142857,1.607142857142857,1.607142857142857,0.0,MF
Duckens Nazon,Haiti,Haiti,"FW,MF",32,1994,Esteghlal,1,0,24.0,0.3,0.0,0.0,0.0,0.0,0.0,0.0,1.0,0.0,0.0,0.0,0.0,0.0,0.0,1.0,1.0,100.0,3.75,3.75,0.0,0.0,24.0,8.9,0.0,0,1,24.0,2,0.0,0.0,2.0,-2.0,-7.5,-6.04,0.0,0.0,1.0,0.0,0.0,0.0,0.0,0.0,0.0,0.0,0.0,0.0,0.0,0.0,0.0,0.0,0.0,0.0,0.0,0.0,0.0,0.0,0.0,0.0,0.0,0.0,0.0,0.0,3.75,3.75,0.0,0.0,0.0,0.0,0.0,MF
Duke Lacroix,Haiti,Haiti,"DF,FW",32,1993,Unknown Club,0,0,0.0,0.0,0.0,0.0,0.0,0.0,0.0,0.0,0.0,0.0,0.0,0.0,0.0,0.0,0.0,0.0,0.0,0.0,0.0,0.0,0.0,0.0,0.0,0.0,0.0,0,0,0.0,3,0.0,0.0,0.0,0.0,0.0,0.0,0.0,0.0,0.0,0.0,0.0,0.0,0.0,0.0,0.0,0.0,0.0,0.0,0.0,0.0,0.0,0.0,0.0,0.0,0.0,0.0,0.0,0.0,0.0,0.0,0.0,0.0,0.0,0.0,0.0,0.0,0.0,0.0,0.0,0.0,0.0,DF
Frantzdy Pierrot,Haiti,Haiti,FW,31,1995,Rizespor,3,2,143.0,1.6,0.0,0.0,0.0,0.0,0.0,0.0,1.0,0.0,0.0,0.0,0.0,0.0,0.0,3.0,1.0,33.3,1.89,0.63,0.0,0.0,48.0,53.0,68.0,1,1,8.0,0,0.0,0.0,5.0,-5.0,-3.15,-2.44,0.0,5.0,4.0,2.0,0.0,0.0,0.0,0.0,0.0,0.0,0.0,0.0,0.0,0.0,0.0,0.0,0.0,0.0,0.0,0.0,0.0,0.0,0.0,0.0,0.0,0.0,0.0,0.0,1.8881118881118881,0.6293706293706294,0.0,0.0,3.146853146853147,0.0,0.0,FW
Garven Metusala,Haiti,Haiti,DF,26,1999,Unknown Club,0,0,0.0,0.0,0.0,0.0,0.0,0.0,0.0,0.0,0.0,0.0,0.0,0.0,0.0,0.0,0.0,0.0,0.0,0.0,0.0,0.0,0.0,0.0,0.0,0.0,0.0,0,0,0.0,3,0.0,0.0,0.0,0.0,0.0,0.0,0.0,0.0,0.0,0.0,0.0,0.0,0.0,0.0,0.0,0.0,0.0,0.0,0.0,0.0,0.0,0.0,0.0,0.0,0.0,0.0,0.0,0.0,0.0,0.0,0.0,0.0,0.0,0.0,0.0,0.0,0.0,0.0,0.0,0.0,0.0,DF
Hannes Delcroix,Haiti,Haiti,DF,27,1999,Lugano,3,3,270.0,3.0,0.0,0.0,0.0,0.0,0.0,0.0,0.0,0.0,0.0,0.0,0.0,0.0,0.0,0.0,0.0,0.0,0.0,0.0,0.0,0.0,90.0,100.0,90.0,3,0,0.0,0,0.0,2.0,8.0,-6.0,-2.0,0.0,0.0,1.0,2.0,0.0,0.0,4.0,3.0,0.0,0.0,0.0,0.0,0.0,0.0,0.0,0.0,0.0,0.0,0.0,0.0,0.0,0.0,0.0,0.0,0.0,0.0,0.0,0.0,0.0,0.0,0.0,1.3333333333333335,1.0,0.33333333333333337,0.0,0.0,DF
Jean-Kevin Duverne,Haiti,Haiti,DF,28,1997,Gent,2,2,169.0,1.9,0.0,1.0,1.0,0.0,0.0,0.0,0.0,0.0,0.0,0.53,0.53,0.0,0.53,1.0,0.0,0.0,0.53,0.0,0.0,0.0,85.0,62.6,85.0,1,0,0.0,1,0.0,2.0,6.0,-4.0,-2.13,-0.35,0.0,2.0,1.0,1.0,1.0,4.0,2.0,0.0,0.0,0.0,0.0,0.0,0.0,0.0,0.0,0.0,0.0,0.0,0.0,0.0,0.0,0.0,0.0,0.0,0.0,0.0,0.0,0.5325443786982248,0.5325443786982248,0.0,2.130177514792899,1.0650887573964496,1.0650887573964496,0.5325443786982248,0.5325443786982248,DF
Jean-Ricner Bellegarde,Haiti,Haiti,MF,27,1998,Wolves,3,3,260.0,2.9,0.0,0.0,0.0,0.0,0.0,0.0,1.0,0.0,0.0,0.0,0.0,0.0,0.0,6.0,0.0,0.0,2.08,0.0,0.0,0.0,87.0,96.3,87.0,2,0,0.0,0,0.0,2.0,8.0,-6.0,-2.08,-2.08,0.0,4.0,5.0,0.0,10.0,3.0,2.0,0.0,0.0,0.0,0.0,0.0,0.0,0.0,0.0,0.0,0.0,0.0,0.0,0.0,0.0,0.0,0.0,0.0,0.0,0.0,0.0,0.0,2.076923076923077,0.0,1.0384615384615385,0.6923076923076923,1.3846153846153846,3.4615384615384617,0.0,MF
Johny Placide,Haiti,Haiti,GK,38,1988,Bastia,3,3,270.0,3.0,0.0,0.0,0.0,0.0,0.0,0.0,1.0,0.0,0.0,0.0,0.0,0.0,0.0,0.0,0.0,0.0,0.0,0.0,0.0,0.0,90.0,100.0,90.0,3,0,0.0,0,0.0,2.0,8.0,-6.0,-2.0,0.0,0.0,0.0,0.0,0.0,0.0,0.0,0.0,0.0,3.0,3.0,270.0,8.0,2.67,19.0,11.0,57.9,0.0,0.0,3.0,0.0,0.0,0.0,0.0,0.0,0.0,0.0,0.0,0.0,0.0,0.0,0.0,0.0,0.0,0.0,0.0,GK
Josué Casimir,Haiti,Haiti,MF,24,2001,Auxerre,3,2,182.0,2.0,0.0,0.0,0.0,0.0,0.0,0.0,1.0,0.0,0.0,0.0,0.0,0.0,0.0,1.0,0.0,0.0,0.49,0.0,0.0,0.0,61.0,67.4,76.0,1,1,30.0,0,0.0,2.0,7.0,-5.0,-2.47,-1.45,0.0,4.0,4.0,0.0,3.0,0.0,0.0,0.0,0.0,0.0,0.0,0.0,0.0,0.0,0.0,0.0,0.0,0.0,0.0,0.0,0.0,0.0,0.0,0.0,0.0,0.0,0.0,0.0,0.4945054945054945,0.0,0.0,0.0,1.978021978021978,1.4835164835164836,0.0,MF
Josué Duverger,Haiti,Haiti,GK,26,2000,Unknown Club,0,0,0.0,0.0,0.0,0.0,0.0,0.0,0.0,0.0,0.0,0.0,0.0,0.0,0.0,0.0,0.0,0.0,0.0,0.0,0.0,0.0,0.0,0.0,0.0,0.0,0.0,0,0,0.0,3,0.0,0.0,0.0,0.0,0.0,0.0,0.0,0.0,0.0,0.0,0.0,0.0,0.0,0.0,0.0,0.0,0.0,0.0,0.0,0.0,0.0,0.0,0.0,0.0,0.0,0.0,0.0,0.0,0.0,0.0,0.0,0.0,0.0,0.0,0.0,0.0,0.0,0.0,0.0,0.0,0.0,GK
Keeto Thermoncy,Haiti,Haiti,DF,20,2006,Unknown Club,0,0,0.0,0.0,0.0,0.0,0.0,0.0,0.0,0.0,0.0,0.0,0.0,0.0,0.0,0.0,0.0,0.0,0.0,0.0,0.0,0.0,0.0,0.0,0.0,0.0,0.0,0,0,0.0,3,0.0,0.0,0.0,0.0,0.0,0.0,0.0,0.0,0.0,0.0,0.0,0.0,0.0,0.0,0.0,0.0,0.0,0.0,0.0,0.0,0.0,0.0,0.0,0.0,0.0,0.0,0.0,0.0,0.0,0.0,0.0,0.0,0.0,0.0,0.0,0.0,0.0,0.0,0.0,0.0,0.0,DF
Lenny Joseph,Haiti,Haiti,FW,25,2000,Ferencváros,3,1,117.0,1.3,0.0,0.0,0.0,0.0,0.0,0.0,0.0,0.0,0.0,0.0,0.0,0.0,0.0,2.0,0.0,0.0,1.54,0.0,0.0,0.0,39.0,43.3,82.0,0,2,18.0,0,0.0,2.0,3.0,-1.0,-0.77,2.17,0.0,6.0,1.0,0.0,0.0,0.0,0.0,0.0,0.0,0.0,0.0,0.0,0.0,0.0,0.0,0.0,0.0,0.0,0.0,0.0,0.0,0.0,0.0,0.0,0.0,0.0,0.0,0.0,1.5384615384615385,0.0,0.0,0.0,4.615384615384615,0.0,0.0,FW
Louicius Deedson,Haiti,Haiti,MF,25,2001,FC Dallas,3,1,112.0,1.2,0.0,0.0,0.0,0.0,0.0,0.0,0.0,0.0,0.0,0.0,0.0,0.0,0.0,2.0,0.0,0.0,1.61,0.0,0.0,0.0,37.0,41.5,60.0,0,2,26.0,0,0.0,0.0,3.0,-3.0,-2.41,-0.7,0.0,3.0,1.0,1.0,4.0,1.0,0.0,0.0,0.0,0.0,0.0,0.0,0.0,0.0,0.0,0.0,0.0,0.0,0.0,0.0,0.0,0.0,0.0,0.0,0.0,0.0,0.0,0.0,1.607142857142857,0.0,0.8035714285714285,0.0,2.4107142857142856,3.214285714285714,0.0,MF
Martin Expérience,Haiti,Haiti,"DF,MF",27,1999,Nancy,3,3,270.0,3.0,0.0,0.0,0.0,0.0,0.0,0.0,0.0,0.0,0.0,0.0,0.0,0.0,0.0,1.0,0.0,0.0,0.33,0.0,0.0,0.0,90.0,100.0,90.0,3,0,0.0,0,0.0,2.0,8.0,-6.0,-2.0,0.0,0.0,7.0,6.0,0.0,6.0,4.0,6.0,0.0,0.0,0.0,0.0,0.0,0.0,0.0,0.0,0.0,0.0,0.0,0.0,0.0,0.0,0.0,0.0,0.0,0.0,0.0,0.0,0.0,0.33333333333333337,0.0,1.3333333333333335,2.0,2.3333333333333335,2.0,0.0,DF
Ricardo Adé,Haiti,Haiti,DF,36,1990,LDU Quito,3,3,270.0,3.0,0.0,0.0,0.0,0.0,0.0,0.0,0.0,0.0,0.0,0.0,0.0,0.0,0.0,4.0,1.0,25.0,1.33,0.33,0.0,0.0,90.0,100.0,90.0,3,0,0.0,0,0.0,2.0,8.0,-6.0,-2.0,0.0,0.0,6.0,4.0,0.0,1.0,5.0,2.0,0.0,0.0,0.0,0.0,0.0,0.0,0.0,0.0,0.0,0.0,0.0,0.0,0.0,0.0,0.0,0.0,0.0,0.0,0.0,0.0,0.0,1.3333333333333335,0.33333333333333337,1.6666666666666665,0.6666666666666667,2.0,0.33333333333333337,0.0,DF
Ruben Providence,Haiti,Haiti,MF,24,2001,Almere City,3,3,220.0,2.4,0.0,0.0,0.0,0.0,0.0,0.0,0.0,0.0,0.0,0.0,0.0,0.0,0.0,4.0,1.0,25.0,1.64,0.41,0.0,0.0,73.0,81.5,73.0,0,0,0.0,0,0.0,2.0,6.0,-4.0,-1.64,1.96,0.0,3.0,5.0,0.0,6.0,0.0,2.0,0.0,0.0,0.0,0.0,0.0,0.0,0.0,0.0,0.0,0.0,0.0,0.0,0.0,0.0,0.0,0.0,0.0,0.0,0.0,0.0,0.0,1.6363636363636362,0.40909090909090906,0.0,0.8181818181818181,1.2272727272727273,2.4545454545454546,0.0,MF
Wilguens Paugain,Haiti,Haiti,DF,24,2001,Unknown Club,0,0,0.0,0.0,0.0,0.0,0.0,0.0,0.0,0.0,0.0,0.0,0.0,0.0,0.0,0.0,0.0,0.0,0.0,0.0,0.0,0.0,0.0,0.0,0.0,0.0,0.0,0,0,0.0,3,0.0,0.0,0.0,0.0,0.0,0.0,0.0,0.0,0.0,0.0,0.0,0.0,0.0,0.0,0.0,0.0,0.0,0.0,0.0,0.0,0.0,0.0,0.0,0.0,0.0,0.0,0.0,0.0,0.0,0.0,0.0,0.0,0.0,0.0,0.0,0.0,0.0,0.0,0.0,0.0,0.0,DF
Wilson Isidor,Haiti,Haiti,FW,25,2000,Sunderland,3,2,186.0,2.1,1.0,0.0,1.0,1.0,0.0,0.0,0.0,0.0,0.48,0.0,0.48,0.48,0.48,5.0,2.0,40.0,2.42,0.97,0.2,0.5,62.0,68.9,71.0,0,1,45.0,0,0.0,2.0,3.0,-1.0,-0.48,4.87,0.0,3.0,2.0,1.0,0.0,1.0,1.0,0.0,0.0,0.0,0.0,0.0,0.0,0.0,0.0,0.0,0.0,0.0,0.0,0.0,0.0,0.0,0.0,0.0,0.0,0.0,0.4838709677419355,0.0,2.4193548387096775,0.967741935483871,0.4838709677419355,0.4838709677419355,1.4516129032258065,0.0,0.4838709677419355,FW
Woodensky Pierre,Haiti,Haiti,MF,21,2004,Unknown Club,0,0,0.0,0.0,0.0,0.0,0.0,0.0,0.0,0.0,0.0,0.0,0.0,0.0,0.0,0.0,0.0,0.0,0.0,0.0,0.0,0.0,0.0,0.0,0.0,0.0,0.0,0,0,0.0,3,0.0,0.0,0.0,0.0,0.0,0.0,0.0,0.0,0.0,0.0,0.0,0.0,0.0,0.0,0.0,0.0,0.0,0.0,0.0,0.0,0.0,0.0,0.0,0.0,0.0,0.0,0.0,0.0,0.0,0.0,0.0,0.0,0.0,0.0,0.0,0.0,0.0,0.0,0.0,0.0,0.0,MF
Yassin Fortuné,Haiti,Haiti,"FW,MF",27,1999,Unknown Club,1,0,6.0,0.1,0.0,0.0,0.0,0.0,0.0,0.0,0.0,0.0,0.0,0.0,0.0,0.0,0.0,0.0,0.0,0.0,0.0,0.0,0.0,0.0,6.0,2.2,0.0,0,1,6.0,2,0.0,0.0,0.0,0.0,0.0,2.05,0.0,0.0,1.0,0.0,0.0,0.0,0.0,0.0,0.0,0.0,0.0,0.0,0.0,0.0,0.0,0.0,0.0,0.0,0.0,0.0,0.0,0.0,0.0,0.0,0.0,0.0,0.0,0.0,0.0,0.0,0.0,0.0,0.0,0.0,0.0,MF
Ali Alipour,IR Iran,Iran,FW,30,1995,Persepolis,1,0,38.0,0.4,0.0,0.0,0.0,0.0,0.0,0.0,0.0,0.0,0.0,0.0,0.0,0.0,0.0,1.0,0.0,0.0,2.37,0.0,0.0,0.0,38.0,14.1,0.0,0,1,38.0,2,1.0,1.0,1.0,0.0,0.0,0.0,0.0,1.0,1.0,0.0,0.0,1.0,1.0,0.0,0.0,0.0,0.0,0.0,0.0,0.0,0.0,0.0,0.0,0.0,0.0,0.0,0.0,0.0,0.0,0.0,0.0,0.0,0.0,0.0,2.3684210526315788,0.0,2.3684210526315788,2.3684210526315788,2.3684210526315788,0.0,0.0,FW
Ali Nemati,IR Iran,Iran,DF,30,1996,Foolad,3,3,270.0,3.0,0.0,0.0,0.0,0.0,0.0,0.0,1.0,0.0,0.0,0.0,0.0,0.0,0.0,1.0,0.0,0.0,0.33,0.0,0.0,0.0,90.0,100.0,90.0,3,0,0.0,0,1.0,3.0,3.0,0.0,0.0,0.0,0.0,3.0,0.0,1.0,2.0,0.0,2.0,0.0,0.0,0.0,0.0,0.0,0.0,0.0,0.0,0.0,0.0,0.0,0.0,0.0,0.0,0.0,0.0,0.0,0.0,0.0,0.0,0.0,0.33333333333333337,0.0,0.0,0.6666666666666667,1.0,0.6666666666666667,0.0,DF
Alireza Beiranvand,IR Iran,Iran,GK,33,1992,Tractor,3,3,270.0,3.0,0.0,0.0,0.0,0.0,0.0,0.0,0.0,0.0,0.0,0.0,0.0,0.0,0.0,0.0,0.0,0.0,0.0,0.0,0.0,0.0,90.0,100.0,90.0,3,0,0.0,0,1.0,3.0,3.0,0.0,0.0,0.0,0.0,0.0,1.0,0.0,0.0,0.0,0.0,0.0,3.0,3.0,270.0,3.0,1.0,18.0,15.0,83.3,0.0,3.0,0.0,1.0,33.3,0.0,0.0,0.0,0.0,0.0,0.0,0.0,0.0,0.0,0.0,0.0,0.0,0.0,0.0,GK
Alireza Jahanbakhsh,IR Iran,Iran,"FW,MF",32,1993,Dender,2,0,46.0,0.5,0.0,0.0,0.0,0.0,0.0,0.0,0.0,0.0,0.0,0.0,0.0,0.0,0.0,1.0,0.0,0.0,1.96,0.0,0.0,0.0,23.0,17.0,0.0,0,2,23.0,1,1.0,0.0,0.0,0.0,0.0,0.0,0.0,2.0,0.0,0.0,1.0,0.0,1.0,0.0,0.0,0.0,0.0,0.0,0.0,0.0,0.0,0.0,0.0,0.0,0.0,0.0,0.0,0.0,0.0,0.0,0.0,0.0,0.0,0.0,1.9565217391304348,0.0,0.0,1.9565217391304348,3.9130434782608696,1.9565217391304348,0.0,MF
Amirhossein Hosseinzadeh,IR Iran,Iran,FW,25,2000,Tractor,2,0,17.0,0.2,0.0,0.0,0.0,0.0,0.0,0.0,0.0,0.0,0.0,0.0,0.0,0.0,0.0,1.0,0.0,0.0,5.29,0.0,0.0,0.0,9.0,6.3,0.0,0,2,9.0,1,1.0,0.0,0.0,0.0,0.0,0.0,0.0,0.0,0.0,0.0,0.0,0.0,2.0,0.0,0.0,0.0,0.0,0.0,0.0,0.0,0.0,0.0,0.0,0.0,0.0,0.0,0.0,0.0,0.0,0.0,0.0,0.0,0.0,0.0,5.294117647058823,0.0,0.0,10.588235294117647,0.0,0.0,0.0,FW
Amirmohammad Razzaghinia,IR Iran,Iran,MF,20,2006,Unknown Club,0,0,0.0,0.0,0.0,0.0,0.0,0.0,0.0,0.0,0.0,0.0,0.0,0.0,0.0,0.0,0.0,0.0,0.0,0.0,0.0,0.0,0.0,0.0,0.0,0.0,0.0,0,0,0.0,3,0.0,0.0,0.0,0.0,0.0,0.0,0.0,0.0,0.0,0.0,0.0,0.0,0.0,0.0,0.0,0.0,0.0,0.0,0.0,0.0,0.0,0.0,0.0,0.0,0.0,0.0,0.0,0.0,0.0,0.0,0.0,0.0,0.0,0.0,0.0,0.0,0.0,0.0,0.0,0.0,0.0,MF
Aria Yousefi,IR Iran,Iran,MF,24,2002,Sepahan,1,1,45.0,0.5,0.0,0.0,0.0,0.0,0.0,0.0,0.0,0.0,0.0,0.0,0.0,0.0,0.0,1.0,1.0,100.0,2.0,2.0,0.0,0.0,45.0,16.7,45.0,0,0,0.0,2,1.0,1.0,1.0,0.0,0.0,0.0,0.0,0.0,1.0,0.0,0.0,1.0,0.0,0.0,0.0,0.0,0.0,0.0,0.0,0.0,0.0,0.0,0.0,0.0,0.0,0.0,0.0,0.0,0.0,0.0,0.0,0.0,0.0,0.0,2.0,2.0,2.0,0.0,0.0,0.0,0.0,MF
Danial Eiri,IR Iran,Iran,DF,22,2003,Unknown Club,0,0,0.0,0.0,0.0,0.0,0.0,0.0,0.0,0.0,0.0,0.0,0.0,0.0,0.0,0.0,0.0,0.0,0.0,0.0,0.0,0.0,0.0,0.0,0.0,0.0,0.0,0,0,0.0,3,0.0,0.0,0.0,0.0,0.0,0.0,0.0,0.0,0.0,0.0,0.0,0.0,0.0,0.0,0.0,0.0,0.0,0.0,0.0,0.0,0.0,0.0,0.0,0.0,0.0,0.0,0.0,0.0,0.0,0.0,0.0,0.0,0.0,0.0,0.0,0.0,0.0,0.0,0.0,0.0,0.0,DF
Dennis Eckert,IR Iran,Iran,FW,29,1997,Unknown Club,0,0,0.0,0.0,0.0,0.0,0.0,0.0,0.0,0.0,0.0,0.0,0.0,0.0,0.0,0.0,0.0,0.0,0.0,0.0,0.0,0.0,0.0,0.0,0.0,0.0,0.0,0,0,0.0,3,0.0,0.0,0.0,0.0,0.0,0.0,0.0,0.0,0.0,0.0,0.0,0.0,0.0,0.0,0.0,0.0,0.0,0.0,0.0,0.0,0.0,0.0,0.0,0.0,0.0,0.0,0.0,0.0,0.0,0.0,0.0,0.0,0.0,0.0,0.0,0.0,0.0,0.0,0.0,0.0,0.0,FW
Ehsan Hajsafi,IR Iran,Iran,DF,36,1990,Sepahan,2,1,91.0,1.0,0.0,0.0,0.0,0.0,0.0,0.0,1.0,0.0,0.0,0.0,0.0,0.0,0.0,1.0,0.0,0.0,0.99,0.0,0.0,0.0,46.0,33.7,65.0,0,1,26.0,1,1.0,0.0,0.0,0.0,0.0,0.0,0.0,2.0,1.0,0.0,2.0,1.0,0.0,0.0,0.0,0.0,0.0,0.0,0.0,0.0,0.0,0.0,0.0,0.0,0.0,0.0,0.0,0.0,0.0,0.0,0.0,0.0,0.0,0.0,0.989010989010989,0.0,0.989010989010989,0.0,1.978021978021978,1.978021978021978,0.0,DF
Hossein Hosseini,IR Iran,Iran,GK,33,1992,Unknown Club,0,0,0.0,0.0,0.0,0.0,0.0,0.0,0.0,0.0,0.0,0.0,0.0,0.0,0.0,0.0,0.0,0.0,0.0,0.0,0.0,0.0,0.0,0.0,0.0,0.0,0.0,0,0,0.0,3,0.0,0.0,0.0,0.0,0.0,0.0,0.0,0.0,0.0,0.0,0.0,0.0,0.0,0.0,0.0,0.0,0.0,0.0,0.0,0.0,0.0,0.0,0.0,0.0,0.0,0.0,0.0,0.0,0.0,0.0,0.0,0.0,0.0,0.0,0.0,0.0,0.0,0.0,0.0,0.0,0.0,GK
Hossein Kanaanizadegan,IR Iran,Iran,DF,32,1994,Persepolis,2,2,135.0,1.5,0.0,0.0,0.0,0.0,0.0,0.0,1.0,0.0,0.0,0.0,0.0,0.0,0.0,1.0,1.0,100.0,0.67,0.67,0.0,0.0,68.0,50.0,68.0,1,0,0.0,1,1.0,1.0,1.0,0.0,0.0,0.0,0.0,1.0,0.0,0.0,0.0,2.0,0.0,0.0,0.0,0.0,0.0,0.0,0.0,0.0,0.0,0.0,0.0,0.0,0.0,0.0,0.0,0.0,0.0,0.0,0.0,0.0,0.0,0.0,0.6666666666666667,0.6666666666666667,1.3333333333333335,0.0,0.6666666666666667,0.0,0.0,DF
Mehdi Ghayedi,IR Iran,Iran,FW,27,1998,Unknown Club,1,0,45.0,0.5,0.0,0.0,0.0,0.0,0.0,0.0,0.0,0.0,0.0,0.0,0.0,0.0,0.0,1.0,0.0,0.0,2.0,0.0,0.0,0.0,45.0,16.7,0.0,0,1,45.0,2,1.0,1.0,1.0,0.0,0.0,0.0,0.0,2.0,1.0,0.0,3.0,0.0,0.0,0.0,0.0,0.0,0.0,0.0,0.0,0.0,0.0,0.0,0.0,0.0,0.0,0.0,0.0,0.0,0.0,0.0,0.0,0.0,0.0,0.0,2.0,0.0,0.0,0.0,4.0,6.0,0.0,FW
Mehdi Taremi,IR Iran,Iran,FW,33,1992,Olympiacos,3,3,259.0,2.9,0.0,0.0,0.0,0.0,0.0,1.0,0.0,0.0,0.0,0.0,0.0,0.0,0.0,5.0,2.0,40.0,1.74,0.69,0.0,0.0,86.0,95.9,86.0,2,0,0.0,0,1.0,3.0,3.0,0.0,0.0,0.0,0.0,3.0,5.0,2.0,1.0,2.0,2.0,0.0,0.0,0.0,0.0,0.0,0.0,0.0,0.0,0.0,0.0,0.0,0.0,0.0,0.0,0.0,0.0,0.0,0.0,0.0,0.0,0.0,1.7374517374517373,0.694980694980695,0.694980694980695,0.694980694980695,1.0424710424710424,0.3474903474903475,0.0,FW
Mehdi Torabi,IR Iran,Iran,MF,31,1994,Tractor,1,0,25.0,0.3,0.0,0.0,0.0,0.0,0.0,0.0,0.0,0.0,0.0,0.0,0.0,0.0,0.0,0.0,0.0,0.0,0.0,0.0,0.0,0.0,25.0,9.3,0.0,0,1,25.0,2,1.0,0.0,0.0,0.0,0.0,0.0,0.0,0.0,0.0,0.0,2.0,1.0,0.0,0.0,0.0,0.0,0.0,0.0,0.0,0.0,0.0,0.0,0.0,0.0,0.0,0.0,0.0,0.0,0.0,0.0,0.0,0.0,0.0,0.0,0.0,0.0,3.6,0.0,0.0,7.2,0.0,MF
Milad Mohammadi,IR Iran,Iran,DF,32,1993,Persepolis,3,2,205.0,2.3,0.0,0.0,0.0,0.0,0.0,0.0,0.0,0.0,0.0,0.0,0.0,0.0,0.0,1.0,1.0,100.0,0.44,0.44,0.0,0.0,68.0,75.9,90.0,2,1,25.0,0,1.0,3.0,3.0,0.0,0.0,0.0,0.0,1.0,1.0,2.0,3.0,2.0,4.0,0.0,0.0,0.0,0.0,0.0,0.0,0.0,0.0,0.0,0.0,0.0,0.0,0.0,0.0,0.0,0.0,0.0,0.0,0.0,0.0,0.0,0.43902439024390244,0.43902439024390244,0.8780487804878049,1.7560975609756098,0.43902439024390244,1.3170731707317074,0.0,DF
Mohammad Ghorbani,IR Iran,Iran,MF,25,2001,Unknown Club,1,1,90.0,1.0,0.0,0.0,0.0,0.0,0.0,0.0,0.0,0.0,0.0,0.0,0.0,0.0,0.0,2.0,1.0,50.0,2.0,1.0,0.0,0.0,90.0,33.3,90.0,1,0,0.0,2,1.0,1.0,1.0,0.0,0.0,0.0,0.0,2.0,1.0,0.0,0.0,2.0,2.0,0.0,0.0,0.0,0.0,0.0,0.0,0.0,0.0,0.0,0.0,0.0,0.0,0.0,0.0,0.0,0.0,0.0,0.0,0.0,0.0,0.0,2.0,1.0,2.0,2.0,2.0,0.0,0.0,MF
Mohammad Mohebi,IR Iran,Iran,MF,27,1998,Rostov,3,3,244.0,2.7,1.0,0.0,1.0,1.0,0.0,0.0,0.0,0.0,0.37,0.0,0.37,0.37,0.37,2.0,1.0,50.0,0.74,0.37,0.5,1.0,81.0,90.4,81.0,1,0,0.0,0,1.0,3.0,3.0,0.0,0.0,0.0,0.0,1.0,1.0,0.0,1.0,1.0,1.0,0.0,0.0,0.0,0.0,0.0,0.0,0.0,0.0,0.0,0.0,0.0,0.0,0.0,0.0,0.0,0.0,0.0,0.0,0.0,0.36885245901639346,0.0,0.7377049180327869,0.36885245901639346,0.36885245901639346,0.36885245901639346,0.36885245901639346,0.36885245901639346,0.36885245901639346,MF
Payam Niazmand,IR Iran,Iran,GK,31,1995,Unknown Club,0,0,0.0,0.0,0.0,0.0,0.0,0.0,0.0,0.0,0.0,0.0,0.0,0.0,0.0,0.0,0.0,0.0,0.0,0.0,0.0,0.0,0.0,0.0,0.0,0.0,0.0,0,0,0.0,3,0.0,0.0,0.0,0.0,0.0,0.0,0.0,0.0,0.0,0.0,0.0,0.0,0.0,0.0,0.0,0.0,0.0,0.0,0.0,0.0,0.0,0.0,0.0,0.0,0.0,0.0,0.0,0.0,0.0,0.0,0.0,0.0,0.0,0.0,0.0,0.0,0.0,0.0,0.0,0.0,0.0,GK
Ramin Rezaeian,IR Iran,Iran,"DF,MF",36,1990,Foolad,3,3,270.0,3.0,2.0,1.0,3.0,2.0,0.0,0.0,0.0,0.0,0.67,0.33,1.0,0.67,1.0,4.0,2.0,50.0,1.33,0.67,0.5,1.0,90.0,100.0,90.0,3,0,0.0,0,1.0,3.0,3.0,0.0,0.0,0.0,0.0,2.0,3.0,1.0,18.0,2.0,5.0,0.0,0.0,0.0,0.0,0.0,0.0,0.0,0.0,0.0,0.0,0.0,0.0,0.0,0.0,0.0,0.0,0.0,0.0,0.0,0.6666666666666667,0.33333333333333337,1.3333333333333335,0.6666666666666667,0.6666666666666667,1.6666666666666665,0.6666666666666667,6.0,1.0,DF
Rouzbeh Cheshmi,IR Iran,Iran,"DF,MF",32,1993,Unknown Club,0,0,0.0,0.0,0.0,0.0,0.0,0.0,0.0,0.0,0.0,0.0,0.0,0.0,0.0,0.0,0.0,0.0,0.0,0.0,0.0,0.0,0.0,0.0,0.0,0.0,0.0,0,0,0.0,3,0.0,0.0,0.0,0.0,0.0,0.0,0.0,0.0,0.0,0.0,0.0,0.0,0.0,0.0,0.0,0.0,0.0,0.0,0.0,0.0,0.0,0.0,0.0,0.0,0.0,0.0,0.0,0.0,0.0,0.0,0.0,0.0,0.0,0.0,0.0,0.0,0.0,0.0,0.0,0.0,0.0,DF
Saeid Ezatolahi,IR Iran,Iran,MF,29,1996,Unknown Club,3,3,264.0,2.9,0.0,0.0,0.0,0.0,0.0,0.0,2.0,0.0,0.0,0.0,0.0,0.0,0.0,6.0,2.0,33.3,2.05,0.68,0.0,0.0,88.0,97.8,88.0,2,0,0.0,0,1.0,3.0,3.0,0.0,0.0,0.0,0.0,7.0,4.0,0.0,0.0,7.0,5.0,0.0,0.0,0.0,0.0,0.0,0.0,0.0,0.0,0.0,0.0,0.0,0.0,0.0,0.0,0.0,0.0,0.0,0.0,0.0,0.0,0.0,2.0454545454545454,0.6818181818181819,2.3863636363636362,1.7045454545454546,2.3863636363636362,0.0,0.0,MF
Saleh Hardani,IR Iran,Iran,DF,27,1998,Esteghlal,2,1,90.0,1.0,0.0,0.0,0.0,0.0,0.0,0.0,0.0,0.0,0.0,0.0,0.0,0.0,0.0,0.0,0.0,0.0,0.0,0.0,0.0,0.0,45.0,33.3,45.0,0,1,45.0,1,1.0,0.0,0.0,0.0,0.0,0.0,0.0,0.0,2.0,0.0,1.0,2.0,2.0,0.0,0.0,0.0,0.0,0.0,0.0,0.0,0.0,0.0,0.0,0.0,0.0,0.0,0.0,0.0,0.0,0.0,0.0,0.0,0.0,0.0,0.0,0.0,2.0,2.0,0.0,1.0,0.0,DF
Saman Ghoddos,IR Iran,Iran,MF,32,1993,Unknown Club,3,3,208.0,2.3,0.0,0.0,0.0,0.0,0.0,0.0,0.0,0.0,0.0,0.0,0.0,0.0,0.0,4.0,0.0,0.0,1.73,0.0,0.0,0.0,69.0,77.0,69.0,0,0,0.0,0,1.0,3.0,3.0,0.0,0.0,0.0,0.0,3.0,0.0,1.0,1.0,5.0,4.0,0.0,0.0,0.0,0.0,0.0,0.0,0.0,0.0,0.0,0.0,0.0,0.0,0.0,0.0,0.0,0.0,0.0,0.0,0.0,0.0,0.0,1.7307692307692308,0.0,2.1634615384615388,1.7307692307692308,1.2980769230769231,0.4326923076923077,0.0,MF
Shahriar Moghanlou,IR Iran,Iran,FW,31,1994,Unknown Club,3,1,88.0,1.0,0.0,0.0,0.0,0.0,0.0,0.0,0.0,0.0,0.0,0.0,0.0,0.0,0.0,3.0,0.0,0.0,3.07,0.0,0.0,0.0,29.0,32.6,52.0,0,2,18.0,0,1.0,1.0,1.0,0.0,0.0,0.0,0.0,1.0,1.0,1.0,2.0,0.0,2.0,0.0,0.0,0.0,0.0,0.0,0.0,0.0,0.0,0.0,0.0,0.0,0.0,0.0,0.0,0.0,0.0,0.0,0.0,0.0,0.0,0.0,3.068181818181818,0.0,0.0,2.0454545454545454,1.0227272727272727,2.0454545454545454,0.0,FW
Shoja' Khalilzadeh,IR Iran,Iran,DF,37,1989,Tractor,3,3,270.0,3.0,0.0,0.0,0.0,0.0,0.0,0.0,1.0,0.0,0.0,0.0,0.0,0.0,0.0,2.0,0.0,0.0,0.67,0.0,0.0,0.0,90.0,100.0,90.0,3,0,0.0,0,1.0,3.0,3.0,0.0,0.0,0.0,0.0,4.0,0.0,1.0,0.0,3.0,3.0,0.0,0.0,0.0,0.0,0.0,0.0,0.0,0.0,0.0,0.0,0.0,0.0,0.0,0.0,0.0,0.0,0.0,0.0,0.0,0.0,0.0,0.6666666666666667,0.0,1.0,1.0,1.3333333333333335,0.0,0.0,DF
Ahmed Basil,Iraq,Iraq,GK,29,1996,Unknown Club,2,2,135.0,1.5,0.0,0.0,0.0,0.0,0.0,0.0,0.0,0.0,0.0,0.0,0.0,0.0,0.0,0.0,0.0,0.0,0.0,0.0,0.0,0.0,68.0,50.0,68.0,1,0,0.0,1,0.0,0.0,4.0,-4.0,-2.67,2.0,0.0,0.0,1.0,0.0,0.0,0.0,0.0,0.0,2.0,2.0,135.0,4.0,2.67,7.0,3.0,42.9,0.0,0.0,2.0,0.0,0.0,0.0,0.0,0.0,0.0,0.0,0.0,0.0,0.0,0.0,0.0,0.0,0.0,0.0,0.0,GK
Ahmed Maknzi,Iraq,Iraq,DF,24,2001,Unknown Club,1,0,33.0,0.4,0.0,0.0,0.0,0.0,0.0,0.0,0.0,0.0,0.0,0.0,0.0,0.0,0.0,0.0,0.0,0.0,0.0,0.0,0.0,0.0,33.0,12.2,0.0,0,1,33.0,2,0.0,0.0,3.0,-3.0,-8.18,-5.14,0.0,0.0,0.0,0.0,0.0,0.0,2.0,0.0,0.0,0.0,0.0,0.0,0.0,0.0,0.0,0.0,0.0,0.0,0.0,0.0,0.0,0.0,0.0,0.0,0.0,0.0,0.0,0.0,0.0,0.0,0.0,5.454545454545455,0.0,0.0,0.0,DF
Ahmed Qasem,Iraq,Iraq,"MF,FW",22,2003,Nashville SC,3,2,123.0,1.4,0.0,0.0,0.0,0.0,0.0,0.0,0.0,0.0,0.0,0.0,0.0,0.0,0.0,0.0,0.0,0.0,0.0,0.0,0.0,0.0,41.0,45.6,53.0,1,1,18.0,0,0.0,0.0,6.0,-6.0,-4.39,-1.33,0.0,0.0,1.0,0.0,1.0,0.0,0.0,0.0,0.0,0.0,0.0,0.0,0.0,0.0,0.0,0.0,0.0,0.0,0.0,0.0,0.0,0.0,0.0,0.0,0.0,0.0,0.0,0.0,0.0,0.0,0.0,0.0,0.0,0.7317073170731708,0.0,MF
Aimar Sher,Iraq,Iraq,MF,23,2002,Sarpsborg 08,1,0,23.0,0.3,0.0,0.0,0.0,0.0,0.0,0.0,0.0,0.0,0.0,0.0,0.0,0.0,0.0,0.0,0.0,0.0,0.0,0.0,0.0,0.0,23.0,8.5,0.0,0,1,23.0,2,0.0,0.0,0.0,0.0,0.0,4.01,0.0,0.0,0.0,0.0,1.0,0.0,0.0,0.0,0.0,0.0,0.0,0.0,0.0,0.0,0.0,0.0,0.0,0.0,0.0,0.0,0.0,0.0,0.0,0.0,0.0,0.0,0.0,0.0,0.0,0.0,0.0,0.0,0.0,3.9130434782608696,0.0,MF
Akam Hashim,Iraq,Iraq,DF,27,1998,Unknown Club,3,3,270.0,3.0,0.0,0.0,0.0,0.0,0.0,0.0,0.0,0.0,0.0,0.0,0.0,0.0,0.0,1.0,0.0,0.0,0.33,0.0,0.0,0.0,90.0,100.0,90.0,3,0,0.0,0,0.0,1.0,12.0,-11.0,-3.67,0.0,0.0,0.0,3.0,0.0,0.0,2.0,1.0,0.0,0.0,0.0,0.0,0.0,0.0,0.0,0.0,0.0,0.0,0.0,0.0,0.0,0.0,0.0,0.0,0.0,0.0,0.0,0.0,0.0,0.33333333333333337,0.0,0.6666666666666667,0.33333333333333337,0.0,0.0,0.0,DF
Ali Al Hamadi,Iraq,Iraq,FW,24,2002,Ipswich Town,3,2,180.0,2.0,0.0,0.0,0.0,0.0,0.0,0.0,0.0,0.0,0.0,0.0,0.0,0.0,0.0,6.0,0.0,0.0,3.0,0.0,0.0,0.0,60.0,66.7,58.0,0,1,65.0,0,0.0,1.0,6.0,-5.0,-2.5,3.5,0.0,1.0,5.0,0.0,0.0,2.0,2.0,0.0,0.0,0.0,0.0,0.0,0.0,0.0,0.0,0.0,0.0,0.0,0.0,0.0,0.0,0.0,0.0,0.0,0.0,0.0,0.0,0.0,3.0,0.0,1.0,1.0,0.5,0.0,0.0,FW
Ali Jasim,Iraq,Iraq,MF,22,2004,Al-Najma,2,2,129.0,1.4,0.0,0.0,0.0,0.0,0.0,0.0,0.0,0.0,0.0,0.0,0.0,0.0,0.0,4.0,1.0,25.0,2.79,0.7,0.0,0.0,65.0,47.8,65.0,0,0,0.0,1,0.0,1.0,4.0,-3.0,-2.09,3.01,0.0,1.0,0.0,0.0,4.0,0.0,1.0,0.0,0.0,0.0,0.0,0.0,0.0,0.0,0.0,0.0,0.0,0.0,0.0,0.0,0.0,0.0,0.0,0.0,0.0,0.0,0.0,0.0,2.7906976744186047,0.6976744186046512,0.0,0.6976744186046512,0.6976744186046512,2.7906976744186047,0.0,MF
Ali Yousif,Iraq,Iraq,FW,30,1996,Unknown Club,1,0,33.0,0.4,0.0,0.0,0.0,0.0,0.0,0.0,0.0,0.0,0.0,0.0,0.0,0.0,0.0,0.0,0.0,0.0,0.0,0.0,0.0,0.0,33.0,12.2,0.0,0,1,33.0,2,0.0,0.0,3.0,-3.0,-8.18,-5.14,0.0,1.0,0.0,0.0,0.0,0.0,1.0,0.0,0.0,0.0,0.0,0.0,0.0,0.0,0.0,0.0,0.0,0.0,0.0,0.0,0.0,0.0,0.0,0.0,0.0,0.0,0.0,0.0,0.0,0.0,0.0,2.7272727272727275,2.7272727272727275,0.0,0.0,FW
Amir Al Ammari,Iraq,Iraq,MF,28,1997,Cracovia,3,3,247.0,2.7,0.0,1.0,1.0,0.0,0.0,0.0,2.0,0.0,0.0,0.36,0.36,0.0,0.36,0.0,0.0,0.0,0.0,0.0,0.0,0.0,82.0,91.5,82.0,2,0,0.0,0,0.0,1.0,12.0,-11.0,-4.01,-4.01,0.0,3.0,0.0,0.0,8.0,2.0,1.0,0.0,0.0,0.0,0.0,0.0,0.0,0.0,0.0,0.0,0.0,0.0,0.0,0.0,0.0,0.0,0.0,0.0,0.0,0.0,0.0,0.3643724696356275,0.0,0.0,0.728744939271255,0.3643724696356275,1.0931174089068827,2.91497975708502,0.3643724696356275,MF
Ayman Hussein,Iraq,Iraq,FW,30,1996,Unknown Club,2,2,115.0,1.3,1.0,0.0,1.0,1.0,0.0,0.0,0.0,0.0,0.78,0.0,0.78,0.78,0.78,3.0,1.0,33.3,2.35,0.78,0.33,1.0,58.0,42.6,58.0,1,0,0.0,1,0.0,1.0,5.0,-4.0,-3.13,0.93,0.0,2.0,1.0,0.0,0.0,0.0,0.0,1.0,0.0,0.0,0.0,0.0,0.0,0.0,0.0,0.0,0.0,0.0,0.0,0.0,0.0,0.0,0.0,0.0,0.0,0.0,0.782608695652174,0.0,2.3478260869565215,0.782608695652174,0.0,0.0,1.565217391304348,0.0,0.782608695652174,FW
Fahad Talib,Iraq,Iraq,GK,31,1994,Unknown Club,0,0,0.0,0.0,0.0,0.0,0.0,0.0,0.0,0.0,0.0,0.0,0.0,0.0,0.0,0.0,0.0,0.0,0.0,0.0,0.0,0.0,0.0,0.0,0.0,0.0,0.0,0,0,0.0,3,0.0,0.0,0.0,0.0,0.0,0.0,0.0,0.0,0.0,0.0,0.0,0.0,0.0,0.0,0.0,0.0,0.0,0.0,0.0,0.0,0.0,0.0,0.0,0.0,0.0,0.0,0.0,0.0,0.0,0.0,0.0,0.0,0.0,0.0,0.0,0.0,0.0,0.0,0.0,0.0,0.0,GK
Frans Dhia Putros,Iraq,Iraq,DF,32,1993,Unknown Club,1,1,90.0,1.0,0.0,0.0,0.0,0.0,0.0,0.0,0.0,0.0,0.0,0.0,0.0,0.0,0.0,0.0,0.0,0.0,0.0,0.0,0.0,0.0,90.0,33.3,90.0,1,0,0.0,2,0.0,0.0,5.0,-5.0,-5.0,-2.0,0.0,2.0,0.0,0.0,1.0,2.0,2.0,0.0,0.0,0.0,0.0,0.0,0.0,0.0,0.0,0.0,0.0,0.0,0.0,0.0,0.0,0.0,0.0,0.0,0.0,0.0,0.0,0.0,0.0,0.0,2.0,2.0,2.0,1.0,0.0,DF
Hussein Ali,Iraq,Iraq,DF,24,2002,Pogoń Szczecin,2,2,162.0,1.8,0.0,0.0,0.0,0.0,0.0,0.0,0.0,0.0,0.0,0.0,0.0,0.0,0.0,1.0,0.0,0.0,0.56,0.0,0.0,0.0,81.0,60.0,81.0,1,0,0.0,1,0.0,1.0,5.0,-4.0,-2.22,3.61,0.0,1.0,0.0,1.0,1.0,2.0,2.0,0.0,0.0,0.0,0.0,0.0,0.0,0.0,0.0,0.0,0.0,0.0,0.0,0.0,0.0,0.0,0.0,0.0,0.0,0.0,0.0,0.0,0.5555555555555556,0.0,1.1111111111111112,1.1111111111111112,0.5555555555555556,0.5555555555555556,0.0,DF
Ibrahim Bayesh,Iraq,Iraq,"MF,FW",26,2000,Unknown Club,3,3,235.0,2.6,0.0,0.0,0.0,0.0,0.0,0.0,0.0,0.0,0.0,0.0,0.0,0.0,0.0,1.0,0.0,0.0,0.38,0.0,0.0,0.0,78.0,87.0,78.0,1,0,0.0,0,0.0,1.0,11.0,-10.0,-3.83,-1.26,0.0,3.0,5.0,0.0,4.0,1.0,4.0,0.0,0.0,0.0,0.0,0.0,0.0,0.0,0.0,0.0,0.0,0.0,0.0,0.0,0.0,0.0,0.0,0.0,0.0,0.0,0.0,0.0,0.3829787234042553,0.0,0.3829787234042553,1.5319148936170213,1.1489361702127658,1.5319148936170213,0.0,MF
Jalal Hassan,Iraq,Iraq,GK,35,1991,Unknown Club,2,1,135.0,1.5,0.0,0.0,0.0,0.0,0.0,0.0,0.0,0.0,0.0,0.0,0.0,0.0,0.0,0.0,0.0,0.0,0.0,0.0,0.0,0.0,68.0,50.0,90.0,1,1,45.0,1,0.0,1.0,8.0,-7.0,-4.67,-2.0,0.0,0.0,1.0,0.0,0.0,0.0,0.0,0.0,2.0,1.0,135.0,8.0,5.33,16.0,8.0,50.0,0.0,0.0,1.0,0.0,0.0,0.0,0.0,0.0,0.0,0.0,0.0,0.0,0.0,0.0,0.0,0.0,0.0,0.0,0.0,GK
Kevin Yakob,Iraq,Iraq,MF,25,2000,AGF,1,0,24.0,0.3,0.0,0.0,0.0,0.0,0.0,0.0,0.0,0.0,0.0,0.0,0.0,0.0,0.0,1.0,0.0,0.0,3.75,0.0,0.0,0.0,24.0,8.9,0.0,0,1,24.0,2,0.0,0.0,2.0,-2.0,-7.5,-4.21,0.0,1.0,0.0,0.0,0.0,1.0,0.0,0.0,0.0,0.0,0.0,0.0,0.0,0.0,0.0,0.0,0.0,0.0,0.0,0.0,0.0,0.0,0.0,0.0,0.0,0.0,0.0,0.0,3.75,0.0,3.75,0.0,3.75,0.0,0.0,MF
Manaf Younis,Iraq,Iraq,DF,29,1996,Unknown Club,1,0,75.0,0.8,0.0,0.0,0.0,0.0,0.0,0.0,0.0,0.0,0.0,0.0,0.0,0.0,0.0,0.0,0.0,0.0,0.0,0.0,0.0,0.0,75.0,27.8,0.0,0,1,75.0,2,0.0,0.0,4.0,-4.0,-4.8,-1.57,0.0,0.0,0.0,0.0,0.0,1.0,1.0,0.0,0.0,0.0,0.0,0.0,0.0,0.0,0.0,0.0,0.0,0.0,0.0,0.0,0.0,0.0,0.0,0.0,0.0,0.0,0.0,0.0,0.0,0.0,1.2000000000000002,1.2000000000000002,0.0,0.0,0.0,DF
Marko Farji,Iraq,Iraq,MF,22,2004,Venezia,2,0,54.0,0.6,0.0,0.0,0.0,0.0,0.0,0.0,0.0,0.0,0.0,0.0,0.0,0.0,0.0,0.0,0.0,0.0,0.0,0.0,0.0,0.0,27.0,20.0,0.0,0,2,27.0,1,0.0,0.0,2.0,-2.0,-3.33,0.42,0.0,0.0,2.0,0.0,2.0,1.0,1.0,0.0,0.0,0.0,0.0,0.0,0.0,0.0,0.0,0.0,0.0,0.0,0.0,0.0,0.0,0.0,0.0,0.0,0.0,0.0,0.0,0.0,0.0,0.0,1.6666666666666665,1.6666666666666665,0.0,3.333333333333333,0.0,MF
Merchas Doski,Iraq,Iraq,DF,26,1999,Viktoria Plzeň,3,3,270.0,3.0,0.0,0.0,0.0,0.0,0.0,0.0,1.0,0.0,0.0,0.0,0.0,0.0,0.0,1.0,0.0,0.0,0.33,0.0,0.0,0.0,90.0,100.0,90.0,3,0,0.0,0,0.0,1.0,12.0,-11.0,-3.67,0.0,0.0,3.0,8.0,0.0,4.0,6.0,9.0,0.0,0.0,0.0,0.0,0.0,0.0,0.0,0.0,0.0,0.0,0.0,0.0,0.0,0.0,0.0,0.0,0.0,0.0,0.0,0.0,0.0,0.33333333333333337,0.0,2.0,3.0,1.0,1.3333333333333335,0.0,DF
Mohanad Ali,Iraq,Iraq,FW,25,2000,Unknown Club,1,0,13.0,0.1,0.0,0.0,0.0,0.0,0.0,0.0,0.0,0.0,0.0,0.0,0.0,0.0,0.0,0.0,0.0,0.0,0.0,0.0,0.0,0.0,13.0,4.8,0.0,0,1,13.0,2,0.0,0.0,1.0,-1.0,-6.92,-3.42,0.0,0.0,0.0,0.0,0.0,0.0,0.0,0.0,0.0,0.0,0.0,0.0,0.0,0.0,0.0,0.0,0.0,0.0,0.0,0.0,0.0,0.0,0.0,0.0,0.0,0.0,0.0,0.0,0.0,0.0,0.0,0.0,0.0,0.0,0.0,FW
Mustafa Saadoon,Iraq,Iraq,DF,25,2001,Unknown Club,1,0,18.0,0.2,0.0,0.0,0.0,0.0,0.0,0.0,0.0,0.0,0.0,0.0,0.0,0.0,0.0,0.0,0.0,0.0,0.0,0.0,0.0,0.0,18.0,6.7,0.0,0,1,18.0,2,0.0,0.0,2.0,-2.0,-10.0,-6.79,0.0,2.0,0.0,0.0,0.0,0.0,1.0,0.0,0.0,0.0,0.0,0.0,0.0,0.0,0.0,0.0,0.0,0.0,0.0,0.0,0.0,0.0,0.0,0.0,0.0,0.0,0.0,0.0,0.0,0.0,0.0,5.0,10.0,0.0,0.0,DF
Rebin Sulaka,Iraq,Iraq,DF,34,1992,Unknown Club,2,1,43.0,0.5,0.0,0.0,0.0,0.0,0.0,0.0,0.0,1.0,0.0,0.0,0.0,0.0,0.0,1.0,0.0,0.0,2.09,0.0,0.0,0.0,22.0,15.9,12.0,0,1,31.0,1,0.0,0.0,2.0,-2.0,-4.19,-0.62,0.0,1.0,0.0,0.0,0.0,1.0,0.0,0.0,0.0,0.0,0.0,0.0,0.0,0.0,0.0,0.0,0.0,0.0,0.0,0.0,0.0,0.0,0.0,0.0,0.0,0.0,0.0,0.0,2.0930232558139537,0.0,2.0930232558139537,0.0,2.0930232558139537,0.0,0.0,DF
Youssef Amyn,Iraq,Iraq,MF,22,2003,Unknown Club,1,0,31.0,0.3,0.0,0.0,0.0,0.0,0.0,0.0,0.0,0.0,0.0,0.0,0.0,0.0,0.0,0.0,0.0,0.0,0.0,0.0,0.0,0.0,31.0,11.5,0.0,0,1,31.0,2,0.0,0.0,1.0,-1.0,-2.9,0.86,0.0,0.0,0.0,0.0,0.0,0.0,0.0,0.0,0.0,0.0,0.0,0.0,0.0,0.0,0.0,0.0,0.0,0.0,0.0,0.0,0.0,0.0,0.0,0.0,0.0,0.0,0.0,0.0,0.0,0.0,0.0,0.0,0.0,0.0,0.0,MF
Zaid Ismail,Iraq,Iraq,MF,24,2002,Unknown Club,2,2,117.0,1.3,0.0,0.0,0.0,0.0,0.0,0.0,0.0,0.0,0.0,0.0,0.0,0.0,0.0,0.0,0.0,0.0,0.0,0.0,0.0,0.0,59.0,43.3,59.0,0,0,0.0,1,0.0,1.0,4.0,-3.0,-2.31,2.4,0.0,2.0,0.0,0.0,0.0,1.0,4.0,0.0,0.0,0.0,0.0,0.0,0.0,0.0,0.0,0.0,0.0,0.0,0.0,0.0,0.0,0.0,0.0,0.0,0.0,0.0,0.0,0.0,0.0,0.0,0.7692307692307693,3.076923076923077,1.5384615384615385,0.0,0.0,MF
Zaid Tahseen,Iraq,Iraq,DF,25,2001,Unknown Club,2,2,149.0,1.7,0.0,0.0,0.0,0.0,0.0,0.0,1.0,0.0,0.0,0.0,0.0,0.0,0.0,2.0,0.0,0.0,1.21,0.0,0.0,0.0,75.0,55.2,75.0,1,0,0.0,1,0.0,1.0,6.0,-5.0,-3.02,1.44,0.0,3.0,2.0,0.0,0.0,0.0,1.0,0.0,0.0,0.0,0.0,0.0,0.0,0.0,0.0,0.0,0.0,0.0,0.0,0.0,0.0,0.0,0.0,0.0,0.0,0.0,0.0,0.0,1.2080536912751678,0.0,0.0,0.6040268456375839,1.8120805369127515,0.0,0.0,DF
Zidane Iqbal,Iraq,Iraq,MF,23,2003,Utrecht,3,2,188.0,2.1,0.0,0.0,0.0,0.0,0.0,0.0,0.0,0.0,0.0,0.0,0.0,0.0,0.0,0.0,0.0,0.0,0.0,0.0,0.0,0.0,63.0,69.6,78.0,1,1,32.0,0,0.0,0.0,8.0,-8.0,-3.83,-0.54,0.0,1.0,2.0,0.0,2.0,1.0,2.0,0.0,0.0,0.0,0.0,0.0,0.0,0.0,0.0,0.0,0.0,0.0,0.0,0.0,0.0,0.0,0.0,0.0,0.0,0.0,0.0,0.0,0.0,0.0,0.4787234042553191,0.9574468085106382,0.4787234042553191,0.9574468085106382,0.0,MF
Ao Tanaka,Japan,Japan,MF,27,1998,Leeds United,3,2,193.0,2.1,0.0,0.0,0.0,0.0,0.0,0.0,0.0,0.0,0.0,0.0,0.0,0.0,0.0,2.0,0.0,0.0,0.93,0.0,0.0,0.0,64.0,53.6,90.0,2,1,13.0,1,1.33,5.0,2.0,3.0,1.4,1.4,0.0,6.0,2.0,0.0,0.0,1.0,6.0,0.0,0.0,0.0,0.0,0.0,0.0,0.0,0.0,0.0,0.0,0.0,0.0,0.0,0.0,0.0,0.0,0.0,0.0,0.0,0.0,0.0,0.9326424870466321,0.0,0.46632124352331605,2.7979274611398965,2.7979274611398965,0.0,0.0,MF
Ayase Ueda,Japan,Japan,FW,27,1998,Feyenoord,4,4,321.0,3.6,2.0,1.0,3.0,2.0,0.0,0.0,0.0,0.0,0.56,0.28,0.84,0.56,0.84,9.0,4.0,44.4,2.52,1.12,0.22,0.5,80.0,89.2,80.0,1,0,0.0,0,1.25,7.0,5.0,2.0,0.56,-1.75,0.0,6.0,4.0,1.0,0.0,0.0,1.0,0.0,0.0,0.0,0.0,0.0,0.0,0.0,0.0,0.0,0.0,0.0,0.0,0.0,0.0,0.0,0.0,0.0,0.0,0.0,0.5607476635514018,0.2803738317757009,2.5233644859813085,1.1214953271028036,0.0,0.2803738317757009,1.6822429906542056,0.0,0.8411214953271027,FW
Ayumu Seko,Japan,Japan,DF,26,2000,Le Havre,2,1,86.0,1.0,0.0,0.0,0.0,0.0,0.0,0.0,0.0,0.0,0.0,0.0,0.0,0.0,0.0,0.0,0.0,0.0,0.0,0.0,0.0,0.0,43.0,23.9,74.0,0,1,12.0,2,2.0,2.0,1.0,1.0,1.05,0.39,0.0,1.0,0.0,0.0,0.0,1.0,1.0,0.0,0.0,0.0,0.0,0.0,0.0,0.0,0.0,0.0,0.0,0.0,0.0,0.0,0.0,0.0,0.0,0.0,0.0,0.0,0.0,0.0,0.0,0.0,1.0465116279069768,1.0465116279069768,1.0465116279069768,0.0,0.0,DF
Daichi Kamada,Japan,Japan,MF,29,1996,Crystal Palace,4,4,329.0,3.7,2.0,0.0,2.0,2.0,0.0,0.0,1.0,0.0,0.55,0.0,0.55,0.55,0.55,3.0,2.0,66.7,0.82,0.55,0.67,1.0,82.0,91.4,82.0,2,0,0.0,0,1.25,7.0,4.0,3.0,0.82,0.82,0.0,2.0,4.0,1.0,4.0,1.0,3.0,0.0,0.0,0.0,0.0,0.0,0.0,0.0,0.0,0.0,0.0,0.0,0.0,0.0,0.0,0.0,0.0,0.0,0.0,0.0,0.547112462006079,0.0,0.8206686930091185,0.547112462006079,0.2735562310030395,0.8206686930091185,0.547112462006079,1.094224924012158,0.547112462006079,MF
Daizen Maeda,Japan,Japan,MF,28,1997,Celtic,3,3,244.0,2.7,1.0,0.0,1.0,1.0,0.0,0.0,0.0,0.0,0.37,0.0,0.37,0.37,0.37,2.0,1.0,50.0,0.74,0.37,0.5,1.0,81.0,67.8,81.0,1,0,0.0,1,0.67,3.0,4.0,-1.0,-0.37,-3.47,0.0,2.0,1.0,1.0,3.0,2.0,3.0,0.0,0.0,0.0,0.0,0.0,0.0,0.0,0.0,0.0,0.0,0.0,0.0,0.0,0.0,0.0,0.0,0.0,0.0,0.0,0.36885245901639346,0.0,0.7377049180327869,0.36885245901639346,0.7377049180327869,1.1065573770491803,0.7377049180327869,1.1065573770491803,0.36885245901639346,MF
Hiroki Ito,Japan,Japan,DF,27,1999,Bayern Munich,4,4,360.0,4.0,0.0,0.0,0.0,0.0,0.0,0.0,0.0,0.0,0.0,0.0,0.0,0.0,0.0,1.0,0.0,0.0,0.25,0.0,0.0,0.0,90.0,100.0,90.0,4,0,0.0,0,1.25,8.0,5.0,3.0,0.75,0.0,0.0,7.0,0.0,0.0,9.0,0.0,2.0,0.0,0.0,0.0,0.0,0.0,0.0,0.0,0.0,0.0,0.0,0.0,0.0,0.0,0.0,0.0,0.0,0.0,0.0,0.0,0.0,0.0,0.25,0.0,0.0,0.5,1.75,2.25,0.0,DF
Junnosuke Suzuki,Japan,Japan,DF,22,2003,FC Copenhagen,2,0,43.0,0.5,0.0,0.0,0.0,0.0,0.0,0.0,1.0,0.0,0.0,0.0,0.0,0.0,0.0,0.0,0.0,0.0,0.0,0.0,0.0,0.0,22.0,11.9,0.0,0,2,22.0,2,1.5,1.0,1.0,0.0,0.0,-0.85,0.0,2.0,0.0,0.0,0.0,1.0,0.0,0.0,0.0,0.0,0.0,0.0,0.0,0.0,0.0,0.0,0.0,0.0,0.0,0.0,0.0,0.0,0.0,0.0,0.0,0.0,0.0,0.0,0.0,0.0,2.0930232558139537,0.0,4.186046511627907,0.0,0.0,DF
Junya Itō,Japan,Japan,MF,33,1993,Genk,4,2,216.0,2.4,1.0,0.0,1.0,1.0,0.0,0.0,0.0,0.0,0.42,0.0,0.42,0.42,0.42,3.0,1.0,33.3,1.25,0.42,0.33,1.0,54.0,60.0,84.0,1,2,25.0,0,1.25,6.0,1.0,5.0,2.08,3.33,0.0,2.0,5.0,0.0,17.0,1.0,2.0,0.0,0.0,0.0,0.0,0.0,0.0,0.0,0.0,0.0,0.0,0.0,0.0,0.0,0.0,0.0,0.0,0.0,0.0,0.0,0.41666666666666663,0.0,1.25,0.41666666666666663,0.41666666666666663,0.8333333333333333,0.8333333333333333,7.083333333333334,0.41666666666666663,MF
Kaishū Sano,Japan,Japan,MF,25,2000,Mainz 05,3,3,270.0,3.0,1.0,1.0,2.0,1.0,0.0,0.0,1.0,0.0,0.33,0.33,0.67,0.33,0.67,1.0,1.0,100.0,0.33,0.33,1.0,1.0,90.0,75.0,90.0,3,0,0.0,1,1.33,7.0,4.0,3.0,1.0,1.0,0.0,4.0,1.0,0.0,1.0,4.0,2.0,0.0,0.0,0.0,0.0,0.0,0.0,0.0,0.0,0.0,0.0,0.0,0.0,0.0,0.0,0.0,0.0,0.0,0.0,0.0,0.33333333333333337,0.33333333333333337,0.33333333333333337,0.33333333333333337,1.3333333333333335,0.6666666666666667,1.3333333333333335,0.33333333333333337,0.6666666666666667,MF
Keisuke Gotō,Japan,Japan,FW,21,2005,Sint-Truiden,1,0,7.0,0.1,0.0,0.0,0.0,0.0,0.0,0.0,0.0,0.0,0.0,0.0,0.0,0.0,0.0,0.0,0.0,0.0,0.0,0.0,0.0,0.0,7.0,1.9,0.0,0,1,7.0,3,3.0,0.0,0.0,0.0,0.0,-0.76,0.0,0.0,1.0,0.0,0.0,0.0,1.0,0.0,0.0,0.0,0.0,0.0,0.0,0.0,0.0,0.0,0.0,0.0,0.0,0.0,0.0,0.0,0.0,0.0,0.0,0.0,0.0,0.0,0.0,0.0,0.0,12.857142857142856,0.0,0.0,0.0,FW
Keisuke Ōsako,Japan,Japan,GK,26,1999,Unknown Club,0,0,0.0,0.0,0.0,0.0,0.0,0.0,0.0,0.0,0.0,0.0,0.0,0.0,0.0,0.0,0.0,0.0,0.0,0.0,0.0,0.0,0.0,0.0,0.0,0.0,0.0,0,0,0.0,4,0.0,0.0,0.0,0.0,0.0,0.0,0.0,0.0,0.0,0.0,0.0,0.0,0.0,0.0,0.0,0.0,0.0,0.0,0.0,0.0,0.0,0.0,0.0,0.0,0.0,0.0,0.0,0.0,0.0,0.0,0.0,0.0,0.0,0.0,0.0,0.0,0.0,0.0,0.0,0.0,0.0,GK
Keito Nakamura,Japan,Japan,MF,25,2000,Reims,4,4,307.0,3.4,1.0,1.0,2.0,1.0,0.0,0.0,0.0,0.0,0.29,0.29,0.59,0.29,0.59,5.0,2.0,40.0,1.47,0.59,0.2,0.5,77.0,85.3,77.0,1,0,0.0,0,1.25,7.0,4.0,3.0,0.88,0.88,0.0,3.0,1.0,1.0,9.0,1.0,3.0,0.0,0.0,0.0,0.0,0.0,0.0,0.0,0.0,0.0,0.0,0.0,0.0,0.0,0.0,0.0,0.0,0.0,0.0,0.0,0.2931596091205212,0.2931596091205212,1.4657980456026058,0.5863192182410424,0.2931596091205212,0.8794788273615635,0.8794788273615635,2.6384364820846904,0.5863192182410424,MF
Kento Shiogai,Japan,Japan,FW,21,2005,Wolfsburg,1,0,7.0,0.1,0.0,0.0,0.0,0.0,0.0,0.0,0.0,0.0,0.0,0.0,0.0,0.0,0.0,0.0,0.0,0.0,0.0,0.0,0.0,0.0,7.0,1.9,0.0,0,1,7.0,3,1.0,1.0,0.0,1.0,12.86,12.35,0.0,0.0,0.0,0.0,0.0,0.0,0.0,0.0,0.0,0.0,0.0,0.0,0.0,0.0,0.0,0.0,0.0,0.0,0.0,0.0,0.0,0.0,0.0,0.0,0.0,0.0,0.0,0.0,0.0,0.0,0.0,0.0,0.0,0.0,0.0,FW
Ko Itakura,Japan,Japan,DF,29,1997,Ajax,2,2,128.0,1.4,0.0,1.0,1.0,0.0,0.0,0.0,0.0,0.0,0.0,0.7,0.7,0.0,0.7,0.0,0.0,0.0,0.0,0.0,0.0,0.0,64.0,35.6,64.0,1,0,0.0,2,2.0,4.0,0.0,4.0,2.81,3.2,0.0,1.0,0.0,0.0,0.0,1.0,0.0,0.0,0.0,0.0,0.0,0.0,0.0,0.0,0.0,0.0,0.0,0.0,0.0,0.0,0.0,0.0,0.0,0.0,0.0,0.0,0.0,0.703125,0.0,0.0,0.703125,0.0,0.703125,0.0,0.703125,DF
Kōki Ogawa,Japan,Japan,FW,28,1997,NEC Nijmegen,3,0,42.0,0.5,0.0,1.0,1.0,0.0,0.0,0.0,0.0,0.0,0.0,2.14,2.14,0.0,2.14,3.0,0.0,0.0,6.43,0.0,0.0,0.0,14.0,11.7,0.0,0,3,14.0,1,0.67,1.0,0.0,1.0,2.14,1.58,0.0,1.0,0.0,0.0,0.0,0.0,0.0,0.0,0.0,0.0,0.0,0.0,0.0,0.0,0.0,0.0,0.0,0.0,0.0,0.0,0.0,0.0,0.0,0.0,0.0,0.0,0.0,2.142857142857143,6.428571428571428,0.0,0.0,0.0,2.142857142857143,0.0,2.142857142857143,FW
Ritsu Doan,Japan,Japan,MF,27,1998,Frankfurt,4,4,278.0,3.1,0.0,1.0,1.0,0.0,0.0,0.0,0.0,0.0,0.0,0.32,0.32,0.0,0.32,1.0,0.0,0.0,0.32,0.0,0.0,0.0,70.0,77.2,70.0,0,0,0.0,0,1.25,6.0,4.0,2.0,0.65,-0.45,0.0,6.0,4.0,0.0,5.0,1.0,1.0,0.0,0.0,0.0,0.0,0.0,0.0,0.0,0.0,0.0,0.0,0.0,0.0,0.0,0.0,0.0,0.0,0.0,0.0,0.0,0.0,0.32374100719424465,0.32374100719424465,0.0,0.32374100719424465,0.32374100719424465,1.9424460431654678,1.618705035971223,0.32374100719424465,MF
Shogo Taniguchi,Japan,Japan,DF,34,1991,Sint-Truiden,3,2,232.0,2.6,0.0,0.0,0.0,0.0,0.0,0.0,1.0,0.0,0.0,0.0,0.0,0.0,0.0,0.0,0.0,0.0,0.0,0.0,0.0,0.0,77.0,64.4,90.0,2,1,52.0,1,0.67,4.0,5.0,-1.0,-0.39,-3.2,0.0,2.0,1.0,0.0,0.0,1.0,0.0,0.0,0.0,0.0,0.0,0.0,0.0,0.0,0.0,0.0,0.0,0.0,0.0,0.0,0.0,0.0,0.0,0.0,0.0,0.0,0.0,0.0,0.0,0.0,0.3879310344827586,0.0,0.7758620689655172,0.0,0.0,DF
Shuto Machino,Japan,Japan,FW,26,1999,Gladbach,1,0,13.0,0.1,0.0,0.0,0.0,0.0,0.0,0.0,0.0,0.0,0.0,0.0,0.0,0.0,0.0,0.0,0.0,0.0,0.0,0.0,0.0,0.0,13.0,3.6,0.0,0,1,13.0,2,0.0,0.0,1.0,-1.0,-6.92,-7.96,0.0,1.0,0.0,0.0,1.0,0.0,0.0,0.0,0.0,0.0,0.0,0.0,0.0,0.0,0.0,0.0,0.0,0.0,0.0,0.0,0.0,0.0,0.0,0.0,0.0,0.0,0.0,0.0,0.0,0.0,0.0,0.0,6.923076923076923,6.923076923076923,0.0,FW
Takefusa Kubo,Japan,Japan,MF,25,2001,Real Sociedad,1,1,74.0,0.8,0.0,1.0,1.0,0.0,0.0,0.0,0.0,0.0,0.0,1.22,1.22,0.0,1.22,1.0,0.0,0.0,1.22,0.0,0.0,0.0,74.0,20.6,74.0,0,0,0.0,1,1.0,1.0,2.0,-1.0,-1.22,-2.47,0.0,1.0,1.0,0.0,0.0,1.0,0.0,0.0,0.0,0.0,0.0,0.0,0.0,0.0,0.0,0.0,0.0,0.0,0.0,0.0,0.0,0.0,0.0,0.0,0.0,0.0,0.0,1.2162162162162162,1.2162162162162162,0.0,1.2162162162162162,0.0,1.2162162162162162,0.0,1.2162162162162162,MF
Takehiro Tomiyasu,Japan,Japan,DF,27,1998,Ajax,3,2,184.0,2.0,0.0,0.0,0.0,0.0,0.0,0.0,0.0,0.0,0.0,0.0,0.0,0.0,0.0,1.0,0.0,0.0,0.49,0.0,0.0,0.0,61.0,51.1,84.0,1,1,16.0,1,1.33,5.0,2.0,3.0,1.47,1.47,0.0,5.0,2.0,0.0,2.0,2.0,1.0,0.0,0.0,0.0,0.0,0.0,0.0,0.0,0.0,0.0,0.0,0.0,0.0,0.0,0.0,0.0,0.0,0.0,0.0,0.0,0.0,0.0,0.4891304347826087,0.0,0.9782608695652174,0.4891304347826087,2.4456521739130435,0.9782608695652174,0.0,DF
Tomoki Hayakawa,Japan,Japan,GK,27,1999,Unknown Club,0,0,0.0,0.0,0.0,0.0,0.0,0.0,0.0,0.0,0.0,0.0,0.0,0.0,0.0,0.0,0.0,0.0,0.0,0.0,0.0,0.0,0.0,0.0,0.0,0.0,0.0,0,0,0.0,4,0.0,0.0,0.0,0.0,0.0,0.0,0.0,0.0,0.0,0.0,0.0,0.0,0.0,0.0,0.0,0.0,0.0,0.0,0.0,0.0,0.0,0.0,0.0,0.0,0.0,0.0,0.0,0.0,0.0,0.0,0.0,0.0,0.0,0.0,0.0,0.0,0.0,0.0,0.0,0.0,0.0,GK
Tsuyoshi Watanabe,Japan,Japan,DF,29,1997,Feyenoord,2,1,90.0,1.0,0.0,0.0,0.0,0.0,0.0,0.0,0.0,0.0,0.0,0.0,0.0,0.0,0.0,0.0,0.0,0.0,0.0,0.0,0.0,0.0,45.0,25.0,74.0,0,1,16.0,2,1.0,1.0,2.0,-1.0,-1.0,-2.33,0.0,0.0,1.0,0.0,1.0,0.0,2.0,0.0,0.0,0.0,0.0,0.0,0.0,0.0,0.0,0.0,0.0,0.0,0.0,0.0,0.0,0.0,0.0,0.0,0.0,0.0,0.0,0.0,0.0,0.0,0.0,2.0,0.0,1.0,0.0,DF
Yuito Suzuki,Japan,Japan,"FW,MF",24,2001,Freiburg,1,0,12.0,0.1,0.0,0.0,0.0,0.0,0.0,0.0,0.0,0.0,0.0,0.0,0.0,0.0,0.0,0.0,0.0,0.0,0.0,0.0,0.0,0.0,12.0,3.3,0.0,0,1,12.0,3,3.0,1.0,0.0,1.0,7.5,6.98,0.0,0.0,0.0,0.0,0.0,0.0,1.0,0.0,0.0,0.0,0.0,0.0,0.0,0.0,0.0,0.0,0.0,0.0,0.0,0.0,0.0,0.0,0.0,0.0,0.0,0.0,0.0,0.0,0.0,0.0,0.0,7.5,0.0,0.0,0.0,MF
Yukinari Sugawara,Japan,Japan,MF,25,2000,Werder Bremen,4,1,148.0,1.6,0.0,0.0,0.0,0.0,0.0,0.0,0.0,0.0,0.0,0.0,0.0,0.0,0.0,2.0,2.0,100.0,1.22,1.22,0.0,0.0,37.0,41.1,90.0,1,3,19.0,0,1.25,3.0,2.0,1.0,0.61,-0.24,0.0,3.0,1.0,0.0,4.0,0.0,3.0,0.0,0.0,0.0,0.0,0.0,0.0,0.0,0.0,0.0,0.0,0.0,0.0,0.0,0.0,0.0,0.0,0.0,0.0,0.0,0.0,0.0,1.2162162162162162,1.2162162162162162,0.0,1.8243243243243243,1.8243243243243243,2.4324324324324325,0.0,MF
Yūto Nagatomo,Japan,Japan,"DF,MF",39,1986,FC Tokyo,1,0,16.0,0.2,0.0,0.0,0.0,0.0,0.0,0.0,0.0,0.0,0.0,0.0,0.0,0.0,0.0,0.0,0.0,0.0,0.0,0.0,0.0,0.0,16.0,4.4,0.0,0,1,16.0,3,1.0,0.0,0.0,0.0,0.0,-0.78,0.0,0.0,0.0,0.0,1.0,1.0,0.0,0.0,0.0,0.0,0.0,0.0,0.0,0.0,0.0,0.0,0.0,0.0,0.0,0.0,0.0,0.0,0.0,0.0,0.0,0.0,0.0,0.0,0.0,0.0,5.625,0.0,0.0,5.625,0.0,DF
Zion Suzuki,Japan,Japan,GK,23,2002,Parma,4,4,360.0,4.0,0.0,0.0,0.0,0.0,0.0,0.0,0.0,0.0,0.0,0.0,0.0,0.0,0.0,0.0,0.0,0.0,0.0,0.0,0.0,0.0,90.0,100.0,90.0,4,0,0.0,0,1.25,8.0,5.0,3.0,0.75,0.0,0.0,0.0,1.0,0.0,0.0,0.0,0.0,0.0,4.0,4.0,360.0,5.0,1.25,17.0,12.0,70.6,1.0,2.0,1.0,1.0,25.0,0.0,0.0,0.0,0.0,0.0,0.0,0.0,0.0,0.0,0.0,0.0,0.0,0.0,0.0,GK
Abdallah Al-Fakhouri,Jordan,Jordan,GK,26,2000,Unknown Club,0,0,0.0,0.0,0.0,0.0,0.0,0.0,0.0,0.0,0.0,0.0,0.0,0.0,0.0,0.0,0.0,0.0,0.0,0.0,0.0,0.0,0.0,0.0,0.0,0.0,0.0,0,0,0.0,3,0.0,0.0,0.0,0.0,0.0,0.0,0.0,0.0,0.0,0.0,0.0,0.0,0.0,0.0,0.0,0.0,0.0,0.0,0.0,0.0,0.0,0.0,0.0,0.0,0.0,0.0,0.0,0.0,0.0,0.0,0.0,0.0,0.0,0.0,0.0,0.0,0.0,0.0,0.0,0.0,0.0,GK
Abdallah Nasib,Jordan,Jordan,DF,32,1994,Unknown Club,3,3,260.0,2.9,0.0,0.0,0.0,0.0,0.0,0.0,0.0,0.0,0.0,0.0,0.0,0.0,0.0,0.0,0.0,0.0,0.0,0.0,0.0,0.0,87.0,96.3,87.0,2,0,0.0,0,0.0,3.0,7.0,-4.0,-1.38,7.62,0.0,1.0,1.0,0.0,0.0,7.0,3.0,0.0,0.0,0.0,0.0,0.0,0.0,0.0,0.0,0.0,0.0,0.0,0.0,0.0,0.0,0.0,0.0,0.0,0.0,0.0,0.0,0.0,0.0,0.0,2.4230769230769234,1.0384615384615385,0.34615384615384615,0.0,0.0,DF
Ali Azaizeh,Jordan,Jordan,MF,22,2004,Al-Shabab,3,1,54.0,0.6,0.0,0.0,0.0,0.0,0.0,0.0,0.0,0.0,0.0,0.0,0.0,0.0,0.0,2.0,0.0,0.0,3.33,0.0,0.0,0.0,18.0,20.0,45.0,0,2,5.0,0,0.0,0.0,3.0,-3.0,-5.0,-4.17,0.0,1.0,1.0,0.0,1.0,0.0,3.0,0.0,0.0,0.0,0.0,0.0,0.0,0.0,0.0,0.0,0.0,0.0,0.0,0.0,0.0,0.0,0.0,0.0,0.0,0.0,0.0,0.0,3.333333333333333,0.0,0.0,5.0,1.6666666666666665,1.6666666666666665,0.0,MF
Ali Olwan,Jordan,Jordan,MF,26,2000,Unknown Club,3,3,268.0,3.0,1.0,0.0,1.0,1.0,0.0,0.0,0.0,0.0,0.34,0.0,0.34,0.34,0.34,6.0,3.0,50.0,2.01,1.01,0.17,0.33,89.0,99.3,89.0,1,0,0.0,0,0.0,3.0,8.0,-5.0,-1.68,-1.68,0.0,1.0,4.0,1.0,5.0,1.0,0.0,0.0,0.0,0.0,0.0,0.0,0.0,0.0,0.0,0.0,0.0,0.0,0.0,0.0,0.0,0.0,0.0,0.0,0.0,0.0,0.33582089552238803,0.0,2.014925373134328,1.007462686567164,0.33582089552238803,0.0,0.33582089552238803,1.6791044776119401,0.33582089552238803,MF
Amer Jamous,Jordan,Jordan,MF,23,2002,Unknown Club,1,0,15.0,0.2,0.0,0.0,0.0,0.0,0.0,0.0,0.0,0.0,0.0,0.0,0.0,0.0,0.0,0.0,0.0,0.0,0.0,0.0,0.0,0.0,15.0,5.6,0.0,0,1,15.0,2,0.0,0.0,1.0,-1.0,-6.0,-4.59,0.0,1.0,0.0,0.0,0.0,0.0,0.0,0.0,0.0,0.0,0.0,0.0,0.0,0.0,0.0,0.0,0.0,0.0,0.0,0.0,0.0,0.0,0.0,0.0,0.0,0.0,0.0,0.0,0.0,0.0,0.0,0.0,6.0,0.0,0.0,MF
Anas Badawi,Jordan,Jordan,DF,28,1997,Unknown Club,0,0,0.0,0.0,0.0,0.0,0.0,0.0,0.0,0.0,0.0,0.0,0.0,0.0,0.0,0.0,0.0,0.0,0.0,0.0,0.0,0.0,0.0,0.0,0.0,0.0,0.0,0,0,0.0,3,0.0,0.0,0.0,0.0,0.0,0.0,0.0,0.0,0.0,0.0,0.0,0.0,0.0,0.0,0.0,0.0,0.0,0.0,0.0,0.0,0.0,0.0,0.0,0.0,0.0,0.0,0.0,0.0,0.0,0.0,0.0,0.0,0.0,0.0,0.0,0.0,0.0,0.0,0.0,0.0,0.0,DF
Husam Abu Dahab,Jordan,Jordan,DF,26,2000,Unknown Club,2,2,178.0,2.0,0.0,0.0,0.0,0.0,0.0,0.0,1.0,0.0,0.0,0.0,0.0,0.0,0.0,0.0,0.0,0.0,0.0,0.0,0.0,0.0,89.0,65.9,89.0,0,0,0.0,1,0.0,2.0,5.0,-3.0,-1.52,0.44,0.0,2.0,1.0,0.0,0.0,0.0,3.0,0.0,0.0,0.0,0.0,0.0,0.0,0.0,0.0,0.0,0.0,0.0,0.0,0.0,0.0,0.0,0.0,0.0,0.0,0.0,0.0,0.0,0.0,0.0,0.0,1.5168539325842696,1.0112359550561798,0.0,0.0,DF
Ibrahim Sadeh,Jordan,Jordan,MF,26,2000,Unknown Club,0,0,0.0,0.0,0.0,0.0,0.0,0.0,0.0,0.0,0.0,0.0,0.0,0.0,0.0,0.0,0.0,0.0,0.0,0.0,0.0,0.0,0.0,0.0,0.0,0.0,0.0,0,0,0.0,3,0.0,0.0,0.0,0.0,0.0,0.0,0.0,0.0,0.0,0.0,0.0,0.0,0.0,0.0,0.0,0.0,0.0,0.0,0.0,0.0,0.0,0.0,0.0,0.0,0.0,0.0,0.0,0.0,0.0,0.0,0.0,0.0,0.0,0.0,0.0,0.0,0.0,0.0,0.0,0.0,0.0,MF
Ihsan Haddad,Jordan,Jordan,DF,32,1994,Unknown Club,3,3,260.0,2.9,0.0,1.0,1.0,0.0,0.0,0.0,0.0,0.0,0.0,0.35,0.35,0.0,0.35,1.0,0.0,0.0,0.35,0.0,0.0,0.0,87.0,96.3,87.0,2,0,0.0,0,0.0,3.0,7.0,-4.0,-1.38,7.62,0.0,3.0,1.0,0.0,8.0,2.0,1.0,0.0,0.0,0.0,0.0,0.0,0.0,0.0,0.0,0.0,0.0,0.0,0.0,0.0,0.0,0.0,0.0,0.0,0.0,0.0,0.0,0.34615384615384615,0.34615384615384615,0.0,0.6923076923076923,0.34615384615384615,1.0384615384615385,2.769230769230769,0.34615384615384615,DF
Mahmoud Al-Mardi,Jordan,Jordan,MF,32,1993,Unknown Club,3,1,130.0,1.4,0.0,0.0,0.0,0.0,0.0,0.0,0.0,0.0,0.0,0.0,0.0,0.0,0.0,1.0,1.0,100.0,0.69,0.69,0.0,0.0,43.0,48.1,75.0,0,2,28.0,0,0.0,2.0,3.0,-1.0,-0.69,1.88,0.0,4.0,2.0,0.0,7.0,0.0,1.0,0.0,0.0,0.0,0.0,0.0,0.0,0.0,0.0,0.0,0.0,0.0,0.0,0.0,0.0,0.0,0.0,0.0,0.0,0.0,0.0,0.0,0.6923076923076923,0.6923076923076923,0.0,0.6923076923076923,2.769230769230769,4.846153846153847,0.0,MF
Mo Abualnadi,Jordan,Jordan,DF,25,2001,Unknown Club,1,1,71.0,0.8,0.0,0.0,0.0,0.0,0.0,0.0,0.0,0.0,0.0,0.0,0.0,0.0,0.0,0.0,0.0,0.0,0.0,0.0,0.0,0.0,71.0,26.3,71.0,0,0,0.0,2,0.0,1.0,1.0,0.0,0.0,2.26,0.0,0.0,0.0,0.0,0.0,0.0,0.0,0.0,0.0,0.0,0.0,0.0,0.0,0.0,0.0,0.0,0.0,0.0,0.0,0.0,0.0,0.0,0.0,0.0,0.0,0.0,0.0,0.0,0.0,0.0,0.0,0.0,0.0,0.0,0.0,DF
Mohammad Abu Hasheesh,Jordan,Jordan,DF,31,1995,Unknown Club,1,0,6.0,0.1,0.0,0.0,0.0,0.0,0.0,0.0,0.0,0.0,0.0,0.0,0.0,0.0,0.0,0.0,0.0,0.0,0.0,0.0,0.0,0.0,6.0,2.2,0.0,0,1,6.0,2,0.0,0.0,0.0,0.0,0.0,1.7,0.0,0.0,0.0,0.0,0.0,0.0,2.0,0.0,0.0,0.0,0.0,0.0,0.0,0.0,0.0,0.0,0.0,0.0,0.0,0.0,0.0,0.0,0.0,0.0,0.0,0.0,0.0,0.0,0.0,0.0,0.0,30.0,0.0,0.0,0.0,DF
Mohammad Al-Dawud,Jordan,Jordan,"FW,MF",34,1992,Unknown Club,1,0,3.0,0.0,0.0,0.0,0.0,0.0,0.0,0.0,0.0,0.0,0.0,0.0,0.0,0.0,0.0,0.0,0.0,0.0,0.0,0.0,0.0,0.0,3.0,1.1,0.0,0,1,3.0,2,0.0,0.0,1.0,-1.0,-30.0,-28.65,0.0,0.0,0.0,0.0,0.0,0.0,0.0,0.0,0.0,0.0,0.0,0.0,0.0,0.0,0.0,0.0,0.0,0.0,0.0,0.0,0.0,0.0,0.0,0.0,0.0,0.0,0.0,0.0,0.0,0.0,0.0,0.0,0.0,0.0,0.0,MF
Mohammad Taha,Jordan,Jordan,MF,20,2005,Unknown Club,0,0,0.0,0.0,0.0,0.0,0.0,0.0,0.0,0.0,0.0,0.0,0.0,0.0,0.0,0.0,0.0,0.0,0.0,0.0,0.0,0.0,0.0,0.0,0.0,0.0,0.0,0,0,0.0,3,0.0,0.0,0.0,0.0,0.0,0.0,0.0,0.0,0.0,0.0,0.0,0.0,0.0,0.0,0.0,0.0,0.0,0.0,0.0,0.0,0.0,0.0,0.0,0.0,0.0,0.0,0.0,0.0,0.0,0.0,0.0,0.0,0.0,0.0,0.0,0.0,0.0,0.0,0.0,0.0,0.0,MF
Mohannad Abu Taha,Jordan,Jordan,DF,23,2003,Unknown Club,3,3,264.0,2.9,0.0,0.0,0.0,0.0,0.0,0.0,1.0,0.0,0.0,0.0,0.0,0.0,0.0,1.0,0.0,0.0,0.34,0.0,0.0,0.0,88.0,97.8,88.0,2,0,0.0,0,0.0,3.0,8.0,-5.0,-1.7,-1.7,0.0,2.0,1.0,0.0,5.0,6.0,2.0,0.0,0.0,0.0,0.0,0.0,0.0,0.0,0.0,0.0,0.0,0.0,0.0,0.0,0.0,0.0,0.0,0.0,0.0,0.0,0.0,0.0,0.34090909090909094,0.0,2.0454545454545454,0.6818181818181819,0.6818181818181819,1.7045454545454546,0.0,DF
Musa Al-Taamari,Jordan,Jordan,FW,29,1997,Rennes,3,2,215.0,2.4,1.0,1.0,2.0,1.0,0.0,0.0,0.0,0.0,0.42,0.42,0.84,0.42,0.84,8.0,3.0,37.5,3.35,1.26,0.13,0.33,72.0,79.6,85.0,0,1,45.0,0,0.0,3.0,5.0,-2.0,-0.84,4.07,0.0,2.0,3.0,1.0,0.0,0.0,0.0,0.0,0.0,0.0,0.0,0.0,0.0,0.0,0.0,0.0,0.0,0.0,0.0,0.0,0.0,0.0,0.0,0.0,0.0,0.0,0.41860465116279066,0.41860465116279066,3.3488372093023253,1.255813953488372,0.0,0.0,0.8372093023255813,0.0,0.8372093023255813,FW
Nizar Al Rashdan,Jordan,Jordan,MF,27,1999,Unknown Club,3,3,255.0,2.8,1.0,0.0,1.0,1.0,0.0,0.0,0.0,0.0,0.35,0.0,0.35,0.35,0.35,2.0,1.0,50.0,0.71,0.35,0.5,1.0,85.0,94.4,85.0,2,0,0.0,0,0.0,3.0,7.0,-4.0,-1.41,4.59,0.0,5.0,4.0,0.0,0.0,2.0,5.0,0.0,0.0,0.0,0.0,0.0,0.0,0.0,0.0,0.0,0.0,0.0,0.0,0.0,0.0,0.0,0.0,0.0,0.0,0.0,0.3529411764705882,0.0,0.7058823529411764,0.3529411764705882,0.7058823529411764,1.7647058823529411,1.7647058823529411,0.0,0.3529411764705882,MF
Noor Al Rawabdeh,Jordan,Jordan,MF,29,1997,Unknown Club,3,3,270.0,3.0,0.0,1.0,1.0,0.0,0.0,0.0,0.0,0.0,0.0,0.33,0.33,0.0,0.33,1.0,0.0,0.0,0.33,0.0,0.0,0.0,90.0,100.0,90.0,3,0,0.0,0,0.0,3.0,8.0,-5.0,-1.67,0.0,0.0,1.0,0.0,0.0,0.0,2.0,7.0,0.0,0.0,0.0,0.0,0.0,0.0,0.0,0.0,0.0,0.0,0.0,0.0,0.0,0.0,0.0,0.0,0.0,0.0,0.0,0.0,0.33333333333333337,0.33333333333333337,0.0,0.6666666666666667,2.3333333333333335,0.33333333333333337,0.0,0.33333333333333337,MF
Nour Bani Attiah,Jordan,Jordan,GK,33,1993,Unknown Club,0,0,0.0,0.0,0.0,0.0,0.0,0.0,0.0,0.0,0.0,0.0,0.0,0.0,0.0,0.0,0.0,0.0,0.0,0.0,0.0,0.0,0.0,0.0,0.0,0.0,0.0,0,0,0.0,3,0.0,0.0,0.0,0.0,0.0,0.0,0.0,0.0,0.0,0.0,0.0,0.0,0.0,0.0,0.0,0.0,0.0,0.0,0.0,0.0,0.0,0.0,0.0,0.0,0.0,0.0,0.0,0.0,0.0,0.0,0.0,0.0,0.0,0.0,0.0,0.0,0.0,0.0,0.0,0.0,0.0,GK
Odeh Al-Fakhouri,Jordan,Jordan,"MF,FW",20,2005,Unknown Club,3,2,148.0,1.6,0.0,0.0,0.0,0.0,0.0,0.0,0.0,0.0,0.0,0.0,0.0,0.0,0.0,2.0,1.0,50.0,1.22,0.61,0.0,0.0,49.0,54.8,67.0,0,1,15.0,0,0.0,1.0,5.0,-4.0,-2.43,-1.69,0.0,2.0,3.0,1.0,1.0,2.0,1.0,0.0,0.0,0.0,0.0,0.0,0.0,0.0,0.0,0.0,0.0,0.0,0.0,0.0,0.0,0.0,0.0,0.0,0.0,0.0,0.0,0.0,1.2162162162162162,0.6081081081081081,1.2162162162162162,0.6081081081081081,1.2162162162162162,0.6081081081081081,0.0,MF
Rajaei Ayed,Jordan,Jordan,MF,32,1993,Unknown Club,0,0,0.0,0.0,0.0,0.0,0.0,0.0,0.0,0.0,0.0,0.0,0.0,0.0,0.0,0.0,0.0,0.0,0.0,0.0,0.0,0.0,0.0,0.0,0.0,0.0,0.0,0,0,0.0,3,0.0,0.0,0.0,0.0,0.0,0.0,0.0,0.0,0.0,0.0,0.0,0.0,0.0,0.0,0.0,0.0,0.0,0.0,0.0,0.0,0.0,0.0,0.0,0.0,0.0,0.0,0.0,0.0,0.0,0.0,0.0,0.0,0.0,0.0,0.0,0.0,0.0,0.0,0.0,0.0,0.0,MF
Saed Al-Rosan,Jordan,Jordan,DF,29,1997,Unknown Club,1,0,10.0,0.1,0.0,0.0,0.0,0.0,0.0,0.0,0.0,0.0,0.0,0.0,0.0,0.0,0.0,0.0,0.0,0.0,0.0,0.0,0.0,0.0,10.0,3.7,0.0,0,1,10.0,2,0.0,0.0,1.0,-1.0,-9.0,-7.62,0.0,0.0,0.0,0.0,0.0,0.0,0.0,0.0,0.0,0.0,0.0,0.0,0.0,0.0,0.0,0.0,0.0,0.0,0.0,0.0,0.0,0.0,0.0,0.0,0.0,0.0,0.0,0.0,0.0,0.0,0.0,0.0,0.0,0.0,0.0,DF
Salim Obaid,Jordan,Jordan,DF,34,1992,Unknown Club,3,0,21.0,0.2,0.0,0.0,0.0,0.0,0.0,0.0,0.0,0.0,0.0,0.0,0.0,0.0,0.0,0.0,0.0,0.0,0.0,0.0,0.0,0.0,7.0,7.8,0.0,0,3,7.0,0,0.0,0.0,2.0,-2.0,-8.57,-7.49,0.0,1.0,0.0,0.0,0.0,0.0,2.0,0.0,0.0,0.0,0.0,0.0,0.0,0.0,0.0,0.0,0.0,0.0,0.0,0.0,0.0,0.0,0.0,0.0,0.0,0.0,0.0,0.0,0.0,0.0,0.0,8.571428571428571,4.285714285714286,0.0,0.0,DF
Sharara,Jordan,Jordan,FW,28,1997,Unknown Club,2,0,2.0,0.0,0.0,0.0,0.0,0.0,0.0,0.0,1.0,0.0,0.0,0.0,0.0,0.0,0.0,0.0,0.0,0.0,0.0,0.0,0.0,0.0,1.0,0.7,0.0,0,2,1.0,1,0.0,0.0,0.0,0.0,0.0,1.68,0.0,1.0,0.0,0.0,0.0,0.0,0.0,0.0,0.0,0.0,0.0,0.0,0.0,0.0,0.0,0.0,0.0,0.0,0.0,0.0,0.0,0.0,0.0,0.0,0.0,0.0,0.0,0.0,0.0,0.0,0.0,0.0,45.0,0.0,0.0,FW
Yazan Al-Arab,Jordan,Jordan,DF,30,1996,FC Seoul,3,3,270.0,3.0,0.0,0.0,0.0,0.0,0.0,0.0,1.0,0.0,0.0,0.0,0.0,0.0,0.0,0.0,0.0,0.0,0.0,0.0,0.0,0.0,90.0,100.0,90.0,3,0,0.0,0,0.0,3.0,8.0,-5.0,-1.67,0.0,0.0,4.0,0.0,0.0,0.0,11.0,1.0,1.0,0.0,0.0,0.0,0.0,0.0,0.0,0.0,0.0,0.0,0.0,0.0,0.0,0.0,0.0,0.0,0.0,0.0,0.0,0.0,0.0,0.0,0.0,3.666666666666667,0.33333333333333337,1.3333333333333335,0.0,0.0,DF
Yazeed Abulaila,Jordan,Jordan,GK,33,1993,Unknown Club,3,3,270.0,3.0,0.0,0.0,0.0,0.0,0.0,0.0,0.0,0.0,0.0,0.0,0.0,0.0,0.0,0.0,0.0,0.0,0.0,0.0,0.0,0.0,90.0,100.0,90.0,3,0,0.0,0,0.0,3.0,8.0,-5.0,-1.67,0.0,0.0,0.0,0.0,0.0,0.0,0.0,0.0,0.0,3.0,3.0,270.0,8.0,2.67,16.0,8.0,50.0,0.0,0.0,3.0,0.0,0.0,2.0,2.0,0.0,0.0,0.0,0.0,0.0,0.0,0.0,0.0,0.0,0.0,0.0,0.0,GK
Bae Jun-ho,Korea Republic,Korea Republic,"FW,MF",22,2003,Unknown Club,0,0,0.0,0.0,0.0,0.0,0.0,0.0,0.0,0.0,0.0,0.0,0.0,0.0,0.0,0.0,0.0,0.0,0.0,0.0,0.0,0.0,0.0,0.0,0.0,0.0,0.0,0,0,0.0,3,0.0,0.0,0.0,0.0,0.0,0.0,0.0,0.0,0.0,0.0,0.0,0.0,0.0,0.0,0.0,0.0,0.0,0.0,0.0,0.0,0.0,0.0,0.0,0.0,0.0,0.0,0.0,0.0,0.0,0.0,0.0,0.0,0.0,0.0,0.0,0.0,0.0,0.0,0.0,0.0,0.0,MF
Cho Gue-sung,Korea Republic,Korea Republic,FW,28,1998,Midtjylland,2,0,31.0,0.3,0.0,0.0,0.0,0.0,0.0,0.0,1.0,0.0,0.0,0.0,0.0,0.0,0.0,2.0,1.0,50.0,5.81,2.9,0.0,0.0,16.0,11.5,0.0,0,2,16.0,1,0.0,0.0,0.0,0.0,0.0,0.38,0.0,1.0,0.0,0.0,0.0,0.0,0.0,0.0,0.0,0.0,0.0,0.0,0.0,0.0,0.0,0.0,0.0,0.0,0.0,0.0,0.0,0.0,0.0,0.0,0.0,0.0,0.0,0.0,5.806451612903226,2.903225806451613,0.0,0.0,2.903225806451613,0.0,0.0,FW
Cho Wi-je,Korea Republic,Korea Republic,DF,24,2001,Unknown Club,0,0,0.0,0.0,0.0,0.0,0.0,0.0,0.0,0.0,0.0,0.0,0.0,0.0,0.0,0.0,0.0,0.0,0.0,0.0,0.0,0.0,0.0,0.0,0.0,0.0,0.0,0,0,0.0,3,0.0,0.0,0.0,0.0,0.0,0.0,0.0,0.0,0.0,0.0,0.0,0.0,0.0,0.0,0.0,0.0,0.0,0.0,0.0,0.0,0.0,0.0,0.0,0.0,0.0,0.0,0.0,0.0,0.0,0.0,0.0,0.0,0.0,0.0,0.0,0.0,0.0,0.0,0.0,0.0,0.0,DF
Eom Ji-sung,Korea Republic,Korea Republic,MF,24,2002,Swansea City,2,0,42.0,0.5,0.0,0.0,0.0,0.0,0.0,0.0,0.0,0.0,0.0,0.0,0.0,0.0,0.0,0.0,0.0,0.0,0.0,0.0,0.0,0.0,21.0,15.6,0.0,0,2,21.0,1,1.5,1.0,0.0,1.0,2.14,2.93,0.0,0.0,1.0,0.0,3.0,0.0,2.0,0.0,0.0,0.0,0.0,0.0,0.0,0.0,0.0,0.0,0.0,0.0,0.0,0.0,0.0,0.0,0.0,0.0,0.0,0.0,0.0,0.0,0.0,0.0,0.0,4.285714285714286,0.0,6.428571428571428,0.0,MF
Hwang Hee-chan,Korea Republic,Korea Republic,FW,30,1996,Wolves,3,1,108.0,1.2,0.0,0.0,0.0,0.0,0.0,0.0,0.0,0.0,0.0,0.0,0.0,0.0,0.0,1.0,0.0,0.0,0.83,0.0,0.0,0.0,36.0,40.0,45.0,0,2,32.0,0,1.0,2.0,0.0,2.0,1.67,3.33,0.0,1.0,2.0,0.0,0.0,0.0,1.0,0.0,0.0,0.0,0.0,0.0,0.0,0.0,0.0,0.0,0.0,0.0,0.0,0.0,0.0,0.0,0.0,0.0,0.0,0.0,0.0,0.0,0.8333333333333333,0.0,0.0,0.8333333333333333,0.8333333333333333,0.0,0.0,FW
Hwang In-beom,Korea Republic,Korea Republic,MF,29,1996,Feyenoord,3,3,263.0,2.9,1.0,1.0,2.0,1.0,0.0,0.0,0.0,0.0,0.34,0.34,0.68,0.34,0.68,4.0,2.0,50.0,1.37,0.68,0.25,0.5,88.0,97.4,88.0,2,0,0.0,0,1.0,2.0,3.0,-1.0,-0.34,-0.34,0.0,1.0,1.0,0.0,2.0,4.0,2.0,0.0,0.0,0.0,0.0,0.0,0.0,0.0,0.0,0.0,0.0,0.0,0.0,0.0,0.0,0.0,0.0,0.0,0.0,0.0,0.34220532319391633,0.34220532319391633,1.3688212927756653,0.6844106463878327,1.3688212927756653,0.6844106463878327,0.34220532319391633,0.6844106463878327,0.6844106463878327,MF
Jens Castrop,Korea Republic,Korea Republic,MF,22,2003,Gladbach,1,0,45.0,0.5,0.0,0.0,0.0,0.0,0.0,0.0,0.0,0.0,0.0,0.0,0.0,0.0,0.0,0.0,0.0,0.0,0.0,0.0,0.0,0.0,45.0,16.7,0.0,0,1,45.0,2,0.0,0.0,1.0,-1.0,-2.0,-2.0,0.0,3.0,0.0,0.0,3.0,0.0,0.0,0.0,0.0,0.0,0.0,0.0,0.0,0.0,0.0,0.0,0.0,0.0,0.0,0.0,0.0,0.0,0.0,0.0,0.0,0.0,0.0,0.0,0.0,0.0,0.0,0.0,6.0,6.0,0.0,MF
Jo Hyeon-woo,Korea Republic,Korea Republic,GK,34,1991,Unknown Club,0,0,0.0,0.0,0.0,0.0,0.0,0.0,0.0,0.0,0.0,0.0,0.0,0.0,0.0,0.0,0.0,0.0,0.0,0.0,0.0,0.0,0.0,0.0,0.0,0.0,0.0,0,0,0.0,3,0.0,0.0,0.0,0.0,0.0,0.0,0.0,0.0,0.0,0.0,0.0,0.0,0.0,0.0,0.0,0.0,0.0,0.0,0.0,0.0,0.0,0.0,0.0,0.0,0.0,0.0,0.0,0.0,0.0,0.0,0.0,0.0,0.0,0.0,0.0,0.0,0.0,0.0,0.0,0.0,0.0,GK
Kim Jin-gyu,Korea Republic,Korea Republic,MF,29,1997,Jeonbuk,2,0,52.0,0.6,0.0,0.0,0.0,0.0,0.0,0.0,0.0,0.0,0.0,0.0,0.0,0.0,0.0,1.0,0.0,0.0,1.73,0.0,0.0,0.0,26.0,19.3,0.0,0,2,26.0,1,1.5,0.0,1.0,-1.0,-1.73,-1.73,0.0,0.0,1.0,0.0,1.0,0.0,1.0,0.0,0.0,0.0,0.0,0.0,0.0,0.0,0.0,0.0,0.0,0.0,0.0,0.0,0.0,0.0,0.0,0.0,0.0,0.0,0.0,0.0,1.7307692307692308,0.0,0.0,1.7307692307692308,0.0,1.7307692307692308,0.0,MF
Kim Min-jae,Korea Republic,Korea Republic,DF,29,1996,Bayern Munich,3,3,245.0,2.7,0.0,0.0,0.0,0.0,0.0,0.0,0.0,0.0,0.0,0.0,0.0,0.0,0.0,1.0,1.0,100.0,0.37,0.37,0.0,0.0,82.0,90.7,82.0,2,0,0.0,0,1.0,2.0,3.0,-1.0,-0.37,-0.37,0.0,2.0,1.0,0.0,0.0,2.0,2.0,0.0,0.0,0.0,0.0,0.0,0.0,0.0,0.0,0.0,0.0,0.0,0.0,0.0,0.0,0.0,0.0,0.0,0.0,0.0,0.0,0.0,0.3673469387755102,0.3673469387755102,0.7346938775510204,0.7346938775510204,0.7346938775510204,0.0,0.0,DF
Kim Moon-hwan,Korea Republic,Korea Republic,MF,30,1995,Daejeon Hana,1,1,70.0,0.8,0.0,0.0,0.0,0.0,0.0,0.0,0.0,0.0,0.0,0.0,0.0,0.0,0.0,0.0,0.0,0.0,0.0,0.0,0.0,0.0,70.0,25.9,70.0,0,0,0.0,2,0.0,0.0,1.0,-1.0,-1.29,-1.29,0.0,0.0,0.0,0.0,0.0,1.0,1.0,0.0,0.0,0.0,0.0,0.0,0.0,0.0,0.0,0.0,0.0,0.0,0.0,0.0,0.0,0.0,0.0,0.0,0.0,0.0,0.0,0.0,0.0,0.0,1.2857142857142856,1.2857142857142856,0.0,0.0,0.0,MF
Kim Seung-gyu,Korea Republic,Korea Republic,GK,35,1990,FC Tokyo,3,3,270.0,3.0,0.0,0.0,0.0,0.0,0.0,0.0,0.0,0.0,0.0,0.0,0.0,0.0,0.0,0.0,0.0,0.0,0.0,0.0,0.0,0.0,90.0,100.0,90.0,3,0,0.0,0,1.0,2.0,3.0,-1.0,-0.33,0.0,0.0,0.0,0.0,0.0,0.0,0.0,0.0,0.0,3.0,3.0,270.0,3.0,1.0,12.0,9.0,75.0,1.0,0.0,2.0,0.0,0.0,0.0,0.0,0.0,0.0,0.0,0.0,0.0,0.0,0.0,0.0,0.0,0.0,0.0,0.0,GK
Kim Tae-hyeon,Korea Republic,Korea Republic,DF,25,2000,Unknown Club,0,0,0.0,0.0,0.0,0.0,0.0,0.0,0.0,0.0,0.0,0.0,0.0,0.0,0.0,0.0,0.0,0.0,0.0,0.0,0.0,0.0,0.0,0.0,0.0,0.0,0.0,0,0,0.0,3,0.0,0.0,0.0,0.0,0.0,0.0,0.0,0.0,0.0,0.0,0.0,0.0,0.0,0.0,0.0,0.0,0.0,0.0,0.0,0.0,0.0,0.0,0.0,0.0,0.0,0.0,0.0,0.0,0.0,0.0,0.0,0.0,0.0,0.0,0.0,0.0,0.0,0.0,0.0,0.0,0.0,DF
Lee Dong-gyeong,Korea Republic,Korea Republic,"FW,MF",28,1997,Unknown Club,0,0,0.0,0.0,0.0,0.0,0.0,0.0,0.0,0.0,0.0,0.0,0.0,0.0,0.0,0.0,0.0,0.0,0.0,0.0,0.0,0.0,0.0,0.0,0.0,0.0,0.0,0,0,0.0,3,0.0,0.0,0.0,0.0,0.0,0.0,0.0,0.0,0.0,0.0,0.0,0.0,0.0,0.0,0.0,0.0,0.0,0.0,0.0,0.0,0.0,0.0,0.0,0.0,0.0,0.0,0.0,0.0,0.0,0.0,0.0,0.0,0.0,0.0,0.0,0.0,0.0,0.0,0.0,0.0,0.0,MF
Lee Gi-hyuk,Korea Republic,Korea Republic,DF,25,2000,Gangwon FC,3,3,270.0,3.0,0.0,0.0,0.0,0.0,0.0,0.0,1.0,0.0,0.0,0.0,0.0,0.0,0.0,0.0,0.0,0.0,0.0,0.0,0.0,0.0,90.0,100.0,90.0,3,0,0.0,0,1.0,2.0,3.0,-1.0,-0.33,0.0,0.0,2.0,1.0,0.0,2.0,5.0,4.0,0.0,0.0,0.0,0.0,0.0,0.0,0.0,0.0,0.0,0.0,0.0,0.0,0.0,0.0,0.0,0.0,0.0,0.0,0.0,0.0,0.0,0.0,0.0,1.6666666666666665,1.3333333333333335,0.6666666666666667,0.6666666666666667,0.0,DF
Lee Han-beom,Korea Republic,Korea Republic,DF,23,2002,Midtjylland,3,3,270.0,3.0,0.0,0.0,0.0,0.0,0.0,0.0,0.0,0.0,0.0,0.0,0.0,0.0,0.0,2.0,0.0,0.0,0.67,0.0,0.0,0.0,90.0,100.0,90.0,3,0,0.0,0,1.0,2.0,3.0,-1.0,-0.33,0.0,0.0,7.0,2.0,0.0,2.0,3.0,2.0,0.0,0.0,0.0,0.0,0.0,0.0,0.0,0.0,0.0,0.0,0.0,0.0,0.0,0.0,0.0,0.0,0.0,0.0,0.0,0.0,0.0,0.6666666666666667,0.0,1.0,0.6666666666666667,2.3333333333333335,0.6666666666666667,0.0,DF
Lee Jae-sung,Korea Republic,Korea Republic,FW,33,1992,Mainz 05,2,2,117.0,1.3,0.0,0.0,0.0,0.0,0.0,0.0,0.0,0.0,0.0,0.0,0.0,0.0,0.0,2.0,1.0,50.0,1.54,0.77,0.0,0.0,59.0,43.3,59.0,0,0,0.0,1,1.5,0.0,2.0,-2.0,-1.54,-2.13,0.0,1.0,4.0,1.0,0.0,2.0,3.0,0.0,0.0,0.0,0.0,0.0,0.0,0.0,0.0,0.0,0.0,0.0,0.0,0.0,0.0,0.0,0.0,0.0,0.0,0.0,0.0,0.0,1.5384615384615385,0.7692307692307693,1.5384615384615385,2.3076923076923075,0.7692307692307693,0.0,0.0,FW
Lee Kang-in,Korea Republic,Korea Republic,FW,25,2001,PSG,3,3,270.0,3.0,0.0,1.0,1.0,0.0,0.0,0.0,1.0,0.0,0.0,0.33,0.33,0.0,0.33,4.0,1.0,25.0,1.33,0.33,0.0,0.0,90.0,100.0,90.0,3,0,0.0,0,1.0,2.0,3.0,-1.0,-0.33,0.0,0.0,1.0,7.0,0.0,19.0,0.0,0.0,0.0,0.0,0.0,0.0,0.0,0.0,0.0,0.0,0.0,0.0,0.0,0.0,0.0,0.0,0.0,0.0,0.0,0.0,0.0,0.0,0.33333333333333337,1.3333333333333335,0.33333333333333337,0.0,0.0,0.33333333333333337,6.333333333333334,0.33333333333333337,FW
Lee Tae-seok,Korea Republic,Korea Republic,MF,23,2002,Austria Wien,2,2,113.0,1.3,0.0,0.0,0.0,0.0,0.0,0.0,0.0,0.0,0.0,0.0,0.0,0.0,0.0,0.0,0.0,0.0,0.0,0.0,0.0,0.0,57.0,41.9,57.0,0,0,0.0,1,1.5,1.0,1.0,0.0,0.0,0.57,0.0,3.0,1.0,0.0,8.0,0.0,3.0,0.0,0.0,0.0,0.0,0.0,0.0,0.0,0.0,0.0,0.0,0.0,0.0,0.0,0.0,0.0,0.0,0.0,0.0,0.0,0.0,0.0,0.0,0.0,0.0,2.3893805309734515,2.3893805309734515,6.371681415929204,0.0,MF
Oh Hyeon-gyu,Korea Republic,Korea Republic,FW,25,2001,Beşiktaş,3,1,129.0,1.4,1.0,0.0,1.0,1.0,0.0,0.0,0.0,0.0,0.7,0.0,0.7,0.7,0.7,4.0,2.0,50.0,2.79,1.4,0.25,0.5,43.0,47.8,73.0,0,2,28.0,0,1.0,1.0,1.0,0.0,0.0,0.64,0.0,0.0,1.0,0.0,1.0,0.0,0.0,0.0,0.0,0.0,0.0,0.0,0.0,0.0,0.0,0.0,0.0,0.0,0.0,0.0,0.0,0.0,0.0,0.0,0.0,0.0,0.6976744186046512,0.0,2.7906976744186047,1.3953488372093024,0.0,0.0,0.0,0.6976744186046512,0.6976744186046512,FW
Paik Seung-ho,Korea Republic,Korea Republic,MF,29,1997,Birmingham City,3,3,204.0,2.3,0.0,0.0,0.0,0.0,0.0,0.0,1.0,0.0,0.0,0.0,0.0,0.0,0.0,0.0,0.0,0.0,0.0,0.0,0.0,0.0,68.0,75.6,68.0,0,0,0.0,0,1.0,2.0,2.0,0.0,0.0,1.36,0.0,1.0,2.0,0.0,1.0,1.0,0.0,0.0,0.0,0.0,0.0,0.0,0.0,0.0,0.0,0.0,0.0,0.0,0.0,0.0,0.0,0.0,0.0,0.0,0.0,0.0,0.0,0.0,0.0,0.0,0.4411764705882353,0.0,0.4411764705882353,0.4411764705882353,0.0,MF
Park Jinseob,Korea Republic,Korea Republic,"DF,MF",30,1995,Zhejiang,2,0,32.0,0.4,0.0,0.0,0.0,0.0,0.0,0.0,0.0,0.0,0.0,0.0,0.0,0.0,0.0,1.0,1.0,100.0,2.81,2.81,0.0,0.0,16.0,11.9,0.0,0,2,16.0,1,1.5,0.0,0.0,0.0,0.0,0.38,0.0,0.0,1.0,0.0,0.0,0.0,0.0,0.0,0.0,0.0,0.0,0.0,0.0,0.0,0.0,0.0,0.0,0.0,0.0,0.0,0.0,0.0,0.0,0.0,0.0,0.0,0.0,0.0,2.8125,2.8125,0.0,0.0,0.0,0.0,0.0,DF
Seol Young-woo,Korea Republic,Korea Republic,MF,27,1998,Red Star,3,3,250.0,2.8,0.0,0.0,0.0,0.0,0.0,0.0,0.0,0.0,0.0,0.0,0.0,0.0,0.0,2.0,0.0,0.0,0.72,0.0,0.0,0.0,83.0,92.6,83.0,2,0,0.0,0,1.0,2.0,3.0,-1.0,-0.36,-0.36,0.0,1.0,2.0,4.0,9.0,1.0,0.0,0.0,0.0,0.0,0.0,0.0,0.0,0.0,0.0,0.0,0.0,0.0,0.0,0.0,0.0,0.0,0.0,0.0,0.0,0.0,0.0,0.0,0.72,0.0,0.36,0.0,0.36,3.2399999999999998,0.0,MF
Son Heung-min,Korea Republic,Korea Republic,FW,33,1992,LAFC,3,2,169.0,1.9,0.0,0.0,0.0,0.0,0.0,0.0,0.0,0.0,0.0,0.0,0.0,0.0,0.0,7.0,1.0,14.3,3.73,0.53,0.0,0.0,56.0,62.6,62.0,0,1,45.0,0,1.0,1.0,3.0,-2.0,-1.07,-1.96,0.0,0.0,4.0,2.0,3.0,0.0,1.0,0.0,0.0,0.0,0.0,0.0,0.0,0.0,0.0,0.0,0.0,0.0,0.0,0.0,0.0,0.0,0.0,0.0,0.0,0.0,0.0,0.0,3.7278106508875744,0.5325443786982248,0.0,0.5325443786982248,0.0,1.5976331360946745,0.0,FW
Song Bum-keun,Korea Republic,Korea Republic,GK,28,1997,Unknown Club,0,0,0.0,0.0,0.0,0.0,0.0,0.0,0.0,0.0,0.0,0.0,0.0,0.0,0.0,0.0,0.0,0.0,0.0,0.0,0.0,0.0,0.0,0.0,0.0,0.0,0.0,0,0,0.0,3,0.0,0.0,0.0,0.0,0.0,0.0,0.0,0.0,0.0,0.0,0.0,0.0,0.0,0.0,0.0,0.0,0.0,0.0,0.0,0.0,0.0,0.0,0.0,0.0,0.0,0.0,0.0,0.0,0.0,0.0,0.0,0.0,0.0,0.0,0.0,0.0,0.0,0.0,0.0,0.0,0.0,GK
Yang Hyun-jun,Korea Republic,Korea Republic,"FW,MF",24,2002,Celtic,1,0,20.0,0.2,0.0,0.0,0.0,0.0,0.0,0.0,0.0,0.0,0.0,0.0,0.0,0.0,0.0,1.0,1.0,100.0,4.5,4.5,0.0,0.0,20.0,7.4,0.0,0,1,20.0,2,0.0,0.0,0.0,0.0,0.0,0.36,0.0,1.0,0.0,1.0,0.0,1.0,1.0,0.0,0.0,0.0,0.0,0.0,0.0,0.0,0.0,0.0,0.0,0.0,0.0,0.0,0.0,0.0,0.0,0.0,0.0,0.0,0.0,0.0,4.5,4.5,4.5,4.5,4.5,0.0,0.0,MF
Alexis Vega,Mexico,Mexico,"FW,MF",28,1997,Toluca,1,0,12.0,0.1,0.0,0.0,0.0,0.0,0.0,0.0,0.0,0.0,0.0,0.0,0.0,0.0,0.0,0.0,0.0,0.0,0.0,0.0,0.0,0.0,12.0,2.7,0.0,0,1,12.0,4,3.0,0.0,0.0,0.0,0.0,-1.44,0.0,0.0,0.0,0.0,1.0,0.0,0.0,0.0,0.0,0.0,0.0,0.0,0.0,0.0,0.0,0.0,0.0,0.0,0.0,0.0,0.0,0.0,0.0,0.0,0.0,0.0,0.0,0.0,0.0,0.0,0.0,0.0,0.0,7.5,0.0,MF
Armando González,Mexico,Mexico,FW,23,2003,Guadalajara,1,0,15.0,0.2,0.0,0.0,0.0,0.0,0.0,0.0,0.0,0.0,0.0,0.0,0.0,0.0,0.0,0.0,0.0,0.0,0.0,0.0,0.0,0.0,15.0,3.3,0.0,0,1,15.0,4,3.0,0.0,0.0,0.0,0.0,-1.45,0.0,1.0,0.0,0.0,0.0,0.0,0.0,0.0,0.0,0.0,0.0,0.0,0.0,0.0,0.0,0.0,0.0,0.0,0.0,0.0,0.0,0.0,0.0,0.0,0.0,0.0,0.0,0.0,0.0,0.0,0.0,0.0,6.0,0.0,0.0,FW
Brian Gutiérrez,Mexico,Mexico,MF,22,2003,Guadalajara,4,2,198.0,2.2,0.0,0.0,0.0,0.0,0.0,0.0,1.0,0.0,0.0,0.0,0.0,0.0,0.0,6.0,0.0,0.0,2.73,0.0,0.0,0.0,50.0,44.0,68.0,0,2,32.0,1,2.25,3.0,0.0,3.0,1.36,-0.06,0.0,5.0,3.0,0.0,5.0,2.0,1.0,0.0,0.0,0.0,0.0,0.0,0.0,0.0,0.0,0.0,0.0,0.0,0.0,0.0,0.0,0.0,0.0,0.0,0.0,0.0,0.0,0.0,2.7272727272727275,0.0,0.9090909090909092,0.4545454545454546,2.2727272727272725,2.2727272727272725,0.0,MF
Carlos Acevedo,Mexico,Mexico,GK,30,1996,Unknown Club,0,0,0.0,0.0,0.0,0.0,0.0,0.0,0.0,0.0,0.0,0.0,0.0,0.0,0.0,0.0,0.0,0.0,0.0,0.0,0.0,0.0,0.0,0.0,0.0,0.0,0.0,0,0,0.0,5,0.0,0.0,0.0,0.0,0.0,0.0,0.0,0.0,0.0,0.0,0.0,0.0,0.0,0.0,0.0,0.0,0.0,0.0,0.0,0.0,0.0,0.0,0.0,0.0,0.0,0.0,0.0,0.0,0.0,0.0,0.0,0.0,0.0,0.0,0.0,0.0,0.0,0.0,0.0,0.0,0.0,GK
César Huerta,Mexico,Mexico,"FW,MF",25,2000,Anderlecht,1,0,7.0,0.1,0.0,0.0,0.0,0.0,0.0,0.0,0.0,0.0,0.0,0.0,0.0,0.0,0.0,0.0,0.0,0.0,0.0,0.0,0.0,0.0,7.0,1.6,0.0,0,1,7.0,4,3.0,0.0,0.0,0.0,0.0,-1.42,0.0,0.0,0.0,0.0,0.0,0.0,0.0,0.0,0.0,0.0,0.0,0.0,0.0,0.0,0.0,0.0,0.0,0.0,0.0,0.0,0.0,0.0,0.0,0.0,0.0,0.0,0.0,0.0,0.0,0.0,0.0,0.0,0.0,0.0,0.0,MF
César Montes,Mexico,Mexico,DF,29,1997,Loko Moscow,4,4,314.0,3.5,0.0,0.0,0.0,0.0,0.0,0.0,0.0,1.0,0.0,0.0,0.0,0.0,0.0,1.0,1.0,100.0,0.29,0.29,0.0,0.0,79.0,69.8,79.0,2,0,0.0,0,2.25,8.0,2.0,6.0,1.72,1.06,0.0,4.0,3.0,0.0,2.0,2.0,1.0,0.0,0.0,0.0,0.0,0.0,0.0,0.0,0.0,0.0,0.0,0.0,0.0,0.0,0.0,0.0,0.0,0.0,0.0,0.0,0.0,0.0,0.28662420382165604,0.28662420382165604,0.5732484076433121,0.28662420382165604,1.1464968152866242,0.5732484076433121,0.0,DF
Edson Álvarez,Mexico,Mexico,"MF,DF",28,1997,West Ham,4,2,240.0,2.7,0.0,0.0,0.0,0.0,0.0,0.0,1.0,0.0,0.0,0.0,0.0,0.0,0.0,2.0,0.0,0.0,0.75,0.0,0.0,0.0,60.0,53.3,90.0,2,2,30.0,1,2.25,5.0,1.0,4.0,1.5,0.21,0.0,5.0,2.0,0.0,1.0,3.0,6.0,0.0,0.0,0.0,0.0,0.0,0.0,0.0,0.0,0.0,0.0,0.0,0.0,0.0,0.0,0.0,0.0,0.0,0.0,0.0,0.0,0.0,0.75,0.0,1.125,2.25,1.875,0.375,0.0,DF
Erik Lira,Mexico,Mexico,MF,26,2000,Cruz Azul,4,4,345.0,3.8,0.0,1.0,1.0,0.0,0.0,0.0,0.0,0.0,0.0,0.26,0.26,0.0,0.26,0.0,0.0,0.0,0.0,0.0,0.0,0.0,86.0,76.7,86.0,3,0,0.0,1,2.25,7.0,3.0,4.0,1.04,-1.53,0.0,3.0,4.0,0.0,2.0,2.0,3.0,0.0,0.0,0.0,0.0,0.0,0.0,0.0,0.0,0.0,0.0,0.0,0.0,0.0,0.0,0.0,0.0,0.0,0.0,0.0,0.0,0.2608695652173913,0.0,0.0,0.5217391304347826,0.782608695652174,0.782608695652174,0.5217391304347826,0.2608695652173913,MF
Gilberto Mora,Mexico,Mexico,MF,17,2008,Tijuana,4,3,213.0,2.4,0.0,0.0,0.0,0.0,0.0,0.0,0.0,0.0,0.0,0.0,0.0,0.0,0.0,5.0,0.0,0.0,2.11,0.0,0.0,0.0,53.0,47.3,63.0,0,1,25.0,1,2.25,6.0,3.0,3.0,1.27,-0.25,0.0,3.0,3.0,0.0,4.0,2.0,2.0,0.0,0.0,0.0,0.0,0.0,0.0,0.0,0.0,0.0,0.0,0.0,0.0,0.0,0.0,0.0,0.0,0.0,0.0,0.0,0.0,0.0,2.112676056338028,0.0,0.8450704225352113,0.8450704225352113,1.267605633802817,1.6901408450704225,0.0,MF
Guillermo Martínez Ayala,Mexico,Mexico,FW,31,1995,UNAM,2,1,72.0,0.8,0.0,0.0,0.0,0.0,0.0,0.0,0.0,0.0,0.0,0.0,0.0,0.0,0.0,0.0,0.0,0.0,0.0,0.0,0.0,0.0,36.0,16.0,62.0,0,1,10.0,3,1.5,2.0,0.0,2.0,2.5,1.31,0.0,3.0,1.0,0.0,0.0,0.0,0.0,0.0,0.0,0.0,0.0,0.0,0.0,0.0,0.0,0.0,0.0,0.0,0.0,0.0,0.0,0.0,0.0,0.0,0.0,0.0,0.0,0.0,0.0,0.0,0.0,0.0,3.75,0.0,0.0,FW
Guillermo Ochoa,Mexico,Mexico,GK,40,1985,Unknown Club,1,0,13.0,0.1,0.0,0.0,0.0,0.0,0.0,0.0,0.0,0.0,0.0,0.0,0.0,0.0,0.0,0.0,0.0,0.0,0.0,0.0,0.0,0.0,13.0,2.9,0.0,0,1,13.0,4,3.0,1.0,0.0,1.0,6.92,5.69,0.0,0.0,0.0,0.0,0.0,0.0,0.0,0.0,1.0,0.0,13.0,0.0,0.0,0.0,0.0,0.0,0.0,0.0,0.0,1.0,0.0,0.0,0.0,0.0,0.0,0.0,0.0,0.0,0.0,0.0,0.0,0.0,0.0,0.0,0.0,GK
Israel Reyes,Mexico,Mexico,DF,26,2000,América,4,2,202.0,2.2,0.0,0.0,0.0,0.0,0.0,0.0,0.0,0.0,0.0,0.0,0.0,0.0,0.0,2.0,0.0,0.0,0.89,0.0,0.0,0.0,51.0,44.9,90.0,2,2,11.0,1,3.0,5.0,0.0,5.0,2.23,1.5,0.0,1.0,0.0,0.0,2.0,3.0,1.0,0.0,0.0,0.0,0.0,0.0,0.0,0.0,0.0,0.0,0.0,0.0,0.0,0.0,0.0,0.0,0.0,0.0,0.0,0.0,0.0,0.0,0.8910891089108911,0.0,1.3366336633663365,0.44554455445544555,0.44554455445544555,0.8910891089108911,0.0,DF
Jesús Gallardo,Mexico,Mexico,DF,31,1994,Toluca,5,4,373.0,4.1,0.0,0.0,0.0,0.0,0.0,0.0,0.0,0.0,0.0,0.0,0.0,0.0,0.0,4.0,0.0,0.0,0.97,0.0,0.0,0.0,75.0,82.9,90.0,4,1,13.0,0,2.4,8.0,3.0,5.0,1.21,-1.13,0.0,7.0,3.0,0.0,16.0,7.0,1.0,0.0,0.0,0.0,0.0,0.0,0.0,0.0,0.0,0.0,0.0,0.0,0.0,0.0,0.0,0.0,0.0,0.0,0.0,0.0,0.0,0.0,0.9651474530831099,0.0,1.6890080428954422,0.24128686327077747,1.6890080428954422,3.8605898123324396,0.0,DF
Johan Vásquez,Mexico,Mexico,DF,27,1998,Genoa,4,4,360.0,4.0,0.0,0.0,0.0,0.0,0.0,0.0,1.0,0.0,0.0,0.0,0.0,0.0,0.0,1.0,0.0,0.0,0.25,0.0,0.0,0.0,90.0,80.0,90.0,4,0,0.0,1,2.25,7.0,3.0,4.0,1.0,-2.0,0.0,0.0,2.0,0.0,1.0,2.0,1.0,0.0,0.0,0.0,0.0,0.0,0.0,0.0,0.0,0.0,0.0,0.0,0.0,0.0,0.0,0.0,0.0,0.0,0.0,0.0,0.0,0.0,0.25,0.0,0.5,0.25,0.0,0.25,0.0,DF
Jorge Sánchez,Mexico,Mexico,DF,28,1997,PAOK,4,4,348.0,3.9,0.0,1.0,1.0,0.0,0.0,0.0,1.0,0.0,0.0,0.26,0.26,0.0,0.26,1.0,1.0,100.0,0.26,0.26,0.0,0.0,87.0,77.3,87.0,3,0,0.0,1,2.25,8.0,3.0,5.0,1.29,-0.47,0.0,5.0,1.0,1.0,6.0,5.0,4.0,0.0,0.0,0.0,0.0,0.0,0.0,0.0,0.0,0.0,0.0,0.0,0.0,0.0,0.0,0.0,0.0,0.0,0.0,0.0,0.0,0.25862068965517243,0.25862068965517243,0.25862068965517243,1.293103448275862,1.0344827586206897,1.293103448275862,1.5517241379310345,0.25862068965517243,DF
Julián Quiñones,Mexico,Mexico,"FW,MF",29,1997,Al-Qadsiah,5,5,410.0,4.6,4.0,1.0,5.0,4.0,0.0,0.0,0.0,0.0,0.88,0.22,1.1,0.88,1.1,14.0,6.0,42.9,3.07,1.32,0.29,0.67,82.0,91.1,82.0,1,0,0.0,0,2.4,10.0,3.0,7.0,1.54,1.54,0.0,5.0,7.0,1.0,3.0,0.0,0.0,0.0,0.0,0.0,0.0,0.0,0.0,0.0,0.0,0.0,0.0,0.0,0.0,0.0,0.0,0.0,0.0,0.0,0.0,0.0,0.8780487804878049,0.21951219512195122,3.073170731707317,1.3170731707317074,0.0,0.0,1.0975609756097562,0.6585365853658537,1.0975609756097562,MF
Luis Chávez,Mexico,Mexico,MF,30,1996,Dynamo Moskva,1,0,25.0,0.3,0.0,0.0,0.0,0.0,0.0,0.0,0.0,0.0,0.0,0.0,0.0,0.0,0.0,0.0,0.0,0.0,0.0,0.0,0.0,0.0,25.0,5.6,0.0,0,1,25.0,4,3.0,1.0,0.0,1.0,3.6,2.33,0.0,1.0,0.0,0.0,1.0,0.0,1.0,0.0,0.0,0.0,0.0,0.0,0.0,0.0,0.0,0.0,0.0,0.0,0.0,0.0,0.0,0.0,0.0,0.0,0.0,0.0,0.0,0.0,0.0,0.0,0.0,3.6,3.6,3.6,0.0,MF
Luis Romo,Mexico,Mexico,MF,31,1995,Guadalajara,4,4,264.0,2.9,1.0,1.0,2.0,1.0,0.0,0.0,0.0,0.0,0.34,0.34,0.68,0.34,0.68,3.0,1.0,33.3,1.02,0.34,0.33,1.0,66.0,58.7,66.0,0,0,0.0,1,2.25,6.0,3.0,3.0,1.02,-0.91,0.0,1.0,3.0,0.0,1.0,4.0,4.0,0.0,0.0,0.0,0.0,0.0,0.0,0.0,0.0,0.0,0.0,0.0,0.0,0.0,0.0,0.0,0.0,0.0,0.0,0.0,0.34090909090909094,0.34090909090909094,1.0227272727272727,0.34090909090909094,1.3636363636363638,1.3636363636363638,0.34090909090909094,0.34090909090909094,0.6818181818181819,MF
Mateo Chávez,Mexico,Mexico,DF,22,2004,AZ Alkmaar,1,1,77.0,0.9,1.0,0.0,1.0,1.0,0.0,0.0,0.0,0.0,1.17,0.0,1.17,1.17,1.17,1.0,1.0,100.0,1.17,1.17,1.0,1.0,77.0,17.1,77.0,0,0,0.0,4,3.0,2.0,0.0,2.0,2.34,1.13,0.0,1.0,1.0,0.0,1.0,0.0,1.0,0.0,0.0,0.0,0.0,0.0,0.0,0.0,0.0,0.0,0.0,0.0,0.0,0.0,0.0,0.0,0.0,0.0,0.0,0.0,1.168831168831169,0.0,1.168831168831169,1.168831168831169,0.0,1.168831168831169,1.168831168831169,1.168831168831169,1.168831168831169,DF
Obed Vargas,Mexico,Mexico,MF,20,2005,Atlético Madrid,3,0,66.0,0.7,0.0,0.0,0.0,0.0,0.0,0.0,0.0,0.0,0.0,0.0,0.0,0.0,0.0,1.0,1.0,100.0,1.36,1.36,0.0,0.0,22.0,14.7,0.0,0,3,22.0,2,3.0,1.0,0.0,1.0,1.36,-0.04,0.0,1.0,0.0,0.0,0.0,1.0,2.0,0.0,0.0,0.0,0.0,0.0,0.0,0.0,0.0,0.0,0.0,0.0,0.0,0.0,0.0,0.0,0.0,0.0,0.0,0.0,0.0,0.0,1.3636363636363638,1.3636363636363638,1.3636363636363638,2.7272727272727275,1.3636363636363638,0.0,0.0,MF
Orbelín Pineda,Mexico,Mexico,"FW,MF",30,1996,AEK Athens,2,0,31.0,0.3,0.0,0.0,0.0,0.0,0.0,0.0,0.0,0.0,0.0,0.0,0.0,0.0,0.0,1.0,0.0,0.0,2.9,0.0,0.0,0.0,16.0,6.9,0.0,0,2,16.0,3,3.0,0.0,0.0,0.0,0.0,-1.5,0.0,0.0,2.0,0.0,0.0,0.0,0.0,0.0,0.0,0.0,0.0,0.0,0.0,0.0,0.0,0.0,0.0,0.0,0.0,0.0,0.0,0.0,0.0,0.0,0.0,0.0,0.0,0.0,2.903225806451613,0.0,0.0,0.0,0.0,0.0,0.0,MF
Raúl Jiménez,Mexico,Mexico,FW,35,1991,Fulham,4,4,317.0,3.5,3.0,0.0,3.0,2.0,1.0,1.0,0.0,0.0,0.85,0.0,0.85,0.57,0.57,18.0,7.0,38.9,5.11,1.99,0.11,0.29,79.0,70.4,79.0,1,0,0.0,1,2.25,7.0,3.0,4.0,1.14,-0.89,0.0,7.0,2.0,2.0,0.0,0.0,1.0,0.0,0.0,0.0,0.0,0.0,0.0,0.0,0.0,0.0,0.0,0.0,0.0,0.0,0.0,0.0,0.0,0.0,0.0,0.0,0.8517350157728707,0.0,5.110410094637224,1.9873817034700316,0.0,0.28391167192429023,1.9873817034700316,0.0,0.8517350157728707,FW
Raúl Rangel,Mexico,Mexico,GK,26,2000,Guadalajara,5,5,437.0,4.9,0.0,0.0,0.0,0.0,0.0,0.0,0.0,0.0,0.0,0.0,0.0,0.0,0.0,0.0,0.0,0.0,0.0,0.0,0.0,0.0,87.0,97.1,87.0,4,0,0.0,0,2.4,9.0,3.0,6.0,1.24,-5.69,0.0,1.0,0.0,0.0,0.0,0.0,0.0,0.0,5.0,5.0,437.0,3.0,0.62,11.0,8.0,72.7,4.0,0.0,1.0,4.0,80.0,1.0,1.0,0.0,0.0,0.0,0.0,0.0,0.0,0.0,0.0,0.0,0.20594965675057209,0.0,0.0,GK
Roberto Alvarado,Mexico,Mexico,"FW,MF",27,1998,Guadalajara,5,5,428.0,4.8,0.0,3.0,3.0,0.0,0.0,0.0,0.0,0.0,0.0,0.63,0.63,0.0,0.63,5.0,0.0,0.0,1.05,0.0,0.0,0.0,86.0,95.1,86.0,3,0,0.0,0,2.4,10.0,3.0,7.0,1.47,1.47,0.0,3.0,5.0,1.0,36.0,2.0,3.0,0.0,0.0,0.0,0.0,0.0,0.0,0.0,0.0,0.0,0.0,0.0,0.0,0.0,0.0,0.0,0.0,0.0,0.0,0.0,0.0,0.6308411214953271,1.0514018691588785,0.0,0.4205607476635514,0.6308411214953271,0.6308411214953271,7.5700934579439245,0.6308411214953271,MF
Santiago Giménez,Mexico,Mexico,FW,25,2001,Milan,4,0,86.0,1.0,0.0,0.0,0.0,0.0,0.0,0.0,0.0,0.0,0.0,0.0,0.0,0.0,0.0,2.0,1.0,50.0,2.09,1.05,0.0,0.0,22.0,19.1,0.0,0,4,22.0,1,2.25,2.0,0.0,2.0,2.09,0.86,0.0,1.0,3.0,0.0,0.0,0.0,0.0,0.0,0.0,0.0,0.0,0.0,0.0,0.0,0.0,0.0,0.0,0.0,0.0,0.0,0.0,0.0,0.0,0.0,0.0,0.0,0.0,0.0,2.0930232558139537,1.0465116279069768,0.0,0.0,1.0465116279069768,0.0,0.0,FW
Álvaro Fidalgo,Mexico,Mexico,MF,29,1997,Real Betis,3,1,96.0,1.1,1.0,0.0,1.0,1.0,0.0,0.0,0.0,0.0,0.94,0.0,0.94,0.94,0.94,3.0,2.0,66.7,2.81,1.87,0.33,0.5,32.0,21.3,65.0,0,2,16.0,2,2.0,2.0,0.0,2.0,1.87,0.6,0.0,0.0,2.0,0.0,4.0,1.0,0.0,0.0,0.0,0.0,0.0,0.0,0.0,0.0,0.0,0.0,0.0,0.0,0.0,0.0,0.0,0.0,0.0,0.0,0.0,0.0,0.9375,0.0,2.8125,1.875,0.9375,0.0,0.0,3.75,0.9375,MF
Achraf Hakimi,Morocco,Morocco,DF,27,1998,PSG,6,6,570.0,6.3,1.0,2.0,3.0,1.0,0.0,0.0,1.0,0.0,0.16,0.32,0.47,0.16,0.47,14.0,4.0,28.6,2.21,0.63,0.07,0.25,95.0,100.0,95.0,6,0,0.0,0,1.83,10.0,6.0,4.0,0.63,0.0,0.0,7.0,16.0,0.0,35.0,5.0,10.0,0.0,0.0,0.0,0.0,0.0,0.0,0.0,0.0,0.0,0.0,0.0,0.0,0.0,0.0,0.0,0.0,0.0,0.0,0.0,0.15789473684210525,0.3157894736842105,2.210526315789474,0.631578947368421,0.7894736842105263,1.5789473684210527,1.105263157894737,5.526315789473684,0.47368421052631576,DF
Ahmed Reda Tagnaouti,Morocco,Morocco,GK,30,1996,Unknown Club,0,0,0.0,0.0,0.0,0.0,0.0,0.0,0.0,0.0,0.0,0.0,0.0,0.0,0.0,0.0,0.0,0.0,0.0,0.0,0.0,0.0,0.0,0.0,0.0,0.0,0.0,0,0,0.0,6,0.0,0.0,0.0,0.0,0.0,0.0,0.0,0.0,0.0,0.0,0.0,0.0,0.0,0.0,0.0,0.0,0.0,0.0,0.0,0.0,0.0,0.0,0.0,0.0,0.0,0.0,0.0,0.0,0.0,0.0,0.0,0.0,0.0,0.0,0.0,0.0,0.0,0.0,0.0,0.0,0.0,GK
Amine Sbai,Morocco,Morocco,"FW,MF",25,2000,Angers,1,0,6.0,0.1,0.0,0.0,0.0,0.0,0.0,0.0,0.0,0.0,0.0,0.0,0.0,0.0,0.0,0.0,0.0,0.0,0.0,0.0,0.0,0.0,6.0,1.1,0.0,0,1,6.0,5,0.0,0.0,0.0,0.0,0.0,-0.64,0.0,2.0,0.0,0.0,2.0,0.0,0.0,0.0,0.0,0.0,0.0,0.0,0.0,0.0,0.0,0.0,0.0,0.0,0.0,0.0,0.0,0.0,0.0,0.0,0.0,0.0,0.0,0.0,0.0,0.0,0.0,0.0,30.0,30.0,0.0,MF
Anass Salah-Eddine,Morocco,Morocco,DF,24,2002,PSV,4,2,212.0,2.4,0.0,0.0,0.0,0.0,0.0,0.0,0.0,0.0,0.0,0.0,0.0,0.0,0.0,1.0,0.0,0.0,0.42,0.0,0.0,0.0,53.0,37.2,78.0,0,2,29.0,2,1.25,4.0,4.0,0.0,0.0,-1.01,0.0,3.0,2.0,0.0,3.0,0.0,5.0,0.0,0.0,0.0,0.0,0.0,0.0,0.0,0.0,0.0,0.0,0.0,0.0,0.0,0.0,0.0,0.0,0.0,0.0,0.0,0.0,0.0,0.4245283018867924,0.0,0.0,2.1226415094339623,1.2735849056603774,1.2735849056603774,0.0,DF
Ayoub El Kaabi,Morocco,Morocco,FW,32,1993,Olympiacos,1,1,69.0,0.8,0.0,0.0,0.0,0.0,0.0,0.0,0.0,0.0,0.0,0.0,0.0,0.0,0.0,3.0,2.0,66.7,3.91,2.61,0.0,0.0,69.0,12.1,69.0,0,0,0.0,5,3.0,2.0,2.0,0.0,0.0,-0.72,0.0,1.0,1.0,3.0,0.0,0.0,2.0,0.0,0.0,0.0,0.0,0.0,0.0,0.0,0.0,0.0,0.0,0.0,0.0,0.0,0.0,0.0,0.0,0.0,0.0,0.0,0.0,0.0,3.9130434782608696,2.608695652173913,0.0,2.608695652173913,1.3043478260869565,0.0,0.0,FW
Ayoube Amaimouni,Morocco,Morocco,MF,21,2004,Frankfurt,2,0,18.0,0.2,0.0,0.0,0.0,0.0,0.0,0.0,0.0,0.0,0.0,0.0,0.0,0.0,0.0,2.0,1.0,50.0,10.0,5.0,0.0,0.0,9.0,3.2,0.0,0,2,9.0,4,2.0,0.0,0.0,0.0,0.0,-0.65,0.0,1.0,0.0,0.0,1.0,0.0,1.0,0.0,0.0,0.0,0.0,0.0,0.0,0.0,0.0,0.0,0.0,0.0,0.0,0.0,0.0,0.0,0.0,0.0,0.0,0.0,0.0,0.0,10.0,5.0,0.0,5.0,5.0,5.0,0.0,MF
Ayyoub Bouaddi,Morocco,Morocco,MF,18,2007,Lille,5,5,381.0,4.2,0.0,0.0,0.0,0.0,0.0,0.0,0.0,0.0,0.0,0.0,0.0,0.0,0.0,3.0,0.0,0.0,0.71,0.0,0.0,0.0,76.0,66.8,76.0,2,0,0.0,1,1.6,3.0,3.0,0.0,0.0,-1.9,0.0,3.0,6.0,0.0,0.0,1.0,3.0,0.0,0.0,0.0,0.0,0.0,0.0,0.0,0.0,0.0,0.0,0.0,0.0,0.0,0.0,0.0,0.0,0.0,0.0,0.0,0.0,0.0,0.7086614173228346,0.0,0.23622047244094488,0.7086614173228346,0.7086614173228346,0.0,0.0,MF
Azzedine Ounahi,Morocco,Morocco,MF,26,2000,Girona,6,5,435.0,4.8,2.0,0.0,2.0,2.0,0.0,0.0,1.0,0.0,0.41,0.0,0.41,0.41,0.41,5.0,3.0,60.0,1.03,0.62,0.4,0.67,73.0,76.3,83.0,1,1,21.0,0,1.83,6.0,4.0,2.0,0.41,-0.92,0.0,3.0,7.0,0.0,4.0,1.0,1.0,0.0,0.0,0.0,0.0,0.0,0.0,0.0,0.0,0.0,0.0,0.0,0.0,0.0,0.0,0.0,0.0,0.0,0.0,0.0,0.41379310344827586,0.0,1.0344827586206897,0.6206896551724138,0.20689655172413793,0.20689655172413793,0.6206896551724138,0.8275862068965517,0.41379310344827586,MF
Bilal El Khannouss,Morocco,Morocco,"MF,FW",22,2004,Stuttgart,6,6,461.0,5.1,0.0,0.0,0.0,0.0,0.0,0.0,1.0,0.0,0.0,0.0,0.0,0.0,0.0,6.0,4.0,66.7,1.17,0.78,0.0,0.0,77.0,80.9,77.0,1,0,0.0,0,1.83,7.0,5.0,2.0,0.39,-1.26,0.0,5.0,6.0,0.0,10.0,1.0,7.0,0.0,0.0,0.0,0.0,0.0,0.0,0.0,0.0,0.0,0.0,0.0,0.0,0.0,0.0,0.0,0.0,0.0,0.0,0.0,0.0,0.0,1.1713665943600868,0.7809110629067245,0.19522776572668113,1.3665943600867678,0.9761388286334056,1.9522776572668112,0.0,MF
Brahim Díaz,Morocco,Morocco,MF,26,1999,Real Madrid,6,6,457.0,5.1,0.0,4.0,4.0,0.0,0.0,0.0,0.0,0.0,0.0,0.79,0.79,0.0,0.79,6.0,1.0,16.7,1.18,0.2,0.0,0.0,76.0,80.2,76.0,1,0,0.0,0,1.83,7.0,6.0,1.0,0.2,-2.19,0.0,3.0,10.0,0.0,8.0,4.0,2.0,0.0,0.0,0.0,0.0,0.0,0.0,0.0,0.0,0.0,0.0,0.0,0.0,0.0,0.0,0.0,0.0,0.0,0.0,0.0,0.0,0.787746170678337,1.1816192560175054,0.19693654266958424,0.787746170678337,0.3938730853391685,0.5908096280087527,1.575492341356674,0.787746170678337,MF
Chadi Riad,Morocco,Morocco,DF,22,2003,Crystal Palace,4,4,344.0,3.8,0.0,1.0,1.0,0.0,0.0,0.0,0.0,0.0,0.0,0.26,0.26,0.0,0.26,1.0,0.0,0.0,0.26,0.0,0.0,0.0,86.0,60.4,86.0,3,0,0.0,2,2.0,6.0,4.0,2.0,0.52,-0.27,0.0,0.0,1.0,0.0,0.0,4.0,1.0,0.0,0.0,0.0,0.0,0.0,0.0,0.0,0.0,0.0,0.0,0.0,0.0,0.0,0.0,0.0,0.0,0.0,0.0,0.0,0.0,0.2616279069767442,0.2616279069767442,0.0,1.0465116279069768,0.2616279069767442,0.0,0.0,0.2616279069767442,DF
Chemsdine Talbi,Morocco,Morocco,MF,21,2005,Sunderland,5,1,179.0,2.0,0.0,1.0,1.0,0.0,0.0,0.0,0.0,0.0,0.0,0.5,0.5,0.0,0.5,2.0,0.0,0.0,1.01,0.0,0.0,0.0,36.0,31.4,84.0,0,4,24.0,1,1.6,3.0,2.0,1.0,0.5,-0.19,0.0,0.0,1.0,0.0,9.0,2.0,2.0,0.0,0.0,0.0,0.0,0.0,0.0,0.0,0.0,0.0,0.0,0.0,0.0,0.0,0.0,0.0,0.0,0.0,0.0,0.0,0.0,0.5027932960893855,1.005586592178771,0.0,1.005586592178771,1.005586592178771,0.0,4.5251396648044695,0.5027932960893855,MF
Gessime Yassine,Morocco,Morocco,MF,20,2005,Strasbourg,3,0,80.0,0.9,1.0,0.0,1.0,1.0,0.0,0.0,0.0,0.0,1.13,0.0,1.13,1.13,1.13,2.0,1.0,50.0,2.25,1.13,0.5,1.0,27.0,14.0,0.0,0,3,27.0,3,1.33,3.0,0.0,3.0,3.38,3.19,0.0,2.0,3.0,0.0,1.0,1.0,2.0,0.0,0.0,0.0,0.0,0.0,0.0,0.0,0.0,0.0,0.0,0.0,0.0,0.0,0.0,0.0,0.0,0.0,0.0,0.0,1.125,0.0,2.25,1.125,1.125,2.25,2.25,1.125,1.125,MF
Ismael Saibari,Morocco,Morocco,FW,25,2001,PSV,5,5,381.0,4.2,3.0,0.0,3.0,3.0,0.0,0.0,0.0,0.0,0.71,0.0,0.71,0.71,0.71,10.0,3.0,30.0,2.36,0.71,0.3,1.0,76.0,66.8,76.0,1,0,0.0,1,2.2,5.0,4.0,1.0,0.24,-1.19,0.0,8.0,3.0,3.0,5.0,0.0,2.0,0.0,0.0,0.0,0.0,0.0,0.0,0.0,0.0,0.0,0.0,0.0,0.0,0.0,0.0,0.0,0.0,0.0,0.0,0.0,0.7086614173228346,0.0,2.3622047244094486,0.7086614173228346,0.0,0.47244094488188976,1.889763779527559,1.1811023622047243,0.7086614173228346,FW
Issa Diop,Morocco,Morocco,DF,29,1997,Fulham,5,5,476.0,5.3,1.0,0.0,1.0,1.0,0.0,0.0,3.0,0.0,0.19,0.0,0.19,0.19,0.19,1.0,1.0,100.0,0.19,0.19,1.0,1.0,95.0,83.5,95.0,4,0,0.0,1,1.6,5.0,4.0,1.0,0.19,-2.68,0.0,4.0,1.0,0.0,0.0,7.0,1.0,0.0,0.0,0.0,0.0,0.0,0.0,0.0,0.0,0.0,0.0,0.0,0.0,0.0,0.0,0.0,0.0,0.0,0.0,0.0,0.18907563025210083,0.0,0.18907563025210083,0.18907563025210083,1.3235294117647058,0.18907563025210083,0.7563025210084033,0.0,0.18907563025210083,DF
Marwane Saâdane,Morocco,Morocco,"DF,MF",34,1992,Al-Fateh,1,0,4.0,0.0,0.0,0.0,0.0,0.0,0.0,0.0,0.0,0.0,0.0,0.0,0.0,0.0,0.0,0.0,0.0,0.0,0.0,0.0,0.0,0.0,4.0,0.7,0.0,0,1,4.0,5,3.0,1.0,0.0,1.0,22.5,22.02,0.0,0.0,1.0,0.0,0.0,0.0,0.0,0.0,0.0,0.0,0.0,0.0,0.0,0.0,0.0,0.0,0.0,0.0,0.0,0.0,0.0,0.0,0.0,0.0,0.0,0.0,0.0,0.0,0.0,0.0,0.0,0.0,0.0,0.0,0.0,DF
Munir,Morocco,Morocco,GK,37,1989,Unknown Club,0,0,0.0,0.0,0.0,0.0,0.0,0.0,0.0,0.0,0.0,0.0,0.0,0.0,0.0,0.0,0.0,0.0,0.0,0.0,0.0,0.0,0.0,0.0,0.0,0.0,0.0,0,0,0.0,6,0.0,0.0,0.0,0.0,0.0,0.0,0.0,0.0,0.0,0.0,0.0,0.0,0.0,0.0,0.0,0.0,0.0,0.0,0.0,0.0,0.0,0.0,0.0,0.0,0.0,0.0,0.0,0.0,0.0,0.0,0.0,0.0,0.0,0.0,0.0,0.0,0.0,0.0,0.0,0.0,0.0,GK
Neil El Aynaoui,Morocco,Morocco,MF,24,2001,Roma,6,6,562.0,6.2,0.0,0.0,0.0,0.0,0.0,0.0,0.0,0.0,0.0,0.0,0.0,0.0,0.0,7.0,2.0,28.6,1.12,0.32,0.0,0.0,94.0,98.6,94.0,5,0,0.0,0,1.83,9.0,6.0,3.0,0.48,-10.77,0.0,15.0,7.0,0.0,0.0,8.0,9.0,0.0,0.0,0.0,0.0,0.0,0.0,0.0,0.0,0.0,0.0,0.0,0.0,0.0,0.0,0.0,0.0,0.0,0.0,0.0,0.0,0.0,1.1209964412811388,0.32028469750889677,1.281138790035587,1.4412811387900357,2.402135231316726,0.0,0.0,MF
Noussair Mazraoui,Morocco,Morocco,DF,28,1997,Manchester Utd,6,5,477.0,5.3,0.0,0.0,0.0,0.0,0.0,0.0,0.0,0.0,0.0,0.0,0.0,0.0,0.0,0.0,0.0,0.0,0.0,0.0,0.0,0.0,80.0,83.7,94.0,4,1,8.0,0,1.83,7.0,4.0,3.0,0.57,-0.4,0.0,4.0,6.0,0.0,3.0,2.0,8.0,0.0,0.0,0.0,0.0,0.0,0.0,0.0,0.0,0.0,0.0,0.0,0.0,0.0,0.0,0.0,0.0,0.0,0.0,0.0,0.0,0.0,0.0,0.0,0.37735849056603776,1.509433962264151,0.7547169811320755,0.5660377358490566,0.0,DF
Redouane Halhal,Morocco,Morocco,DF,23,2003,Mechelen,2,2,180.0,2.0,0.0,0.0,0.0,0.0,0.0,0.0,1.0,0.0,0.0,0.0,0.0,0.0,0.0,0.0,0.0,0.0,0.0,0.0,0.0,0.0,90.0,31.6,90.0,2,0,0.0,4,3.0,7.0,2.0,5.0,2.5,2.73,0.0,3.0,5.0,1.0,0.0,1.0,1.0,0.0,0.0,0.0,0.0,0.0,0.0,0.0,0.0,0.0,0.0,0.0,0.0,0.0,0.0,0.0,0.0,0.0,0.0,0.0,0.0,0.0,0.0,0.0,0.5,0.5,1.5,0.0,0.0,DF
Samir El Mourabet,Morocco,Morocco,MF,20,2005,Strasbourg,5,0,81.0,0.9,0.0,0.0,0.0,0.0,0.0,0.0,0.0,0.0,0.0,0.0,0.0,0.0,0.0,0.0,0.0,0.0,0.0,0.0,0.0,0.0,16.0,14.2,0.0,0,5,16.0,1,2.2,3.0,0.0,3.0,3.33,3.15,0.0,0.0,1.0,0.0,1.0,1.0,1.0,0.0,0.0,0.0,0.0,0.0,0.0,0.0,0.0,0.0,0.0,0.0,0.0,0.0,0.0,0.0,0.0,0.0,0.0,0.0,0.0,0.0,0.0,0.0,1.1111111111111112,1.1111111111111112,0.0,1.1111111111111112,0.0,MF
Sofyan Amrabat,Morocco,Morocco,MF,29,1996,Real Betis,3,1,147.0,1.6,0.0,0.0,0.0,0.0,0.0,0.0,0.0,0.0,0.0,0.0,0.0,0.0,0.0,0.0,0.0,0.0,0.0,0.0,0.0,0.0,49.0,25.8,90.0,1,2,29.0,3,2.0,6.0,3.0,3.0,1.84,1.62,0.0,4.0,2.0,0.0,0.0,2.0,1.0,0.0,0.0,0.0,0.0,0.0,0.0,0.0,0.0,0.0,0.0,0.0,0.0,0.0,0.0,0.0,0.0,0.0,0.0,0.0,0.0,0.0,0.0,0.0,1.2244897959183674,0.6122448979591837,2.4489795918367347,0.0,0.0,MF
Soufiane Rahimi,Morocco,Morocco,FW,30,1996,Unknown Club,6,0,163.0,1.8,2.0,1.0,3.0,2.0,0.0,0.0,0.0,0.0,1.1,0.55,1.66,1.1,1.66,6.0,4.0,66.7,3.31,2.21,0.33,0.5,27.0,28.6,0.0,0,6,27.0,0,1.83,6.0,1.0,5.0,2.76,2.98,0.0,5.0,6.0,2.0,1.0,0.0,2.0,0.0,0.0,0.0,0.0,0.0,0.0,0.0,0.0,0.0,0.0,0.0,0.0,0.0,0.0,0.0,0.0,0.0,0.0,0.0,1.1042944785276074,0.5521472392638037,3.3128834355828225,2.208588957055215,0.0,1.1042944785276074,2.7607361963190185,0.5521472392638037,1.6564417177914113,FW
Yassine Bounou,Morocco,Morocco,GK,35,1991,Al-Hilal,6,6,570.0,6.3,0.0,0.0,0.0,0.0,0.0,0.0,0.0,0.0,0.0,0.0,0.0,0.0,0.0,0.0,0.0,0.0,0.0,0.0,0.0,0.0,95.0,100.0,95.0,6,0,0.0,0,1.83,10.0,6.0,4.0,0.63,0.0,0.0,0.0,4.0,0.0,0.0,0.0,0.0,1.0,6.0,6.0,570.0,6.0,0.95,20.0,14.0,70.0,3.0,2.0,1.0,2.0,33.3,1.0,0.0,1.0,0.0,100.0,0.0,0.0,0.0,0.0,0.0,0.0,0.0,0.0,0.0,GK
Youssef Belammari,Morocco,Morocco,DF,27,1998,Unknown Club,0,0,0.0,0.0,0.0,0.0,0.0,0.0,0.0,0.0,0.0,0.0,0.0,0.0,0.0,0.0,0.0,0.0,0.0,0.0,0.0,0.0,0.0,0.0,0.0,0.0,0.0,0,0,0.0,6,0.0,0.0,0.0,0.0,0.0,0.0,0.0,0.0,0.0,0.0,0.0,0.0,0.0,0.0,0.0,0.0,0.0,0.0,0.0,0.0,0.0,0.0,0.0,0.0,0.0,0.0,0.0,0.0,0.0,0.0,0.0,0.0,0.0,0.0,0.0,0.0,0.0,0.0,0.0,0.0,0.0,DF
Zakaria El Ouahdi,Morocco,Morocco,"DF,MF",24,2001,Genk,1,0,17.0,0.2,0.0,0.0,0.0,0.0,0.0,0.0,0.0,0.0,0.0,0.0,0.0,0.0,0.0,0.0,0.0,0.0,0.0,0.0,0.0,0.0,17.0,3.0,0.0,0,1,17.0,5,0.0,0.0,0.0,0.0,0.0,-0.65,0.0,1.0,1.0,0.0,0.0,0.0,0.0,0.0,0.0,0.0,0.0,0.0,0.0,0.0,0.0,0.0,0.0,0.0,0.0,0.0,0.0,0.0,0.0,0.0,0.0,0.0,0.0,0.0,0.0,0.0,0.0,0.0,5.294117647058823,0.0,0.0,DF
Bart Verbruggen,Netherlands,Netherlands,GK,23,2002,Brighton,4,4,390.0,4.3,0.0,0.0,0.0,0.0,0.0,0.0,0.0,0.0,0.0,0.0,0.0,0.0,0.0,0.0,0.0,0.0,0.0,0.0,0.0,0.0,98.0,100.0,98.0,4,0,0.0,0,2.0,11.0,5.0,6.0,1.38,0.0,0.0,0.0,0.0,0.0,0.0,0.0,0.0,0.0,4.0,4.0,390.0,5.0,1.15,21.0,16.0,76.2,2.0,2.0,0.0,0.0,0.0,0.0,0.0,0.0,0.0,0.0,0.0,0.0,0.0,0.0,0.0,0.0,0.0,0.0,0.0,GK
Brian Brobbey,Netherlands,Netherlands,FW,24,2002,Sunderland,4,3,223.0,2.5,3.0,0.0,3.0,3.0,0.0,0.0,0.0,0.0,1.21,0.0,1.21,1.21,1.21,4.0,3.0,75.0,1.61,1.21,0.75,1.0,56.0,57.2,72.0,0,1,6.0,0,2.0,7.0,3.0,4.0,1.61,0.54,0.0,4.0,3.0,2.0,1.0,0.0,1.0,0.0,0.0,0.0,0.0,0.0,0.0,0.0,0.0,0.0,0.0,0.0,0.0,0.0,0.0,0.0,0.0,0.0,0.0,0.0,1.2107623318385652,0.0,1.6143497757847534,1.2107623318385652,0.0,0.40358744394618834,1.6143497757847534,0.40358744394618834,1.2107623318385652,FW
Cody Gakpo,Netherlands,Netherlands,FW,27,1999,Liverpool,4,4,368.0,4.1,3.0,1.0,4.0,3.0,0.0,0.0,0.0,0.0,0.73,0.24,0.98,0.73,0.98,10.0,6.0,60.0,2.45,1.47,0.3,0.5,92.0,94.4,92.0,0,0,0.0,0,2.0,11.0,4.0,7.0,1.71,5.8,0.0,3.0,3.0,3.0,12.0,2.0,1.0,0.0,0.0,0.0,0.0,0.0,0.0,0.0,0.0,0.0,0.0,0.0,0.0,0.0,0.0,0.0,0.0,0.0,0.0,0.0,0.733695652173913,0.24456521739130435,2.4456521739130435,1.467391304347826,0.4891304347826087,0.24456521739130435,0.733695652173913,2.934782608695652,0.9782608695652173,FW
Crysencio Summerville,Netherlands,Netherlands,FW,24,2001,West Ham,4,2,253.0,2.8,2.0,2.0,4.0,2.0,0.0,0.0,1.0,0.0,0.71,0.71,1.42,0.71,1.42,2.0,2.0,100.0,0.71,0.71,1.0,1.0,63.0,64.9,95.0,1,2,32.0,0,2.0,6.0,3.0,3.0,1.07,-0.9,0.0,2.0,5.0,1.0,7.0,2.0,2.0,0.0,0.0,0.0,0.0,0.0,0.0,0.0,0.0,0.0,0.0,0.0,0.0,0.0,0.0,0.0,0.0,0.0,0.0,0.0,0.7114624505928854,0.7114624505928854,0.7114624505928854,0.7114624505928854,0.7114624505928854,0.7114624505928854,0.7114624505928854,2.4901185770750986,1.4229249011857708,FW
Denzel Dumfries,Netherlands,Netherlands,"DF,MF",30,1996,Inter,4,4,390.0,4.3,0.0,2.0,2.0,0.0,0.0,0.0,0.0,0.0,0.0,0.46,0.46,0.0,0.46,5.0,2.0,40.0,1.15,0.46,0.0,0.0,98.0,100.0,98.0,4,0,0.0,0,2.0,11.0,5.0,6.0,1.38,0.0,0.0,6.0,3.0,1.0,16.0,1.0,6.0,0.0,0.0,0.0,0.0,0.0,0.0,0.0,0.0,0.0,0.0,0.0,0.0,0.0,0.0,0.0,0.0,0.0,0.0,0.0,0.0,0.46153846153846156,1.1538461538461537,0.46153846153846156,0.23076923076923078,1.3846153846153846,1.3846153846153846,3.6923076923076925,0.46153846153846156,DF
Donyell Malen,Netherlands,Netherlands,FW,27,1999,Roma,3,3,185.0,2.1,0.0,0.0,0.0,0.0,0.0,0.0,0.0,0.0,0.0,0.0,0.0,0.0,0.0,4.0,2.0,50.0,1.95,0.97,0.0,0.0,62.0,47.4,62.0,0,0,0.0,1,2.33,7.0,2.0,5.0,2.43,1.99,0.0,0.0,2.0,0.0,5.0,0.0,0.0,0.0,0.0,0.0,0.0,0.0,0.0,0.0,0.0,0.0,0.0,0.0,0.0,0.0,0.0,0.0,0.0,0.0,0.0,0.0,0.0,0.0,1.945945945945946,0.972972972972973,0.0,0.0,0.0,2.4324324324324325,0.0,FW
Frenkie de Jong,Netherlands,Netherlands,MF,29,1997,Barcelona,4,4,328.0,3.6,0.0,0.0,0.0,0.0,0.0,0.0,0.0,0.0,0.0,0.0,0.0,0.0,0.0,1.0,0.0,0.0,0.27,0.0,0.0,0.0,82.0,84.1,82.0,1,0,0.0,0,2.0,10.0,5.0,5.0,1.37,-0.08,0.0,6.0,6.0,0.0,1.0,8.0,7.0,0.0,0.0,0.0,0.0,0.0,0.0,0.0,0.0,0.0,0.0,0.0,0.0,0.0,0.0,0.0,0.0,0.0,0.0,0.0,0.0,0.0,0.27439024390243905,0.0,2.1951219512195124,1.9207317073170733,1.646341463414634,0.27439024390243905,0.0,MF
Guus Til,Netherlands,Netherlands,"FW,MF",28,1997,PSV,1,0,32.0,0.4,0.0,0.0,0.0,0.0,0.0,0.0,0.0,0.0,0.0,0.0,0.0,0.0,0.0,0.0,0.0,0.0,0.0,0.0,0.0,0.0,32.0,8.2,0.0,0,1,32.0,3,3.0,1.0,0.0,1.0,2.81,1.56,0.0,0.0,0.0,0.0,0.0,0.0,0.0,0.0,0.0,0.0,0.0,0.0,0.0,0.0,0.0,0.0,0.0,0.0,0.0,0.0,0.0,0.0,0.0,0.0,0.0,0.0,0.0,0.0,0.0,0.0,0.0,0.0,0.0,0.0,0.0,MF
Jan Paul van Hecke,Netherlands,Netherlands,DF,26,2000,Brighton,4,4,390.0,4.3,1.0,0.0,1.0,1.0,0.0,0.0,0.0,0.0,0.23,0.0,0.23,0.23,0.23,3.0,2.0,66.7,0.69,0.46,0.33,0.5,98.0,100.0,98.0,4,0,0.0,0,2.0,11.0,5.0,6.0,1.38,0.0,0.0,4.0,2.0,0.0,1.0,4.0,3.0,0.0,0.0,0.0,0.0,0.0,0.0,0.0,0.0,0.0,0.0,0.0,0.0,0.0,0.0,0.0,0.0,0.0,0.0,0.0,0.23076923076923078,0.0,0.6923076923076923,0.46153846153846156,0.9230769230769231,0.6923076923076923,0.9230769230769231,0.23076923076923078,0.23076923076923078,DF
Jorrel Hato,Netherlands,Netherlands,DF,20,2006,Chelsea,1,0,35.0,0.4,0.0,0.0,0.0,0.0,0.0,0.0,0.0,0.0,0.0,0.0,0.0,0.0,0.0,0.0,0.0,0.0,0.0,0.0,0.0,0.0,35.0,9.0,0.0,0,1,35.0,3,1.0,0.0,1.0,-1.0,-2.57,-4.35,0.0,0.0,0.0,0.0,1.0,0.0,0.0,0.0,0.0,0.0,0.0,0.0,0.0,0.0,0.0,0.0,0.0,0.0,0.0,0.0,0.0,0.0,0.0,0.0,0.0,0.0,0.0,0.0,0.0,0.0,0.0,0.0,0.0,2.571428571428571,0.0,DF
Justin Kluivert,Netherlands,Netherlands,"FW,MF",27,1999,Bournemouth,2,0,27.0,0.3,0.0,0.0,0.0,0.0,0.0,0.0,0.0,0.0,0.0,0.0,0.0,0.0,0.0,0.0,0.0,0.0,0.0,0.0,0.0,0.0,14.0,6.9,0.0,0,2,14.0,2,2.0,0.0,0.0,0.0,0.0,-1.49,0.0,0.0,2.0,0.0,1.0,0.0,0.0,0.0,0.0,0.0,0.0,0.0,0.0,0.0,0.0,0.0,0.0,0.0,0.0,0.0,0.0,0.0,0.0,0.0,0.0,0.0,0.0,0.0,0.0,0.0,0.0,0.0,0.0,3.333333333333333,0.0,MF
Lutsharel Geertruida,Netherlands,Netherlands,DF,25,2000,Unknown Club,0,0,0.0,0.0,0.0,0.0,0.0,0.0,0.0,0.0,0.0,0.0,0.0,0.0,0.0,0.0,0.0,0.0,0.0,0.0,0.0,0.0,0.0,0.0,0.0,0.0,0.0,0,0,0.0,4,0.0,0.0,0.0,0.0,0.0,0.0,0.0,0.0,0.0,0.0,0.0,0.0,0.0,0.0,0.0,0.0,0.0,0.0,0.0,0.0,0.0,0.0,0.0,0.0,0.0,0.0,0.0,0.0,0.0,0.0,0.0,0.0,0.0,0.0,0.0,0.0,0.0,0.0,0.0,0.0,0.0,DF
Mark Flekken,Netherlands,Netherlands,GK,33,1993,Unknown Club,0,0,0.0,0.0,0.0,0.0,0.0,0.0,0.0,0.0,0.0,0.0,0.0,0.0,0.0,0.0,0.0,0.0,0.0,0.0,0.0,0.0,0.0,0.0,0.0,0.0,0.0,0,0,0.0,4,0.0,0.0,0.0,0.0,0.0,0.0,0.0,0.0,0.0,0.0,0.0,0.0,0.0,0.0,0.0,0.0,0.0,0.0,0.0,0.0,0.0,0.0,0.0,0.0,0.0,0.0,0.0,0.0,0.0,0.0,0.0,0.0,0.0,0.0,0.0,0.0,0.0,0.0,0.0,0.0,0.0,GK
Marten de Roon,Netherlands,Netherlands,"DF,MF",35,1991,Atalanta,1,0,11.0,0.1,0.0,0.0,0.0,0.0,0.0,0.0,0.0,0.0,0.0,0.0,0.0,0.0,0.0,0.0,0.0,0.0,0.0,0.0,0.0,0.0,11.0,2.8,0.0,0,1,11.0,3,1.0,0.0,0.0,0.0,0.0,-1.42,0.0,0.0,0.0,0.0,0.0,0.0,0.0,0.0,0.0,0.0,0.0,0.0,0.0,0.0,0.0,0.0,0.0,0.0,0.0,0.0,0.0,0.0,0.0,0.0,0.0,0.0,0.0,0.0,0.0,0.0,0.0,0.0,0.0,0.0,0.0,DF
Mats Wieffer,Netherlands,Netherlands,"DF,MF",26,1999,Unknown Club,0,0,0.0,0.0,0.0,0.0,0.0,0.0,0.0,0.0,0.0,0.0,0.0,0.0,0.0,0.0,0.0,0.0,0.0,0.0,0.0,0.0,0.0,0.0,0.0,0.0,0.0,0,0,0.0,4,0.0,0.0,0.0,0.0,0.0,0.0,0.0,0.0,0.0,0.0,0.0,0.0,0.0,0.0,0.0,0.0,0.0,0.0,0.0,0.0,0.0,0.0,0.0,0.0,0.0,0.0,0.0,0.0,0.0,0.0,0.0,0.0,0.0,0.0,0.0,0.0,0.0,0.0,0.0,0.0,0.0,DF
Memphis,Netherlands,Netherlands,"FW,MF",32,1994,Corinthians,3,0,54.0,0.6,0.0,1.0,1.0,0.0,0.0,0.0,1.0,0.0,0.0,1.67,1.67,0.0,1.67,0.0,0.0,0.0,0.0,0.0,0.0,0.0,18.0,13.8,0.0,0,3,18.0,1,2.33,1.0,1.0,0.0,0.0,-1.61,0.0,1.0,1.0,0.0,1.0,0.0,0.0,0.0,0.0,0.0,0.0,0.0,0.0,0.0,0.0,0.0,0.0,0.0,0.0,0.0,0.0,0.0,0.0,0.0,0.0,0.0,0.0,1.6666666666666665,0.0,0.0,0.0,0.0,1.6666666666666665,1.6666666666666665,1.6666666666666665,MF
Micky van de Ven,Netherlands,Netherlands,"DF,MF",25,2001,Tottenham,3,3,265.0,2.9,0.0,0.0,0.0,0.0,0.0,0.0,1.0,0.0,0.0,0.0,0.0,0.0,0.0,3.0,1.0,33.3,1.02,0.34,0.0,0.0,88.0,67.9,88.0,2,0,0.0,1,1.67,8.0,3.0,5.0,1.7,0.98,0.0,5.0,1.0,0.0,2.0,2.0,3.0,0.0,0.0,0.0,0.0,0.0,0.0,0.0,0.0,0.0,0.0,0.0,0.0,0.0,0.0,0.0,0.0,0.0,0.0,0.0,0.0,0.0,1.0188679245283019,0.33962264150943394,0.6792452830188679,1.0188679245283019,1.6981132075471697,0.6792452830188679,0.0,DF
Nathan Aké,Netherlands,Netherlands,DF,31,1995,Manchester City,3,2,170.0,1.9,0.0,0.0,0.0,0.0,0.0,0.0,0.0,0.0,0.0,0.0,0.0,0.0,0.0,1.0,0.0,0.0,0.53,0.0,0.0,0.0,57.0,43.6,80.0,1,1,10.0,1,1.67,3.0,2.0,1.0,0.53,-1.52,0.0,2.0,2.0,0.0,1.0,4.0,0.0,0.0,0.0,0.0,0.0,0.0,0.0,0.0,0.0,0.0,0.0,0.0,0.0,0.0,0.0,0.0,0.0,0.0,0.0,0.0,0.0,0.0,0.5294117647058824,0.0,2.1176470588235294,0.0,1.0588235294117647,0.5294117647058824,0.0,DF
Noa Lang,Netherlands,Netherlands,"FW,MF",26,1999,Galatasaray,2,0,8.0,0.1,0.0,0.0,0.0,0.0,0.0,0.0,0.0,0.0,0.0,0.0,0.0,0.0,0.0,0.0,0.0,0.0,0.0,0.0,0.0,0.0,4.0,2.1,0.0,0,2,4.0,2,3.0,0.0,0.0,0.0,0.0,-1.41,0.0,0.0,1.0,0.0,0.0,0.0,0.0,0.0,0.0,0.0,0.0,0.0,0.0,0.0,0.0,0.0,0.0,0.0,0.0,0.0,0.0,0.0,0.0,0.0,0.0,0.0,0.0,0.0,0.0,0.0,0.0,0.0,0.0,0.0,0.0,MF
Quinten Timber,Netherlands,Netherlands,MF,24,2001,Marseille,2,0,55.0,0.6,0.0,0.0,0.0,0.0,0.0,0.0,0.0,0.0,0.0,0.0,0.0,0.0,0.0,0.0,0.0,0.0,0.0,0.0,0.0,0.0,28.0,14.1,0.0,0,2,28.0,1,1.0,0.0,2.0,-2.0,-3.27,-5.42,0.0,0.0,2.0,0.0,1.0,1.0,0.0,0.0,0.0,0.0,0.0,0.0,0.0,0.0,0.0,0.0,0.0,0.0,0.0,0.0,0.0,0.0,0.0,0.0,0.0,0.0,0.0,0.0,0.0,0.0,1.6363636363636362,0.0,0.0,1.6363636363636362,0.0,MF
Robin Roefs,Netherlands,Netherlands,GK,23,2003,Unknown Club,0,0,0.0,0.0,0.0,0.0,0.0,0.0,0.0,0.0,0.0,0.0,0.0,0.0,0.0,0.0,0.0,0.0,0.0,0.0,0.0,0.0,0.0,0.0,0.0,0.0,0.0,0,0,0.0,4,0.0,0.0,0.0,0.0,0.0,0.0,0.0,0.0,0.0,0.0,0.0,0.0,0.0,0.0,0.0,0.0,0.0,0.0,0.0,0.0,0.0,0.0,0.0,0.0,0.0,0.0,0.0,0.0,0.0,0.0,0.0,0.0,0.0,0.0,0.0,0.0,0.0,0.0,0.0,0.0,0.0,GK
Ryan Gravenberch,Netherlands,Netherlands,MF,24,2002,Liverpool,4,4,345.0,3.8,0.0,2.0,2.0,0.0,0.0,0.0,0.0,0.0,0.0,0.52,0.52,0.0,0.52,5.0,0.0,0.0,1.3,0.0,0.0,0.0,86.0,88.5,86.0,2,0,0.0,0,2.0,11.0,3.0,8.0,2.09,6.09,0.0,5.0,3.0,0.0,4.0,6.0,1.0,0.0,0.0,0.0,0.0,0.0,0.0,0.0,0.0,0.0,0.0,0.0,0.0,0.0,0.0,0.0,0.0,0.0,0.0,0.0,0.0,0.5217391304347826,1.3043478260869565,0.0,1.565217391304348,0.2608695652173913,1.3043478260869565,1.0434782608695652,0.5217391304347826,MF
Teun Koopmeiners,Netherlands,Netherlands,"DF,MF",28,1998,Juventus,4,0,122.0,1.4,0.0,0.0,0.0,0.0,0.0,0.0,0.0,0.0,0.0,0.0,0.0,0.0,0.0,2.0,0.0,0.0,1.48,0.0,0.0,0.0,31.0,31.3,0.0,0,4,31.0,0,2.0,2.0,2.0,0.0,0.0,-2.01,0.0,3.0,0.0,0.0,5.0,1.0,1.0,0.0,0.0,0.0,0.0,0.0,0.0,0.0,0.0,0.0,0.0,0.0,0.0,0.0,0.0,0.0,0.0,0.0,0.0,0.0,0.0,0.0,1.4754098360655739,0.0,0.7377049180327869,0.7377049180327869,2.2131147540983607,3.6885245901639343,0.0,DF
Tijjani Reijnders,Netherlands,Netherlands,MF,27,1998,Manchester City,3,3,199.0,2.2,0.0,1.0,1.0,0.0,0.0,0.0,0.0,0.0,0.0,0.45,0.45,0.0,0.45,4.0,2.0,50.0,1.81,0.9,0.0,0.0,66.0,51.0,66.0,0,0,0.0,1,2.33,9.0,3.0,6.0,2.71,2.71,0.0,0.0,3.0,1.0,15.0,2.0,0.0,0.0,0.0,0.0,0.0,0.0,0.0,0.0,0.0,0.0,0.0,0.0,0.0,0.0,0.0,0.0,0.0,0.0,0.0,0.0,0.0,0.45226130653266333,1.8090452261306533,0.9045226130653267,0.9045226130653267,0.0,0.0,6.783919597989949,0.45226130653266333,MF
Virgil van Dijk,Netherlands,Netherlands,DF,34,1991,Liverpool,4,4,390.0,4.3,1.0,1.0,2.0,1.0,0.0,0.0,0.0,0.0,0.23,0.23,0.46,0.23,0.46,2.0,2.0,100.0,0.46,0.46,0.5,0.5,98.0,100.0,98.0,4,0,0.0,0,2.0,11.0,5.0,6.0,1.38,0.0,0.0,2.0,2.0,0.0,0.0,3.0,1.0,0.0,0.0,0.0,0.0,0.0,0.0,0.0,0.0,0.0,0.0,0.0,0.0,0.0,0.0,0.0,0.0,0.0,0.0,0.0,0.23076923076923078,0.23076923076923078,0.46153846153846156,0.46153846153846156,0.6923076923076923,0.23076923076923078,0.46153846153846156,0.0,0.46153846153846156,DF
Wout Weghorst,Netherlands,Netherlands,FW,33,1992,Ajax,1,0,50.0,0.6,0.0,0.0,0.0,0.0,0.0,0.0,0.0,0.0,0.0,0.0,0.0,0.0,0.0,0.0,0.0,0.0,0.0,0.0,0.0,0.0,50.0,12.8,0.0,0,1,50.0,3,1.0,1.0,1.0,0.0,0.0,-1.59,0.0,1.0,2.0,0.0,0.0,0.0,1.0,0.0,0.0,0.0,0.0,0.0,0.0,0.0,0.0,0.0,0.0,0.0,0.0,0.0,0.0,0.0,0.0,0.0,0.0,0.0,0.0,0.0,0.0,0.0,0.0,1.8,1.8,0.0,0.0,FW
Alex Paulsen,New Zealand,New Zealand,GK,23,2002,Unknown Club,0,0,0.0,0.0,0.0,0.0,0.0,0.0,0.0,0.0,0.0,0.0,0.0,0.0,0.0,0.0,0.0,0.0,0.0,0.0,0.0,0.0,0.0,0.0,0.0,0.0,0.0,0,0,0.0,3,0.0,0.0,0.0,0.0,0.0,0.0,0.0,0.0,0.0,0.0,0.0,0.0,0.0,0.0,0.0,0.0,0.0,0.0,0.0,0.0,0.0,0.0,0.0,0.0,0.0,0.0,0.0,0.0,0.0,0.0,0.0,0.0,0.0,0.0,0.0,0.0,0.0,0.0,0.0,0.0,0.0,GK
Alex Rufer,New Zealand,New Zealand,MF,30,1996,Unknown Club,0,0,0.0,0.0,0.0,0.0,0.0,0.0,0.0,0.0,0.0,0.0,0.0,0.0,0.0,0.0,0.0,0.0,0.0,0.0,0.0,0.0,0.0,0.0,0.0,0.0,0.0,0,0,0.0,3,0.0,0.0,0.0,0.0,0.0,0.0,0.0,0.0,0.0,0.0,0.0,0.0,0.0,0.0,0.0,0.0,0.0,0.0,0.0,0.0,0.0,0.0,0.0,0.0,0.0,0.0,0.0,0.0,0.0,0.0,0.0,0.0,0.0,0.0,0.0,0.0,0.0,0.0,0.0,0.0,0.0,MF
Ben Old,New Zealand,New Zealand,MF,23,2002,Saint-Étienne,3,0,93.0,1.0,0.0,0.0,0.0,0.0,0.0,0.0,0.0,0.0,0.0,0.0,0.0,0.0,0.0,0.0,0.0,0.0,0.0,0.0,0.0,0.0,31.0,34.4,0.0,0,3,31.0,0,0.33,1.0,6.0,-5.0,-4.84,-4.33,0.0,0.0,1.0,0.0,1.0,1.0,0.0,0.0,0.0,0.0,0.0,0.0,0.0,0.0,0.0,0.0,0.0,0.0,0.0,0.0,0.0,0.0,0.0,0.0,0.0,0.0,0.0,0.0,0.0,0.0,0.967741935483871,0.0,0.0,0.967741935483871,0.0,MF
Ben Waine,New Zealand,New Zealand,FW,25,2001,Unknown Club,0,0,0.0,0.0,0.0,0.0,0.0,0.0,0.0,0.0,0.0,0.0,0.0,0.0,0.0,0.0,0.0,0.0,0.0,0.0,0.0,0.0,0.0,0.0,0.0,0.0,0.0,0,0,0.0,3,0.0,0.0,0.0,0.0,0.0,0.0,0.0,0.0,0.0,0.0,0.0,0.0,0.0,0.0,0.0,0.0,0.0,0.0,0.0,0.0,0.0,0.0,0.0,0.0,0.0,0.0,0.0,0.0,0.0,0.0,0.0,0.0,0.0,0.0,0.0,0.0,0.0,0.0,0.0,0.0,0.0,FW
Callan Elliot,New Zealand,New Zealand,DF,26,1999,Auckland FC,1,0,13.0,0.1,0.0,0.0,0.0,0.0,0.0,0.0,0.0,0.0,0.0,0.0,0.0,0.0,0.0,0.0,0.0,0.0,0.0,0.0,0.0,0.0,13.0,4.8,0.0,0,1,13.0,2,1.0,0.0,0.0,0.0,0.0,2.1,0.0,0.0,0.0,0.0,0.0,0.0,1.0,0.0,0.0,0.0,0.0,0.0,0.0,0.0,0.0,0.0,0.0,0.0,0.0,0.0,0.0,0.0,0.0,0.0,0.0,0.0,0.0,0.0,0.0,0.0,0.0,6.923076923076923,0.0,0.0,0.0,DF
Callum McCowatt,New Zealand,New Zealand,MF,27,1999,Silkeborg,3,2,159.0,1.8,0.0,0.0,0.0,0.0,0.0,0.0,1.0,0.0,0.0,0.0,0.0,0.0,0.0,4.0,3.0,75.0,2.26,1.7,0.0,0.0,53.0,58.9,66.0,0,1,27.0,0,0.33,4.0,6.0,-2.0,-1.13,2.11,0.0,4.0,1.0,0.0,3.0,1.0,1.0,0.0,0.0,0.0,0.0,0.0,0.0,0.0,0.0,0.0,0.0,0.0,0.0,0.0,0.0,0.0,0.0,0.0,0.0,0.0,0.0,0.0,2.2641509433962264,1.6981132075471697,0.5660377358490566,0.5660377358490566,2.2641509433962264,1.6981132075471697,0.0,MF
Chris Wood,New Zealand,New Zealand,FW,34,1991,Nottingham,3,3,270.0,3.0,0.0,2.0,2.0,0.0,0.0,0.0,0.0,0.0,0.0,0.67,0.67,0.0,0.67,5.0,2.0,40.0,1.67,0.67,0.0,0.0,90.0,100.0,90.0,3,0,0.0,0,0.33,4.0,10.0,-6.0,-2.0,0.0,0.0,2.0,1.0,4.0,0.0,0.0,1.0,0.0,0.0,0.0,0.0,0.0,0.0,0.0,0.0,0.0,0.0,0.0,0.0,0.0,0.0,0.0,0.0,0.0,0.0,0.0,0.0,0.6666666666666667,1.6666666666666665,0.6666666666666667,0.0,0.33333333333333337,0.6666666666666667,0.0,0.6666666666666667,FW
Elijah Just,New Zealand,New Zealand,MF,26,2000,Motherwell,3,3,264.0,2.9,3.0,0.0,3.0,3.0,0.0,0.0,1.0,0.0,1.02,0.0,1.02,1.02,1.02,7.0,5.0,71.4,2.39,1.7,0.43,0.6,88.0,97.8,88.0,2,0,0.0,0,0.33,4.0,10.0,-6.0,-2.05,-2.05,0.0,3.0,2.0,0.0,2.0,2.0,3.0,0.0,0.0,0.0,0.0,0.0,0.0,0.0,0.0,0.0,0.0,0.0,0.0,0.0,0.0,0.0,0.0,0.0,0.0,0.0,1.0227272727272727,0.0,2.3863636363636362,1.7045454545454546,0.6818181818181819,1.0227272727272727,1.0227272727272727,0.6818181818181819,1.0227272727272727,MF
Finn Surman,New Zealand,New Zealand,DF,22,2003,Portland Timbers,3,3,270.0,3.0,1.0,0.0,1.0,1.0,0.0,0.0,0.0,0.0,0.33,0.0,0.33,0.33,0.33,2.0,1.0,50.0,0.67,0.33,0.5,1.0,90.0,100.0,90.0,3,0,0.0,0,0.33,4.0,10.0,-6.0,-2.0,0.0,0.0,4.0,2.0,0.0,0.0,4.0,1.0,0.0,0.0,0.0,0.0,0.0,0.0,0.0,0.0,0.0,0.0,0.0,0.0,0.0,0.0,0.0,0.0,0.0,0.0,0.0,0.33333333333333337,0.0,0.6666666666666667,0.33333333333333337,1.3333333333333335,0.33333333333333337,1.3333333333333335,0.0,0.33333333333333337,DF
Francis de Vries,New Zealand,New Zealand,DF,31,1994,Auckland FC,2,0,18.0,0.2,0.0,0.0,0.0,0.0,0.0,0.0,0.0,0.0,0.0,0.0,0.0,0.0,0.0,0.0,0.0,0.0,0.0,0.0,0.0,0.0,9.0,6.7,0.0,0,2,9.0,1,0.0,1.0,2.0,-1.0,-5.0,-3.21,0.0,0.0,0.0,0.0,3.0,1.0,0.0,0.0,0.0,0.0,0.0,0.0,0.0,0.0,0.0,0.0,0.0,0.0,0.0,0.0,0.0,0.0,0.0,0.0,0.0,0.0,0.0,0.0,0.0,0.0,5.0,0.0,0.0,15.0,0.0,DF
Jesse Randall,New Zealand,New Zealand,MF,23,2002,Auckland FC,3,0,61.0,0.7,0.0,0.0,0.0,0.0,0.0,0.0,0.0,0.0,0.0,0.0,0.0,0.0,0.0,1.0,0.0,0.0,1.48,0.0,0.0,0.0,20.0,22.6,0.0,0,3,20.0,0,0.33,1.0,5.0,-4.0,-5.9,-5.04,0.0,0.0,1.0,0.0,5.0,0.0,0.0,0.0,0.0,0.0,0.0,0.0,0.0,0.0,0.0,0.0,0.0,0.0,0.0,0.0,0.0,0.0,0.0,0.0,0.0,0.0,0.0,0.0,1.4754098360655739,0.0,0.0,0.0,0.0,7.377049180327869,0.0,MF
Joe Bell,New Zealand,New Zealand,MF,27,1999,Viking,3,3,243.0,2.7,0.0,0.0,0.0,0.0,0.0,0.0,0.0,0.0,0.0,0.0,0.0,0.0,0.0,1.0,0.0,0.0,0.37,0.0,0.0,0.0,81.0,90.0,81.0,2,0,0.0,0,0.33,3.0,7.0,-4.0,-1.48,5.19,0.0,3.0,0.0,0.0,0.0,4.0,2.0,0.0,0.0,0.0,0.0,0.0,0.0,0.0,0.0,0.0,0.0,0.0,0.0,0.0,0.0,0.0,0.0,0.0,0.0,0.0,0.0,0.0,0.3703703703703704,0.0,1.4814814814814816,0.7407407407407408,1.1111111111111112,0.0,0.0,MF
Kosta Barbarouses,New Zealand,New Zealand,"FW,MF",36,1990,Unknown Club,0,0,0.0,0.0,0.0,0.0,0.0,0.0,0.0,0.0,0.0,0.0,0.0,0.0,0.0,0.0,0.0,0.0,0.0,0.0,0.0,0.0,0.0,0.0,0.0,0.0,0.0,0,0,0.0,3,0.0,0.0,0.0,0.0,0.0,0.0,0.0,0.0,0.0,0.0,0.0,0.0,0.0,0.0,0.0,0.0,0.0,0.0,0.0,0.0,0.0,0.0,0.0,0.0,0.0,0.0,0.0,0.0,0.0,0.0,0.0,0.0,0.0,0.0,0.0,0.0,0.0,0.0,0.0,0.0,0.0,MF
Lachlan Bayliss,New Zealand,New Zealand,MF,23,2002,Unknown Club,0,0,0.0,0.0,0.0,0.0,0.0,0.0,0.0,0.0,0.0,0.0,0.0,0.0,0.0,0.0,0.0,0.0,0.0,0.0,0.0,0.0,0.0,0.0,0.0,0.0,0.0,0,0,0.0,3,0.0,0.0,0.0,0.0,0.0,0.0,0.0,0.0,0.0,0.0,0.0,0.0,0.0,0.0,0.0,0.0,0.0,0.0,0.0,0.0,0.0,0.0,0.0,0.0,0.0,0.0,0.0,0.0,0.0,0.0,0.0,0.0,0.0,0.0,0.0,0.0,0.0,0.0,0.0,0.0,0.0,MF
Liberato Cacace,New Zealand,New Zealand,DF,25,2000,Wrexham,3,3,220.0,2.4,0.0,0.0,0.0,0.0,0.0,0.0,0.0,0.0,0.0,0.0,0.0,0.0,0.0,1.0,1.0,100.0,0.41,0.41,0.0,0.0,73.0,81.5,73.0,0,0,0.0,0,0.33,3.0,7.0,-4.0,-1.64,1.96,0.0,1.0,5.0,0.0,8.0,3.0,2.0,0.0,0.0,0.0,0.0,0.0,0.0,0.0,0.0,0.0,0.0,0.0,0.0,0.0,0.0,0.0,0.0,0.0,0.0,0.0,0.0,0.0,0.40909090909090906,0.40909090909090906,1.2272727272727273,0.8181818181818181,0.40909090909090906,3.2727272727272725,0.0,DF
Logan Rogerson,New Zealand,New Zealand,"FW,MF",28,1998,Unknown Club,0,0,0.0,0.0,0.0,0.0,0.0,0.0,0.0,0.0,0.0,0.0,0.0,0.0,0.0,0.0,0.0,0.0,0.0,0.0,0.0,0.0,0.0,0.0,0.0,0.0,0.0,0,0,0.0,2,0.0,0.0,0.0,0.0,0.0,0.0,0.0,0.0,0.0,0.0,0.0,0.0,0.0,0.0,0.0,0.0,0.0,0.0,0.0,0.0,0.0,0.0,0.0,0.0,0.0,0.0,0.0,0.0,0.0,0.0,0.0,0.0,0.0,0.0,0.0,0.0,0.0,0.0,0.0,0.0,0.0,MF
Marko Stamenic,New Zealand,New Zealand,MF,24,2002,Swansea City,3,3,269.0,3.0,0.0,0.0,0.0,0.0,0.0,0.0,1.0,0.0,0.0,0.0,0.0,0.0,0.0,3.0,0.0,0.0,1.0,0.0,0.0,0.0,90.0,99.6,90.0,2,0,0.0,0,0.33,4.0,10.0,-6.0,-2.01,-2.01,0.0,4.0,0.0,0.0,1.0,4.0,1.0,0.0,0.0,0.0,0.0,0.0,0.0,0.0,0.0,0.0,0.0,0.0,0.0,0.0,0.0,0.0,0.0,0.0,0.0,0.0,0.0,0.0,1.003717472118959,0.0,1.3382899628252787,0.33457249070631967,1.3382899628252787,0.33457249070631967,0.0,MF
Max Crocombe,New Zealand,New Zealand,GK,32,1993,Millwall,3,3,270.0,3.0,0.0,0.0,0.0,0.0,0.0,0.0,0.0,0.0,0.0,0.0,0.0,0.0,0.0,0.0,0.0,0.0,0.0,0.0,0.0,0.0,90.0,100.0,90.0,3,0,0.0,0,0.33,4.0,10.0,-6.0,-2.0,0.0,0.0,0.0,1.0,0.0,0.0,0.0,0.0,0.0,3.0,3.0,270.0,10.0,3.33,21.0,11.0,52.4,0.0,1.0,2.0,0.0,0.0,0.0,0.0,0.0,0.0,0.0,0.0,0.0,0.0,0.0,0.0,0.0,0.0,0.0,0.0,GK
Michael Boxall,New Zealand,New Zealand,DF,37,1988,Minnesota Utd,3,2,207.0,2.3,0.0,0.0,0.0,0.0,0.0,0.0,0.0,0.0,0.0,0.0,0.0,0.0,0.0,0.0,0.0,0.0,0.0,0.0,0.0,0.0,69.0,76.7,90.0,2,1,27.0,0,0.33,4.0,8.0,-4.0,-1.74,1.12,0.0,2.0,2.0,0.0,1.0,2.0,1.0,0.0,0.0,0.0,0.0,0.0,0.0,0.0,0.0,0.0,0.0,0.0,0.0,0.0,0.0,0.0,0.0,0.0,0.0,0.0,0.0,0.0,0.0,0.0,0.8695652173913043,0.43478260869565216,0.8695652173913043,0.43478260869565216,0.0,DF
Michael Woud,New Zealand,New Zealand,GK,27,1999,Unknown Club,0,0,0.0,0.0,0.0,0.0,0.0,0.0,0.0,0.0,0.0,0.0,0.0,0.0,0.0,0.0,0.0,0.0,0.0,0.0,0.0,0.0,0.0,0.0,0.0,0.0,0.0,0,0,0.0,3,0.0,0.0,0.0,0.0,0.0,0.0,0.0,0.0,0.0,0.0,0.0,0.0,0.0,0.0,0.0,0.0,0.0,0.0,0.0,0.0,0.0,0.0,0.0,0.0,0.0,0.0,0.0,0.0,0.0,0.0,0.0,0.0,0.0,0.0,0.0,0.0,0.0,0.0,0.0,0.0,0.0,GK
Nando Pijnaker,New Zealand,New Zealand,DF,27,1999,Unknown Club,0,0,0.0,0.0,0.0,0.0,0.0,0.0,0.0,0.0,0.0,0.0,0.0,0.0,0.0,0.0,0.0,0.0,0.0,0.0,0.0,0.0,0.0,0.0,0.0,0.0,0.0,0,0,0.0,3,0.0,0.0,0.0,0.0,0.0,0.0,0.0,0.0,0.0,0.0,0.0,0.0,0.0,0.0,0.0,0.0,0.0,0.0,0.0,0.0,0.0,0.0,0.0,0.0,0.0,0.0,0.0,0.0,0.0,0.0,0.0,0.0,0.0,0.0,0.0,0.0,0.0,0.0,0.0,0.0,0.0,DF
Ryan Thomas,New Zealand,New Zealand,MF,31,1994,Zwolle,3,1,83.0,0.9,0.0,0.0,0.0,0.0,0.0,0.0,0.0,0.0,0.0,0.0,0.0,0.0,0.0,0.0,0.0,0.0,0.0,0.0,0.0,0.0,28.0,30.7,45.0,0,2,19.0,0,0.33,0.0,2.0,-2.0,-2.17,-0.24,0.0,3.0,3.0,0.0,1.0,0.0,2.0,0.0,0.0,0.0,0.0,0.0,0.0,0.0,0.0,0.0,0.0,0.0,0.0,0.0,0.0,0.0,0.0,0.0,0.0,0.0,0.0,0.0,0.0,0.0,0.0,2.168674698795181,3.253012048192771,1.0843373493975905,0.0,MF
Sarpreet Singh,New Zealand,New Zealand,MF,27,1999,Wellington,3,3,209.0,2.3,0.0,0.0,0.0,0.0,0.0,0.0,1.0,0.0,0.0,0.0,0.0,0.0,0.0,4.0,2.0,50.0,1.72,0.86,0.0,0.0,70.0,77.4,70.0,0,0,0.0,0,0.33,3.0,5.0,-2.0,-0.86,5.04,0.0,2.0,2.0,0.0,7.0,0.0,1.0,0.0,0.0,0.0,0.0,0.0,0.0,0.0,0.0,0.0,0.0,0.0,0.0,0.0,0.0,0.0,0.0,0.0,0.0,0.0,0.0,0.0,1.7224880382775118,0.8612440191387559,0.0,0.43062200956937796,0.8612440191387559,3.014354066985646,0.0,MF
Tim Payne,New Zealand,New Zealand,DF,32,1994,Wellington,3,3,224.0,2.5,0.0,1.0,1.0,0.0,0.0,0.0,0.0,0.0,0.0,0.4,0.4,0.0,0.4,1.0,0.0,0.0,0.4,0.0,0.0,0.0,75.0,83.0,75.0,0,0,0.0,0,0.33,3.0,7.0,-4.0,-1.61,2.31,0.0,2.0,2.0,0.0,10.0,1.0,3.0,0.0,0.0,0.0,0.0,0.0,0.0,0.0,0.0,0.0,0.0,0.0,0.0,0.0,0.0,0.0,0.0,0.0,0.0,0.0,0.0,0.40178571428571425,0.40178571428571425,0.0,0.40178571428571425,1.2053571428571428,0.8035714285714285,4.017857142857143,0.40178571428571425,DF
Tommy Smith,New Zealand,New Zealand,DF,36,1990,Unknown Club,0,0,0.0,0.0,0.0,0.0,0.0,0.0,0.0,0.0,0.0,0.0,0.0,0.0,0.0,0.0,0.0,0.0,0.0,0.0,0.0,0.0,0.0,0.0,0.0,0.0,0.0,0,0,0.0,3,0.0,0.0,0.0,0.0,0.0,0.0,0.0,0.0,0.0,0.0,0.0,0.0,0.0,0.0,0.0,0.0,0.0,0.0,0.0,0.0,0.0,0.0,0.0,0.0,0.0,0.0,0.0,0.0,0.0,0.0,0.0,0.0,0.0,0.0,0.0,0.0,0.0,0.0,0.0,0.0,0.0,DF
Tyler Bindon,New Zealand,New Zealand,DF,21,2005,Sheffield United,3,1,97.0,1.1,0.0,0.0,0.0,0.0,0.0,0.0,0.0,0.0,0.0,0.0,0.0,0.0,0.0,2.0,1.0,50.0,1.86,0.93,0.0,0.0,32.0,35.9,90.0,1,2,4.0,0,0.33,1.0,5.0,-4.0,-3.71,-2.67,0.0,2.0,1.0,0.0,2.0,1.0,2.0,0.0,0.0,0.0,0.0,0.0,0.0,0.0,0.0,0.0,0.0,0.0,0.0,0.0,0.0,0.0,0.0,0.0,0.0,0.0,0.0,0.0,1.8556701030927836,0.9278350515463918,0.9278350515463918,1.8556701030927836,1.8556701030927836,1.8556701030927836,0.0,DF
Alexander Sørloth,Norway,Norway,FW,30,1995,Atlético Madrid,5,5,337.0,3.7,0.0,0.0,0.0,0.0,0.0,0.0,0.0,0.0,0.0,0.0,0.0,0.0,0.0,5.0,0.0,0.0,1.34,0.0,0.0,0.0,67.0,59.1,67.0,0,0,0.0,1,2.4,7.0,3.0,4.0,1.07,1.84,0.0,6.0,2.0,2.0,5.0,0.0,1.0,0.0,0.0,0.0,0.0,0.0,0.0,0.0,0.0,0.0,0.0,0.0,0.0,0.0,0.0,0.0,0.0,0.0,0.0,0.0,0.0,0.0,1.3353115727002969,0.0,0.0,0.26706231454005935,1.6023738872403561,1.3353115727002969,0.0,FW
Andreas Schjelderup,Norway,Norway,FW,22,2004,Benfica,6,2,252.0,2.8,1.0,3.0,4.0,1.0,0.0,0.0,0.0,0.0,0.36,1.07,1.43,0.36,1.43,3.0,2.0,66.7,1.07,0.71,0.33,0.5,42.0,44.2,75.0,0,4,26.0,0,2.0,7.0,7.0,0.0,0.0,-0.57,0.0,2.0,3.0,0.0,4.0,5.0,3.0,0.0,0.0,0.0,0.0,0.0,0.0,0.0,0.0,0.0,0.0,0.0,0.0,0.0,0.0,0.0,0.0,0.0,0.0,0.0,0.3571428571428571,1.0714285714285714,1.0714285714285714,0.7142857142857142,1.7857142857142856,1.0714285714285714,0.7142857142857142,1.4285714285714284,1.4285714285714284,FW
Antonio Nusa,Norway,Norway,FW,21,2005,RB Leipzig,6,4,318.0,3.5,1.0,0.0,1.0,1.0,0.0,0.0,1.0,0.0,0.28,0.0,0.28,0.28,0.28,6.0,2.0,33.3,1.7,0.57,0.17,0.5,53.0,55.8,64.0,0,2,31.0,0,2.0,6.0,4.0,2.0,0.57,0.57,0.0,1.0,5.0,2.0,7.0,2.0,2.0,0.0,0.0,0.0,0.0,0.0,0.0,0.0,0.0,0.0,0.0,0.0,0.0,0.0,0.0,0.0,0.0,0.0,0.0,0.0,0.2830188679245283,0.0,1.6981132075471697,0.5660377358490566,0.5660377358490566,0.5660377358490566,0.2830188679245283,1.981132075471698,0.2830188679245283,FW
David Møller Wolfe,Norway,Norway,DF,24,2002,Wolves,5,5,430.0,4.8,0.0,1.0,1.0,0.0,0.0,0.0,0.0,0.0,0.0,0.21,0.21,0.0,0.21,0.0,0.0,0.0,0.0,0.0,0.0,0.0,86.0,75.4,86.0,2,0,0.0,1,2.4,10.0,5.0,5.0,1.05,2.98,0.0,7.0,2.0,0.0,5.0,3.0,3.0,0.0,0.0,0.0,0.0,0.0,0.0,0.0,0.0,0.0,0.0,0.0,0.0,0.0,0.0,0.0,0.0,0.0,0.0,0.0,0.0,0.20930232558139533,0.0,0.0,0.627906976744186,0.627906976744186,1.4651162790697674,1.0465116279069768,0.20930232558139533,DF
Egil Selvik,Norway,Norway,GK,28,1997,Watford,1,1,90.0,1.0,0.0,0.0,0.0,0.0,0.0,0.0,0.0,0.0,0.0,0.0,0.0,0.0,0.0,0.0,0.0,0.0,0.0,0.0,0.0,0.0,90.0,15.8,90.0,1,0,0.0,5,0.0,1.0,4.0,-3.0,-3.0,-3.94,0.0,0.0,0.0,0.0,0.0,0.0,0.0,0.0,1.0,1.0,90.0,4.0,4.0,9.0,5.0,55.6,0.0,0.0,1.0,0.0,0.0,0.0,0.0,0.0,0.0,0.0,0.0,0.0,0.0,0.0,0.0,0.0,0.0,0.0,0.0,GK
Erling Haaland,Norway,Norway,FW,25,2000,Manchester City,5,5,465.0,5.2,7.0,0.0,7.0,7.0,0.0,0.0,0.0,0.0,1.35,0.0,1.35,1.35,1.35,20.0,13.0,65.0,3.87,2.52,0.35,0.54,93.0,81.6,93.0,4,0,0.0,1,2.4,12.0,7.0,5.0,0.97,3.54,0.0,5.0,3.0,0.0,1.0,1.0,0.0,0.0,0.0,0.0,0.0,0.0,0.0,0.0,0.0,0.0,0.0,0.0,0.0,0.0,0.0,0.0,0.0,0.0,0.0,0.0,1.3548387096774195,0.0,3.870967741935484,2.5161290322580645,0.1935483870967742,0.0,0.967741935483871,0.1935483870967742,1.3548387096774195,FW
Fredrik André Bjørkan,Norway,Norway,DF,27,1998,Bodø/Glimt,1,1,45.0,0.5,0.0,0.0,0.0,0.0,0.0,0.0,0.0,0.0,0.0,0.0,0.0,0.0,0.0,0.0,0.0,0.0,0.0,0.0,0.0,0.0,45.0,7.9,45.0,0,0,0.0,5,0.0,1.0,3.0,-2.0,-4.0,-4.69,0.0,0.0,0.0,0.0,0.0,2.0,1.0,0.0,0.0,0.0,0.0,0.0,0.0,0.0,0.0,0.0,0.0,0.0,0.0,0.0,0.0,0.0,0.0,0.0,0.0,0.0,0.0,0.0,0.0,0.0,4.0,2.0,0.0,0.0,0.0,DF
Fredrik Aursnes,Norway,Norway,"MF,DF",30,1995,Benfica,6,3,304.0,3.4,0.0,0.0,0.0,0.0,0.0,0.0,0.0,0.0,0.0,0.0,0.0,0.0,0.0,2.0,0.0,0.0,0.59,0.0,0.0,0.0,51.0,53.3,69.0,1,3,32.0,0,2.0,7.0,7.0,0.0,0.0,-0.68,0.0,5.0,3.0,0.0,5.0,1.0,8.0,0.0,0.0,0.0,0.0,0.0,0.0,0.0,0.0,0.0,0.0,0.0,0.0,0.0,0.0,0.0,0.0,0.0,0.0,0.0,0.0,0.0,0.5921052631578947,0.0,0.29605263157894735,2.3684210526315788,1.4802631578947367,1.4802631578947367,0.0,DF
Henrik Falchener,Norway,Norway,DF,23,2003,Viking,1,1,65.0,0.7,0.0,0.0,0.0,0.0,0.0,0.0,0.0,0.0,0.0,0.0,0.0,0.0,0.0,0.0,0.0,0.0,0.0,0.0,0.0,0.0,65.0,11.4,65.0,0,0,0.0,5,0.0,1.0,3.0,-2.0,-2.77,-3.48,0.0,0.0,0.0,0.0,0.0,1.0,0.0,0.0,0.0,0.0,0.0,0.0,0.0,0.0,0.0,0.0,0.0,0.0,0.0,0.0,0.0,0.0,0.0,0.0,0.0,0.0,0.0,0.0,0.0,0.0,1.3846153846153846,0.0,0.0,0.0,0.0,DF
Jens Petter Hauge,Norway,Norway,"DF,FW",26,1999,Bodø/Glimt,1,0,8.0,0.1,0.0,0.0,0.0,0.0,0.0,0.0,0.0,0.0,0.0,0.0,0.0,0.0,0.0,0.0,0.0,0.0,0.0,0.0,0.0,0.0,8.0,1.4,0.0,0,1,8.0,5,0.0,0.0,1.0,-1.0,-11.25,-11.73,0.0,0.0,0.0,0.0,0.0,0.0,0.0,0.0,0.0,0.0,0.0,0.0,0.0,0.0,0.0,0.0,0.0,0.0,0.0,0.0,0.0,0.0,0.0,0.0,0.0,0.0,0.0,0.0,0.0,0.0,0.0,0.0,0.0,0.0,0.0,DF
Julian Ryerson,Norway,Norway,DF,28,1997,Dortmund,4,4,223.0,2.5,0.0,0.0,0.0,0.0,0.0,0.0,0.0,0.0,0.0,0.0,0.0,0.0,0.0,0.0,0.0,0.0,0.0,0.0,0.0,0.0,56.0,39.1,56.0,1,0,0.0,2,2.25,5.0,2.0,3.0,1.21,1.47,0.0,6.0,1.0,0.0,15.0,0.0,8.0,0.0,0.0,0.0,0.0,0.0,0.0,0.0,0.0,0.0,0.0,0.0,0.0,0.0,0.0,0.0,0.0,0.0,0.0,0.0,0.0,0.0,0.0,0.0,0.0,3.2286995515695067,2.4215246636771304,6.053811659192825,0.0,DF
Jørgen Strand Larsen,Norway,Norway,FW,26,2000,Crystal Palace,2,1,105.0,1.2,0.0,0.0,0.0,0.0,0.0,1.0,0.0,0.0,0.0,0.0,0.0,0.0,0.0,2.0,1.0,50.0,1.71,0.86,0.0,0.0,53.0,18.4,90.0,1,1,15.0,4,0.0,1.0,4.0,-3.0,-2.57,-3.54,0.0,0.0,2.0,1.0,0.0,0.0,0.0,0.0,0.0,0.0,0.0,0.0,0.0,0.0,0.0,0.0,0.0,0.0,0.0,0.0,0.0,0.0,0.0,0.0,0.0,0.0,0.0,0.0,1.7142857142857144,0.8571428571428572,0.0,0.0,0.0,0.0,0.0,FW
Kristian Thorstvedt,Norway,Norway,MF,27,1999,Sassuolo,2,1,63.0,0.7,0.0,0.0,0.0,0.0,0.0,0.0,0.0,0.0,0.0,0.0,0.0,0.0,0.0,3.0,1.0,33.3,4.29,1.43,0.0,0.0,32.0,11.1,45.0,0,1,18.0,4,1.5,3.0,3.0,0.0,0.0,-0.36,0.0,2.0,1.0,0.0,0.0,0.0,1.0,0.0,0.0,0.0,0.0,0.0,0.0,0.0,0.0,0.0,0.0,0.0,0.0,0.0,0.0,0.0,0.0,0.0,0.0,0.0,0.0,0.0,4.285714285714286,1.4285714285714284,0.0,1.4285714285714284,2.8571428571428568,0.0,0.0,MF
Kristoffer Ajer,Norway,Norway,DF,28,1998,Brentford,5,5,480.0,5.3,0.0,0.0,0.0,0.0,0.0,0.0,1.0,0.0,0.0,0.0,0.0,0.0,0.0,2.0,1.0,50.0,0.37,0.19,0.0,0.0,96.0,84.2,96.0,5,0,0.0,1,2.4,12.0,7.0,5.0,0.94,3.94,0.0,2.0,1.0,0.0,1.0,4.0,8.0,0.0,0.0,0.0,0.0,0.0,0.0,0.0,0.0,0.0,0.0,0.0,0.0,0.0,0.0,0.0,0.0,0.0,0.0,0.0,0.0,0.0,0.375,0.1875,0.75,1.5,0.375,0.1875,0.0,DF
Leo Østigård,Norway,Norway,DF,26,1999,Genoa,5,1,146.0,1.6,1.0,0.0,1.0,1.0,0.0,0.0,0.0,0.0,0.62,0.0,0.62,0.62,0.62,3.0,1.0,33.3,1.85,0.62,0.33,1.0,29.0,25.6,90.0,1,4,14.0,1,1.8,3.0,7.0,-4.0,-2.47,-3.74,0.0,2.0,2.0,0.0,0.0,1.0,3.0,0.0,0.0,0.0,0.0,0.0,0.0,0.0,0.0,0.0,0.0,0.0,0.0,0.0,0.0,0.0,0.0,0.0,0.0,0.0,0.6164383561643836,0.0,1.8493150684931505,0.6164383561643836,0.6164383561643836,1.8493150684931505,1.2328767123287672,0.0,0.6164383561643836,DF
Marcus Pedersen,Norway,Norway,DF,25,2000,Torino,4,1,236.0,2.6,1.0,0.0,1.0,1.0,0.0,0.0,0.0,0.0,0.38,0.0,0.38,0.38,0.38,1.0,1.0,100.0,0.38,0.38,1.0,1.0,59.0,41.4,82.0,0,3,51.0,1,1.5,4.0,5.0,-1.0,-0.38,-1.19,0.0,3.0,1.0,0.0,6.0,0.0,2.0,0.0,0.0,0.0,0.0,0.0,0.0,0.0,0.0,0.0,0.0,0.0,0.0,0.0,0.0,0.0,0.0,0.0,0.0,0.0,0.3813559322033898,0.0,0.3813559322033898,0.3813559322033898,0.0,0.7627118644067796,1.1440677966101696,2.288135593220339,0.3813559322033898,DF
Martin Ødegaard,Norway,Norway,MF,27,1998,Arsenal,5,5,470.0,5.2,0.0,4.0,4.0,0.0,0.0,0.0,0.0,0.0,0.0,0.77,0.77,0.0,0.77,9.0,3.0,33.3,1.72,0.57,0.0,0.0,94.0,82.5,94.0,4,0,0.0,1,2.4,11.0,7.0,4.0,0.77,2.57,0.0,3.0,4.0,0.0,15.0,3.0,4.0,0.0,0.0,0.0,0.0,0.0,0.0,0.0,0.0,0.0,0.0,0.0,0.0,0.0,0.0,0.0,0.0,0.0,0.0,0.0,0.0,0.7659574468085106,1.7234042553191489,0.5744680851063829,0.5744680851063829,0.7659574468085106,0.5744680851063829,2.8723404255319145,0.7659574468085106,MF
Morten Thorsby,Norway,Norway,MF,30,1996,Cremonese,1,0,45.0,0.5,0.0,0.0,0.0,0.0,0.0,0.0,0.0,0.0,0.0,0.0,0.0,0.0,0.0,0.0,0.0,0.0,0.0,0.0,0.0,0.0,45.0,7.9,0.0,0,1,45.0,5,0.0,0.0,1.0,-1.0,-2.0,-2.51,0.0,1.0,0.0,0.0,0.0,1.0,1.0,0.0,0.0,0.0,0.0,0.0,0.0,0.0,0.0,0.0,0.0,0.0,0.0,0.0,0.0,0.0,0.0,0.0,0.0,0.0,0.0,0.0,0.0,0.0,2.0,2.0,2.0,0.0,0.0,MF
Oscar Bobb,Norway,Norway,FW,22,2003,Fulham,6,1,225.0,2.5,0.0,0.0,0.0,0.0,0.0,0.0,0.0,0.0,0.0,0.0,0.0,0.0,0.0,4.0,2.0,50.0,1.6,0.8,0.0,0.0,38.0,39.5,82.0,0,5,29.0,0,2.0,6.0,7.0,-1.0,-0.4,-1.18,0.0,1.0,4.0,0.0,2.0,3.0,3.0,0.0,0.0,0.0,0.0,0.0,0.0,0.0,0.0,0.0,0.0,0.0,0.0,0.0,0.0,0.0,0.0,0.0,0.0,0.0,0.0,0.0,1.6,0.8,1.2000000000000002,1.2000000000000002,0.4,0.8,0.0,FW
Patrick Berg,Norway,Norway,MF,28,1997,Bodø/Glimt,6,4,445.0,4.9,0.0,2.0,2.0,0.0,0.0,0.0,1.0,0.0,0.0,0.4,0.4,0.0,0.4,3.0,0.0,0.0,0.61,0.0,0.0,0.0,74.0,78.1,98.0,4,2,28.0,0,2.0,9.0,10.0,-1.0,-0.2,-2.36,0.0,4.0,2.0,0.0,11.0,2.0,7.0,0.0,0.0,0.0,0.0,0.0,0.0,0.0,0.0,0.0,0.0,0.0,0.0,0.0,0.0,0.0,0.0,0.0,0.0,0.0,0.0,0.40449438202247195,0.6067415730337079,0.0,0.40449438202247195,1.4157303370786518,0.8089887640449439,2.2247191011235956,0.40449438202247195,MF
Sander Berge,Norway,Norway,MF,28,1998,Fulham,5,5,480.0,5.3,0.0,0.0,0.0,0.0,0.0,0.0,0.0,0.0,0.0,0.0,0.0,0.0,0.0,0.0,0.0,0.0,0.0,0.0,0.0,0.0,96.0,84.2,96.0,5,0,0.0,1,2.4,12.0,7.0,5.0,0.94,3.94,0.0,6.0,2.0,0.0,1.0,9.0,4.0,0.0,0.0,0.0,0.0,0.0,0.0,0.0,0.0,0.0,0.0,0.0,0.0,0.0,0.0,0.0,0.0,0.0,0.0,0.0,0.0,0.0,0.0,0.0,1.6875,0.75,1.125,0.1875,0.0,MF
Sander Tangvik,Norway,Norway,GK,23,2002,Unknown Club,0,0,0.0,0.0,0.0,0.0,0.0,0.0,0.0,0.0,0.0,0.0,0.0,0.0,0.0,0.0,0.0,0.0,0.0,0.0,0.0,0.0,0.0,0.0,0.0,0.0,0.0,0,0,0.0,6,0.0,0.0,0.0,0.0,0.0,0.0,0.0,0.0,0.0,0.0,0.0,0.0,0.0,0.0,0.0,0.0,0.0,0.0,0.0,0.0,0.0,0.0,0.0,0.0,0.0,0.0,0.0,0.0,0.0,0.0,0.0,0.0,0.0,0.0,0.0,0.0,0.0,0.0,0.0,0.0,0.0,GK
Sondre Langås,Norway,Norway,DF,25,2001,Derby County,1,0,25.0,0.3,0.0,0.0,0.0,0.0,0.0,0.0,0.0,0.0,0.0,0.0,0.0,0.0,0.0,0.0,0.0,0.0,0.0,0.0,0.0,0.0,25.0,4.4,0.0,0,1,25.0,5,0.0,0.0,1.0,-1.0,-3.6,-4.1,0.0,0.0,0.0,0.0,0.0,0.0,0.0,0.0,0.0,0.0,0.0,0.0,0.0,0.0,0.0,0.0,0.0,0.0,0.0,0.0,0.0,0.0,0.0,0.0,0.0,0.0,0.0,0.0,0.0,0.0,0.0,0.0,0.0,0.0,0.0,DF
Thelo Aasgaard,Norway,Norway,MF,24,2002,Rangers,1,1,90.0,1.0,1.0,0.0,1.0,1.0,0.0,0.0,0.0,0.0,1.0,0.0,1.0,1.0,1.0,2.0,1.0,50.0,2.0,1.0,0.5,1.0,90.0,15.8,90.0,1,0,0.0,5,0.0,1.0,4.0,-3.0,-3.0,-3.94,0.0,0.0,3.0,0.0,0.0,3.0,1.0,0.0,0.0,0.0,0.0,0.0,0.0,0.0,0.0,0.0,0.0,0.0,0.0,0.0,0.0,0.0,0.0,0.0,0.0,0.0,1.0,0.0,2.0,1.0,3.0,1.0,0.0,0.0,1.0,MF
Torbjørn Heggem,Norway,Norway,DF,27,1999,Bologna,5,5,443.0,4.9,0.0,0.0,0.0,0.0,0.0,0.0,0.0,0.0,0.0,0.0,0.0,0.0,0.0,1.0,1.0,100.0,0.2,0.2,0.0,0.0,89.0,77.7,89.0,3,0,0.0,1,2.4,12.0,5.0,7.0,1.42,4.97,0.0,2.0,0.0,0.0,0.0,2.0,7.0,0.0,0.0,0.0,0.0,0.0,0.0,0.0,0.0,0.0,0.0,0.0,0.0,0.0,0.0,0.0,0.0,0.0,0.0,0.0,0.0,0.0,0.20316027088036115,0.20316027088036115,0.4063205417607223,1.4221218961625284,0.4063205417607223,0.0,0.0,DF
Ørjan Nyland,Norway,Norway,GK,35,1990,Sevilla,5,5,480.0,5.3,0.0,0.0,0.0,0.0,0.0,0.0,0.0,0.0,0.0,0.0,0.0,0.0,0.0,0.0,0.0,0.0,0.0,0.0,0.0,0.0,96.0,84.2,96.0,5,0,0.0,1,2.4,12.0,7.0,5.0,0.94,3.94,0.0,0.0,0.0,0.0,0.0,1.0,0.0,0.0,5.0,5.0,480.0,7.0,1.31,22.0,15.0,68.2,4.0,0.0,1.0,0.0,0.0,2.0,1.0,1.0,0.0,50.0,0.0,0.0,0.0,0.0,0.1875,0.0,0.0,0.0,0.0,GK
Adalberto Carrasquilla,Panama,Panama,MF,27,1998,Unknown Club,0,0,0.0,0.0,0.0,0.0,0.0,0.0,0.0,0.0,0.0,0.0,0.0,0.0,0.0,0.0,0.0,0.0,0.0,0.0,0.0,0.0,0.0,0.0,0.0,0.0,0.0,0,0,0.0,3,0.0,0.0,0.0,0.0,0.0,0.0,0.0,0.0,0.0,0.0,0.0,0.0,0.0,0.0,0.0,0.0,0.0,0.0,0.0,0.0,0.0,0.0,0.0,0.0,0.0,0.0,0.0,0.0,0.0,0.0,0.0,0.0,0.0,0.0,0.0,0.0,0.0,0.0,0.0,0.0,0.0,MF
Alberto Quintero,Panama,Panama,"FW,MF",38,1987,Unknown Club,1,0,3.0,0.0,0.0,0.0,0.0,0.0,0.0,0.0,0.0,0.0,0.0,0.0,0.0,0.0,0.0,0.0,0.0,0.0,0.0,0.0,0.0,0.0,3.0,1.1,0.0,0,1,3.0,2,0.0,0.0,0.0,0.0,0.0,1.35,0.0,1.0,0.0,0.0,1.0,0.0,0.0,0.0,0.0,0.0,0.0,0.0,0.0,0.0,0.0,0.0,0.0,0.0,0.0,0.0,0.0,0.0,0.0,0.0,0.0,0.0,0.0,0.0,0.0,0.0,0.0,0.0,30.0,30.0,0.0,MF
Andrés Andrade Cedeño,Panama,Panama,DF,27,1998,LASK,3,3,270.0,3.0,0.0,0.0,0.0,0.0,0.0,0.0,1.0,0.0,0.0,0.0,0.0,0.0,0.0,0.0,0.0,0.0,0.0,0.0,0.0,0.0,90.0,100.0,90.0,3,0,0.0,0,0.0,0.0,4.0,-4.0,-1.33,0.0,0.0,4.0,0.0,0.0,8.0,3.0,3.0,0.0,0.0,0.0,0.0,0.0,0.0,0.0,0.0,0.0,0.0,0.0,0.0,0.0,0.0,0.0,0.0,0.0,0.0,0.0,0.0,0.0,0.0,0.0,1.0,1.0,1.3333333333333335,2.666666666666667,0.0,DF
Aníbal Godoy,Panama,Panama,MF,36,1990,San Diego FC,1,0,1.0,0.0,0.0,0.0,0.0,0.0,0.0,0.0,0.0,0.0,0.0,0.0,0.0,0.0,0.0,0.0,0.0,0.0,0.0,0.0,0.0,0.0,1.0,0.4,0.0,0,1,1.0,2,0.0,0.0,1.0,-1.0,-90.0,-89.0,0.0,0.0,1.0,0.0,1.0,0.0,0.0,0.0,0.0,0.0,0.0,0.0,0.0,0.0,0.0,0.0,0.0,0.0,0.0,0.0,0.0,0.0,0.0,0.0,0.0,0.0,0.0,0.0,0.0,0.0,0.0,0.0,0.0,90.0,0.0,MF
Azarías Londoño,Panama,Panama,MF,24,2001,Univ Católica,3,0,56.0,0.6,0.0,0.0,0.0,0.0,0.0,0.0,0.0,0.0,0.0,0.0,0.0,0.0,0.0,1.0,0.0,0.0,1.61,0.0,0.0,0.0,19.0,20.7,0.0,0,3,19.0,0,0.0,0.0,1.0,-1.0,-1.61,-0.35,0.0,1.0,0.0,0.0,1.0,1.0,0.0,0.0,0.0,0.0,0.0,0.0,0.0,0.0,0.0,0.0,0.0,0.0,0.0,0.0,0.0,0.0,0.0,0.0,0.0,0.0,0.0,0.0,1.607142857142857,0.0,1.607142857142857,0.0,1.607142857142857,1.607142857142857,0.0,MF
Carlos Harvey,Panama,Panama,MF,26,2000,Minnesota Utd,3,3,267.0,3.0,0.0,0.0,0.0,0.0,0.0,0.0,1.0,0.0,0.0,0.0,0.0,0.0,0.0,5.0,0.0,0.0,1.69,0.0,0.0,0.0,89.0,98.9,89.0,2,0,0.0,0,0.0,0.0,4.0,-4.0,-1.35,-1.35,0.0,8.0,3.0,0.0,0.0,0.0,3.0,0.0,0.0,0.0,0.0,0.0,0.0,0.0,0.0,0.0,0.0,0.0,0.0,0.0,0.0,0.0,0.0,0.0,0.0,0.0,0.0,0.0,1.6853932584269664,0.0,0.0,1.0112359550561798,2.696629213483146,0.0,0.0,MF
Cecilio Waterman,Panama,Panama,FW,35,1991,U Concepción,2,1,76.0,0.8,0.0,0.0,0.0,0.0,0.0,0.0,0.0,0.0,0.0,0.0,0.0,0.0,0.0,2.0,1.0,50.0,2.37,1.18,0.0,0.0,38.0,28.1,62.0,0,1,14.0,1,0.0,0.0,0.0,0.0,0.0,1.86,0.0,1.0,1.0,0.0,0.0,0.0,0.0,0.0,0.0,0.0,0.0,0.0,0.0,0.0,0.0,0.0,0.0,0.0,0.0,0.0,0.0,0.0,0.0,0.0,0.0,0.0,0.0,0.0,2.3684210526315788,1.1842105263157894,0.0,0.0,1.1842105263157894,0.0,0.0,FW
Cristian Martínez,Panama,Panama,"MF,FW",29,1997,Unknown Club,3,3,242.0,2.7,0.0,0.0,0.0,0.0,0.0,0.0,0.0,0.0,0.0,0.0,0.0,0.0,0.0,1.0,0.0,0.0,0.37,0.0,0.0,0.0,81.0,89.6,81.0,2,0,0.0,0,0.0,0.0,3.0,-3.0,-1.12,2.1,0.0,5.0,5.0,1.0,12.0,1.0,4.0,0.0,0.0,0.0,0.0,0.0,0.0,0.0,0.0,0.0,0.0,0.0,0.0,0.0,0.0,0.0,0.0,0.0,0.0,0.0,0.0,0.0,0.371900826446281,0.0,0.371900826446281,1.487603305785124,1.859504132231405,4.462809917355372,0.0,MF
César Blackman,Panama,Panama,"MF,DF",28,1998,Unknown Club,2,2,178.0,2.0,0.0,0.0,0.0,0.0,0.0,0.0,1.0,0.0,0.0,0.0,0.0,0.0,0.0,2.0,1.0,50.0,1.01,0.51,0.0,0.0,89.0,65.9,89.0,0,0,0.0,1,0.0,0.0,1.0,-1.0,-0.51,2.43,0.0,2.0,2.0,1.0,0.0,1.0,0.0,0.0,0.0,0.0,0.0,0.0,0.0,0.0,0.0,0.0,0.0,0.0,0.0,0.0,0.0,0.0,0.0,0.0,0.0,0.0,0.0,0.0,1.0112359550561798,0.5056179775280899,0.5056179775280899,0.0,1.0112359550561798,0.0,0.0,DF
César Samudio,Panama,Panama,GK,32,1994,Unknown Club,0,0,0.0,0.0,0.0,0.0,0.0,0.0,0.0,0.0,0.0,0.0,0.0,0.0,0.0,0.0,0.0,0.0,0.0,0.0,0.0,0.0,0.0,0.0,0.0,0.0,0.0,0,0,0.0,3,0.0,0.0,0.0,0.0,0.0,0.0,0.0,0.0,0.0,0.0,0.0,0.0,0.0,0.0,0.0,0.0,0.0,0.0,0.0,0.0,0.0,0.0,0.0,0.0,0.0,0.0,0.0,0.0,0.0,0.0,0.0,0.0,0.0,0.0,0.0,0.0,0.0,0.0,0.0,0.0,0.0,GK
César Yanis,Panama,Panama,MF,30,1996,Unknown Club,0,0,0.0,0.0,0.0,0.0,0.0,0.0,0.0,0.0,0.0,0.0,0.0,0.0,0.0,0.0,0.0,0.0,0.0,0.0,0.0,0.0,0.0,0.0,0.0,0.0,0.0,0,0,0.0,3,0.0,0.0,0.0,0.0,0.0,0.0,0.0,0.0,0.0,0.0,0.0,0.0,0.0,0.0,0.0,0.0,0.0,0.0,0.0,0.0,0.0,0.0,0.0,0.0,0.0,0.0,0.0,0.0,0.0,0.0,0.0,0.0,0.0,0.0,0.0,0.0,0.0,0.0,0.0,0.0,0.0,MF
Edgardo Fariña,Panama,Panama,DF,24,2001,Unknown Club,0,0,0.0,0.0,0.0,0.0,0.0,0.0,0.0,0.0,0.0,0.0,0.0,0.0,0.0,0.0,0.0,0.0,0.0,0.0,0.0,0.0,0.0,0.0,0.0,0.0,0.0,0,0,0.0,3,0.0,0.0,0.0,0.0,0.0,0.0,0.0,0.0,0.0,0.0,0.0,0.0,0.0,0.0,0.0,0.0,0.0,0.0,0.0,0.0,0.0,0.0,0.0,0.0,0.0,0.0,0.0,0.0,0.0,0.0,0.0,0.0,0.0,0.0,0.0,0.0,0.0,0.0,0.0,0.0,0.0,DF
Erick Davis,Panama,Panama,DF,35,1991,Unknown Club,2,0,4.0,0.0,0.0,0.0,0.0,0.0,0.0,0.0,0.0,0.0,0.0,0.0,0.0,0.0,0.0,1.0,0.0,0.0,22.5,0.0,0.0,0.0,2.0,1.5,0.0,0,2,2.0,1,0.0,0.0,0.0,0.0,0.0,1.35,0.0,0.0,1.0,0.0,2.0,0.0,1.0,0.0,0.0,0.0,0.0,0.0,0.0,0.0,0.0,0.0,0.0,0.0,0.0,0.0,0.0,0.0,0.0,0.0,0.0,0.0,0.0,0.0,22.5,0.0,0.0,22.5,0.0,45.0,0.0,DF
Fidel Escobar,Panama,Panama,DF,31,1995,Unknown Club,1,1,90.0,1.0,0.0,0.0,0.0,0.0,0.0,0.0,0.0,0.0,0.0,0.0,0.0,0.0,0.0,0.0,0.0,0.0,0.0,0.0,0.0,0.0,90.0,33.3,90.0,1,0,0.0,2,0.0,0.0,2.0,-2.0,-2.0,-1.0,0.0,1.0,0.0,0.0,1.0,1.0,2.0,0.0,0.0,0.0,0.0,0.0,0.0,0.0,0.0,0.0,0.0,0.0,0.0,0.0,0.0,0.0,0.0,0.0,0.0,0.0,0.0,0.0,0.0,0.0,1.0,2.0,1.0,1.0,0.0,DF
Ismael Díaz,Panama,Panama,"FW,MF",29,1997,León,2,0,37.0,0.4,0.0,0.0,0.0,0.0,0.0,0.0,0.0,0.0,0.0,0.0,0.0,0.0,0.0,6.0,2.0,33.3,14.59,4.86,0.0,0.0,19.0,13.7,0.0,0,2,19.0,1,0.0,0.0,1.0,-1.0,-2.43,-1.27,0.0,0.0,0.0,2.0,0.0,0.0,1.0,0.0,0.0,0.0,0.0,0.0,0.0,0.0,0.0,0.0,0.0,0.0,0.0,0.0,0.0,0.0,0.0,0.0,0.0,0.0,0.0,0.0,14.594594594594595,4.864864864864865,0.0,2.4324324324324325,0.0,0.0,0.0,MF
Jiovany Ramos,Panama,Panama,DF,29,1997,Puerto Cabello,2,2,166.0,1.8,0.0,0.0,0.0,0.0,0.0,0.0,0.0,0.0,0.0,0.0,0.0,0.0,0.0,2.0,0.0,0.0,1.08,0.0,0.0,0.0,83.0,61.5,83.0,1,0,0.0,1,0.0,0.0,2.0,-2.0,-1.08,0.65,0.0,2.0,1.0,0.0,0.0,3.0,1.0,0.0,0.0,0.0,0.0,0.0,0.0,0.0,0.0,0.0,0.0,0.0,0.0,0.0,0.0,0.0,0.0,0.0,0.0,0.0,0.0,0.0,1.0843373493975905,0.0,1.6265060240963856,0.5421686746987953,1.0843373493975905,0.0,0.0,DF
Jorge Gutiérrez,Panama,Panama,DF,27,1998,Dep. La Guaira,1,1,87.0,1.0,0.0,0.0,0.0,0.0,0.0,0.0,0.0,0.0,0.0,0.0,0.0,0.0,0.0,0.0,0.0,0.0,0.0,0.0,0.0,0.0,87.0,32.2,87.0,0,0,0.0,2,0.0,0.0,2.0,-2.0,-2.07,-1.09,0.0,1.0,2.0,0.0,0.0,1.0,1.0,0.0,0.0,0.0,0.0,0.0,0.0,0.0,0.0,0.0,0.0,0.0,0.0,0.0,0.0,0.0,0.0,0.0,0.0,0.0,0.0,0.0,0.0,0.0,1.0344827586206897,1.0344827586206897,1.0344827586206897,0.0,0.0,DF
José Córdoba,Panama,Panama,DF,25,2001,Norwich City,3,3,270.0,3.0,0.0,0.0,0.0,0.0,0.0,0.0,0.0,0.0,0.0,0.0,0.0,0.0,0.0,0.0,0.0,0.0,0.0,0.0,0.0,0.0,90.0,100.0,90.0,3,0,0.0,0,0.0,0.0,4.0,-4.0,-1.33,0.0,0.0,5.0,1.0,0.0,1.0,1.0,3.0,0.0,0.0,0.0,0.0,0.0,0.0,0.0,0.0,0.0,0.0,0.0,0.0,0.0,0.0,0.0,0.0,0.0,0.0,0.0,0.0,0.0,0.0,0.0,0.33333333333333337,1.0,1.6666666666666665,0.33333333333333337,0.0,DF
José Fajardo,Panama,Panama,FW,32,1993,Univ Católica,3,1,155.0,1.7,0.0,0.0,0.0,0.0,0.0,0.0,1.0,0.0,0.0,0.0,0.0,0.0,0.0,1.0,0.0,0.0,0.58,0.0,0.0,0.0,52.0,57.4,82.0,0,2,37.0,0,0.0,0.0,4.0,-4.0,-2.32,-2.32,0.0,4.0,3.0,1.0,0.0,0.0,2.0,0.0,0.0,0.0,0.0,0.0,0.0,0.0,0.0,0.0,0.0,0.0,0.0,0.0,0.0,0.0,0.0,0.0,0.0,0.0,0.0,0.0,0.5806451612903226,0.0,0.0,1.1612903225806452,2.3225806451612905,0.0,0.0,FW
José Luis Rodríguez,Panama,Panama,"MF,FW",27,1998,FC Juárez,3,3,233.0,2.6,0.0,0.0,0.0,0.0,0.0,0.0,0.0,0.0,0.0,0.0,0.0,0.0,0.0,3.0,1.0,33.3,1.16,0.39,0.0,0.0,78.0,86.3,78.0,1,0,0.0,0,0.0,0.0,3.0,-3.0,-1.16,1.27,0.0,4.0,2.0,0.0,17.0,0.0,3.0,0.0,0.0,0.0,0.0,0.0,0.0,0.0,0.0,0.0,0.0,0.0,0.0,0.0,0.0,0.0,0.0,0.0,0.0,0.0,0.0,0.0,1.1587982832618027,0.38626609442060084,0.0,1.1587982832618027,1.5450643776824033,6.5665236051502145,0.0,MF
Luis Mejía,Panama,Panama,GK,35,1991,Unknown Club,0,0,0.0,0.0,0.0,0.0,0.0,0.0,0.0,0.0,0.0,0.0,0.0,0.0,0.0,0.0,0.0,0.0,0.0,0.0,0.0,0.0,0.0,0.0,0.0,0.0,0.0,0,0,0.0,3,0.0,0.0,0.0,0.0,0.0,0.0,0.0,0.0,0.0,0.0,0.0,0.0,0.0,0.0,0.0,0.0,0.0,0.0,0.0,0.0,0.0,0.0,0.0,0.0,0.0,0.0,0.0,0.0,0.0,0.0,0.0,0.0,0.0,0.0,0.0,0.0,0.0,0.0,0.0,0.0,0.0,GK
Michael Amir Murillo,Panama,Panama,"DF,MF",30,1996,Beşiktaş,3,3,270.0,3.0,0.0,0.0,0.0,0.0,0.0,0.0,0.0,0.0,0.0,0.0,0.0,0.0,0.0,5.0,1.0,20.0,1.67,0.33,0.0,0.0,90.0,100.0,90.0,3,0,0.0,0,0.0,0.0,4.0,-4.0,-1.33,0.0,0.0,1.0,7.0,1.0,8.0,1.0,3.0,0.0,0.0,0.0,0.0,0.0,0.0,0.0,0.0,0.0,0.0,0.0,0.0,0.0,0.0,0.0,0.0,0.0,0.0,0.0,0.0,0.0,1.6666666666666665,0.33333333333333337,0.33333333333333337,1.0,0.33333333333333337,2.666666666666667,0.0,DF
Orlando Mosquera,Panama,Panama,GK,31,1994,Al-Fayha,3,3,270.0,3.0,0.0,0.0,0.0,0.0,0.0,0.0,0.0,0.0,0.0,0.0,0.0,0.0,0.0,0.0,0.0,0.0,0.0,0.0,0.0,0.0,90.0,100.0,90.0,3,0,0.0,0,0.0,0.0,4.0,-4.0,-1.33,0.0,0.0,0.0,0.0,0.0,0.0,0.0,0.0,0.0,3.0,3.0,270.0,4.0,1.33,11.0,7.0,63.6,0.0,0.0,3.0,0.0,0.0,0.0,0.0,0.0,0.0,0.0,0.0,0.0,0.0,0.0,0.0,0.0,0.0,0.0,0.0,GK
Roderick Miller,Panama,Panama,DF,34,1992,Unknown Club,0,0,0.0,0.0,0.0,0.0,0.0,0.0,0.0,0.0,0.0,0.0,0.0,0.0,0.0,0.0,0.0,0.0,0.0,0.0,0.0,0.0,0.0,0.0,0.0,0.0,0.0,0,0,0.0,3,0.0,0.0,0.0,0.0,0.0,0.0,0.0,0.0,0.0,0.0,0.0,0.0,0.0,0.0,0.0,0.0,0.0,0.0,0.0,0.0,0.0,0.0,0.0,0.0,0.0,0.0,0.0,0.0,0.0,0.0,0.0,0.0,0.0,0.0,0.0,0.0,0.0,0.0,0.0,0.0,0.0,DF
Tomás Rodríguez,Panama,Panama,FW,27,1999,Unknown Club,2,1,46.0,0.5,0.0,0.0,0.0,0.0,0.0,0.0,0.0,0.0,0.0,0.0,0.0,0.0,0.0,1.0,1.0,100.0,1.96,1.96,0.0,0.0,23.0,17.0,45.0,0,1,1.0,1,0.0,0.0,0.0,0.0,0.0,1.61,0.0,3.0,1.0,0.0,0.0,0.0,0.0,0.0,0.0,0.0,0.0,0.0,0.0,0.0,0.0,0.0,0.0,0.0,0.0,0.0,0.0,0.0,0.0,0.0,0.0,0.0,0.0,0.0,1.9565217391304348,1.9565217391304348,0.0,0.0,5.869565217391304,0.0,0.0,FW
Yoel Bárcenas,Panama,Panama,MF,32,1993,Mazatlán,3,3,249.0,2.8,0.0,0.0,0.0,0.0,0.0,0.0,1.0,0.0,0.0,0.0,0.0,0.0,0.0,2.0,0.0,0.0,0.72,0.0,0.0,0.0,83.0,92.2,83.0,1,0,0.0,0,0.0,0.0,4.0,-4.0,-1.45,-1.45,0.0,3.0,3.0,0.0,7.0,2.0,0.0,0.0,0.0,0.0,0.0,0.0,0.0,0.0,0.0,0.0,0.0,0.0,0.0,0.0,0.0,0.0,0.0,0.0,0.0,0.0,0.0,0.0,0.7228915662650601,0.0,0.7228915662650601,0.0,1.0843373493975905,2.5301204819277108,0.0,MF
Alexandro Maidana,Paraguay,Paraguay,DF,20,2005,Talleres–C,2,1,55.0,0.6,0.0,0.0,0.0,0.0,0.0,0.0,0.0,0.0,0.0,0.0,0.0,0.0,0.0,0.0,0.0,0.0,0.0,0.0,0.0,0.0,28.0,11.5,45.0,0,1,10.0,3,2.0,0.0,0.0,0.0,0.0,0.64,0.0,0.0,0.0,0.0,1.0,1.0,0.0,0.0,0.0,0.0,0.0,0.0,0.0,0.0,0.0,0.0,0.0,0.0,0.0,0.0,0.0,0.0,0.0,0.0,0.0,0.0,0.0,0.0,0.0,0.0,1.6363636363636362,0.0,0.0,1.6363636363636362,0.0,DF
Andrés Cubas,Paraguay,Paraguay,MF,30,1996,Vancouver,5,5,480.0,5.3,0.0,0.0,0.0,0.0,0.0,0.0,1.0,0.0,0.0,0.0,0.0,0.0,0.0,1.0,0.0,0.0,0.19,0.0,0.0,0.0,96.0,100.0,96.0,5,0,0.0,0,1.0,3.0,6.0,-3.0,-0.56,0.0,0.0,14.0,3.0,0.0,0.0,11.0,13.0,0.0,0.0,0.0,0.0,0.0,0.0,0.0,0.0,0.0,0.0,0.0,0.0,0.0,0.0,0.0,0.0,0.0,0.0,0.0,0.0,0.0,0.1875,0.0,2.0625,2.4375,2.625,0.0,0.0,MF
Antonio Sanabria,Paraguay,Paraguay,FW,30,1996,Cremonese,2,1,83.0,0.9,0.0,0.0,0.0,0.0,0.0,0.0,0.0,0.0,0.0,0.0,0.0,0.0,0.0,0.0,0.0,0.0,0.0,0.0,0.0,0.0,42.0,17.3,61.0,0,1,22.0,3,0.5,0.0,3.0,-3.0,-3.25,-3.25,0.0,1.0,2.0,0.0,0.0,0.0,2.0,0.0,0.0,0.0,0.0,0.0,0.0,0.0,0.0,0.0,0.0,0.0,0.0,0.0,0.0,0.0,0.0,0.0,0.0,0.0,0.0,0.0,0.0,0.0,0.0,2.168674698795181,1.0843373493975905,0.0,0.0,FW
Braian Ojeda,Paraguay,Paraguay,MF,25,2000,Orlando City,1,0,22.0,0.2,0.0,0.0,0.0,0.0,0.0,0.0,0.0,0.0,0.0,0.0,0.0,0.0,0.0,0.0,0.0,0.0,0.0,0.0,0.0,0.0,22.0,4.6,0.0,0,1,22.0,4,1.0,0.0,0.0,0.0,0.0,0.59,0.0,0.0,0.0,0.0,0.0,0.0,0.0,0.0,0.0,0.0,0.0,0.0,0.0,0.0,0.0,0.0,0.0,0.0,0.0,0.0,0.0,0.0,0.0,0.0,0.0,0.0,0.0,0.0,0.0,0.0,0.0,0.0,0.0,0.0,0.0,MF
Damián Bobadilla,Paraguay,Paraguay,MF,24,2001,São Paulo,4,2,189.0,2.1,0.0,0.0,0.0,0.0,0.0,0.0,0.0,0.0,0.0,0.0,0.0,0.0,0.0,0.0,0.0,0.0,0.0,0.0,0.0,0.0,47.0,39.4,72.0,0,2,23.0,1,1.25,1.0,4.0,-3.0,-1.43,-1.43,0.0,1.0,1.0,0.0,1.0,5.0,3.0,1.0,0.0,0.0,0.0,0.0,0.0,0.0,0.0,0.0,0.0,0.0,0.0,0.0,0.0,0.0,0.0,0.0,0.0,0.0,0.0,0.0,0.0,0.0,2.380952380952381,1.4285714285714284,0.47619047619047616,0.47619047619047616,0.0,MF
Diego Gómez,Paraguay,Paraguay,MF,23,2003,Brighton,4,4,304.0,3.4,0.0,0.0,0.0,0.0,0.0,0.0,2.0,0.0,0.0,0.0,0.0,0.0,0.0,6.0,0.0,0.0,1.78,0.0,0.0,0.0,76.0,63.3,76.0,0,0,0.0,0,1.0,2.0,4.0,-2.0,-0.59,-0.08,0.0,5.0,1.0,0.0,1.0,9.0,6.0,0.0,0.0,0.0,0.0,0.0,0.0,0.0,0.0,0.0,0.0,0.0,0.0,0.0,0.0,0.0,0.0,0.0,0.0,0.0,0.0,0.0,1.776315789473684,0.0,2.664473684210526,1.776315789473684,1.4802631578947367,0.29605263157894735,0.0,MF
Fabián Balbuena,Paraguay,Paraguay,DF,34,1991,Grêmio,1,0,1.0,0.0,0.0,0.0,0.0,0.0,0.0,0.0,0.0,0.0,0.0,0.0,0.0,0.0,0.0,0.0,0.0,0.0,0.0,0.0,0.0,0.0,1.0,0.2,0.0,0,1,1.0,4,1.0,0.0,0.0,0.0,0.0,0.56,0.0,0.0,0.0,0.0,0.0,0.0,0.0,0.0,0.0,0.0,0.0,0.0,0.0,0.0,0.0,0.0,0.0,0.0,0.0,0.0,0.0,0.0,0.0,0.0,0.0,0.0,0.0,0.0,0.0,0.0,0.0,0.0,0.0,0.0,0.0,DF
Gabriel Ávalos,Paraguay,Paraguay,FW,35,1990,Independiente,4,2,141.0,1.6,0.0,0.0,0.0,0.0,0.0,0.0,0.0,0.0,0.0,0.0,0.0,0.0,0.0,1.0,0.0,0.0,0.64,0.0,0.0,0.0,35.0,29.4,60.0,0,2,11.0,1,1.25,1.0,1.0,0.0,0.0,0.8,0.0,1.0,2.0,0.0,0.0,0.0,2.0,0.0,0.0,0.0,0.0,0.0,0.0,0.0,0.0,0.0,0.0,0.0,0.0,0.0,0.0,0.0,0.0,0.0,0.0,0.0,0.0,0.0,0.6382978723404256,0.0,0.0,1.2765957446808511,0.6382978723404256,0.0,0.0,FW
Gastón Olveira,Paraguay,Paraguay,GK,33,1993,Unknown Club,0,0,0.0,0.0,0.0,0.0,0.0,0.0,0.0,0.0,0.0,0.0,0.0,0.0,0.0,0.0,0.0,0.0,0.0,0.0,0.0,0.0,0.0,0.0,0.0,0.0,0.0,0,0,0.0,5,0.0,0.0,0.0,0.0,0.0,0.0,0.0,0.0,0.0,0.0,0.0,0.0,0.0,0.0,0.0,0.0,0.0,0.0,0.0,0.0,0.0,0.0,0.0,0.0,0.0,0.0,0.0,0.0,0.0,0.0,0.0,0.0,0.0,0.0,0.0,0.0,0.0,0.0,0.0,0.0,0.0,GK
Gatito Fernández,Paraguay,Paraguay,GK,38,1988,Unknown Club,0,0,0.0,0.0,0.0,0.0,0.0,0.0,0.0,0.0,0.0,0.0,0.0,0.0,0.0,0.0,0.0,0.0,0.0,0.0,0.0,0.0,0.0,0.0,0.0,0.0,0.0,0,0,0.0,5,0.0,0.0,0.0,0.0,0.0,0.0,0.0,0.0,0.0,0.0,0.0,0.0,0.0,0.0,0.0,0.0,0.0,0.0,0.0,0.0,0.0,0.0,0.0,0.0,0.0,0.0,0.0,0.0,0.0,0.0,0.0,0.0,0.0,0.0,0.0,0.0,0.0,0.0,0.0,0.0,0.0,GK
Gustavo Caballero,Paraguay,Paraguay,"FW,MF",24,2001,Portsmouth,2,0,96.0,1.1,0.0,0.0,0.0,0.0,0.0,0.0,0.0,0.0,0.0,0.0,0.0,0.0,0.0,1.0,1.0,100.0,0.94,0.94,0.0,0.0,48.0,20.0,0.0,0,2,48.0,3,0.5,0.0,1.0,-1.0,-0.94,-0.47,0.0,2.0,2.0,1.0,0.0,0.0,2.0,0.0,0.0,0.0,0.0,0.0,0.0,0.0,0.0,0.0,0.0,0.0,0.0,0.0,0.0,0.0,0.0,0.0,0.0,0.0,0.0,0.0,0.9375,0.9375,0.0,1.875,1.875,0.0,0.0,MF
Gustavo Gómez,Paraguay,Paraguay,DF,33,1993,Palmeiras,5,5,480.0,5.3,0.0,0.0,0.0,0.0,0.0,0.0,0.0,0.0,0.0,0.0,0.0,0.0,0.0,2.0,0.0,0.0,0.37,0.0,0.0,0.0,96.0,100.0,96.0,5,0,0.0,0,1.0,3.0,6.0,-3.0,-0.56,0.0,0.0,3.0,2.0,1.0,0.0,2.0,3.0,0.0,0.0,0.0,0.0,0.0,0.0,0.0,0.0,0.0,0.0,0.0,0.0,0.0,0.0,0.0,0.0,0.0,0.0,0.0,0.0,0.0,0.375,0.0,0.375,0.5625,0.5625,0.0,0.0,DF
Gustavo Velásquez,Paraguay,Paraguay,DF,35,1991,Cerro Porteño,5,2,246.0,2.7,0.0,0.0,0.0,0.0,0.0,0.0,0.0,0.0,0.0,0.0,0.0,0.0,0.0,0.0,0.0,0.0,0.0,0.0,0.0,0.0,49.0,51.3,90.0,2,3,22.0,0,1.0,0.0,2.0,-2.0,-0.73,-0.35,0.0,2.0,0.0,0.0,3.0,1.0,1.0,0.0,0.0,0.0,0.0,0.0,0.0,0.0,0.0,0.0,0.0,0.0,0.0,0.0,0.0,0.0,0.0,0.0,0.0,0.0,0.0,0.0,0.0,0.0,0.3658536585365854,0.3658536585365854,0.7317073170731708,1.0975609756097562,0.0,DF
Isidro Pitta,Paraguay,Paraguay,FW,26,1999,RB Bragantino,1,1,45.0,0.5,0.0,0.0,0.0,0.0,0.0,0.0,0.0,0.0,0.0,0.0,0.0,0.0,0.0,0.0,0.0,0.0,0.0,0.0,0.0,0.0,45.0,9.4,45.0,0,0,0.0,4,3.0,1.0,0.0,1.0,2.0,2.83,0.0,2.0,0.0,2.0,0.0,0.0,0.0,0.0,0.0,0.0,0.0,0.0,0.0,0.0,0.0,0.0,0.0,0.0,0.0,0.0,0.0,0.0,0.0,0.0,0.0,0.0,0.0,0.0,0.0,0.0,0.0,0.0,4.0,0.0,0.0,FW
José Canale,Paraguay,Paraguay,DF,29,1996,Lanús,4,1,161.0,1.8,0.0,0.0,0.0,0.0,0.0,0.0,0.0,0.0,0.0,0.0,0.0,0.0,0.0,0.0,0.0,0.0,0.0,0.0,0.0,0.0,40.0,33.5,120.0,1,3,14.0,1,1.25,1.0,2.0,-1.0,-0.56,0.01,0.0,1.0,2.0,0.0,1.0,1.0,6.0,0.0,0.0,0.0,0.0,0.0,0.0,0.0,0.0,0.0,0.0,0.0,0.0,0.0,0.0,0.0,0.0,0.0,0.0,0.0,0.0,0.0,0.0,0.0,0.5590062111801242,3.3540372670807455,0.5590062111801242,0.5590062111801242,0.0,DF
Juan Cáceres,Paraguay,Paraguay,DF,26,2000,Dynamo Moskva,5,5,436.0,4.8,0.0,0.0,0.0,0.0,0.0,0.0,1.0,0.0,0.0,0.0,0.0,0.0,0.0,2.0,1.0,50.0,0.41,0.21,0.0,0.0,87.0,90.8,87.0,2,0,0.0,0,1.0,3.0,5.0,-2.0,-0.41,1.63,0.0,9.0,6.0,0.0,10.0,5.0,11.0,0.0,0.0,0.0,0.0,0.0,0.0,0.0,0.0,0.0,0.0,0.0,0.0,0.0,0.0,0.0,0.0,0.0,0.0,0.0,0.0,0.0,0.41284403669724773,0.20642201834862386,1.0321100917431194,2.2706422018348627,1.8577981651376148,2.064220183486239,0.0,DF
Julio Enciso,Paraguay,Paraguay,FW,22,2004,Strasbourg,5,5,386.0,4.3,1.0,2.0,3.0,1.0,0.0,0.0,0.0,0.0,0.23,0.47,0.7,0.23,0.7,8.0,1.0,12.5,1.87,0.23,0.13,1.0,77.0,80.4,77.0,2,0,0.0,0,1.0,3.0,5.0,-2.0,-0.47,0.49,0.0,3.0,9.0,0.0,5.0,1.0,5.0,0.0,0.0,0.0,0.0,0.0,0.0,0.0,0.0,0.0,0.0,0.0,0.0,0.0,0.0,0.0,0.0,0.0,0.0,0.0,0.23316062176165803,0.46632124352331605,1.8652849740932642,0.23316062176165803,0.23316062176165803,1.16580310880829,0.6994818652849741,1.16580310880829,0.6994818652849741,FW
Júnior Alonso,Paraguay,Paraguay,DF,33,1993,Atlético Mineiro,5,4,390.0,4.3,0.0,0.0,0.0,0.0,0.0,0.0,1.0,0.0,0.0,0.0,0.0,0.0,0.0,3.0,1.0,33.3,0.69,0.23,0.0,0.0,78.0,81.3,97.0,3,1,1.0,0,1.0,3.0,6.0,-3.0,-0.69,-0.69,0.0,3.0,3.0,1.0,2.0,4.0,9.0,0.0,0.0,0.0,0.0,0.0,0.0,0.0,0.0,0.0,0.0,0.0,0.0,0.0,0.0,0.0,0.0,0.0,0.0,0.0,0.0,0.0,0.6923076923076923,0.23076923076923078,0.9230769230769231,2.076923076923077,0.6923076923076923,0.46153846153846156,0.0,DF
Kaku,Paraguay,Paraguay,MF,31,1995,Unknown Club,1,0,11.0,0.1,0.0,0.0,0.0,0.0,0.0,0.0,0.0,0.0,0.0,0.0,0.0,0.0,0.0,0.0,0.0,0.0,0.0,0.0,0.0,0.0,11.0,2.3,0.0,0,1,11.0,4,0.0,0.0,1.0,-1.0,-8.18,-7.8,0.0,1.0,1.0,0.0,0.0,0.0,0.0,0.0,0.0,0.0,0.0,0.0,0.0,0.0,0.0,0.0,0.0,0.0,0.0,0.0,0.0,0.0,0.0,0.0,0.0,0.0,0.0,0.0,0.0,0.0,0.0,0.0,8.181818181818182,0.0,0.0,MF
Matías Galarza,Paraguay,Paraguay,MF,24,2002,Atlanta Utd,4,4,388.0,4.3,1.0,1.0,2.0,1.0,0.0,0.0,2.0,0.0,0.23,0.23,0.46,0.23,0.46,2.0,1.0,50.0,0.46,0.23,0.5,1.0,97.0,80.8,97.0,2,0,0.0,1,1.25,2.0,2.0,0.0,0.0,2.93,0.0,10.0,9.0,0.0,4.0,7.0,11.0,0.0,0.0,0.0,0.0,0.0,0.0,0.0,0.0,0.0,0.0,0.0,0.0,0.0,0.0,0.0,0.0,0.0,0.0,0.0,0.23195876288659795,0.23195876288659795,0.4639175257731959,0.23195876288659795,1.6237113402061853,2.551546391752577,2.319587628865979,0.9278350515463918,0.4639175257731959,MF
Mauricio,Paraguay,Paraguay,MF,25,2001,Palmeiras,4,0,173.0,1.9,1.0,0.0,1.0,1.0,0.0,0.0,0.0,0.0,0.52,0.0,0.52,0.52,0.52,4.0,3.0,75.0,2.08,1.56,0.25,0.33,43.0,36.0,0.0,0,4,43.0,1,0.5,1.0,1.0,0.0,0.0,0.88,0.0,3.0,3.0,0.0,11.0,1.0,6.0,0.0,0.0,0.0,0.0,0.0,0.0,0.0,0.0,0.0,0.0,0.0,0.0,0.0,0.0,0.0,0.0,0.0,0.0,0.0,0.5202312138728323,0.0,2.0809248554913293,1.5606936416184969,0.5202312138728323,3.1213872832369938,1.5606936416184969,5.722543352601155,0.5202312138728323,MF
Miguel Almirón,Paraguay,Paraguay,"MF,FW",32,1994,Atlanta Utd,4,4,282.0,3.1,0.0,0.0,0.0,0.0,0.0,0.0,1.0,1.0,0.0,0.0,0.0,0.0,0.0,4.0,0.0,0.0,1.28,0.0,0.0,0.0,71.0,58.8,71.0,0,0,0.0,0,1.0,3.0,5.0,-2.0,-0.64,-0.18,0.0,2.0,7.0,0.0,4.0,3.0,7.0,0.0,0.0,0.0,0.0,0.0,0.0,0.0,0.0,0.0,0.0,0.0,0.0,0.0,0.0,0.0,0.0,0.0,0.0,0.0,0.0,0.0,1.2765957446808511,0.0,0.9574468085106382,2.2340425531914896,0.6382978723404256,1.2765957446808511,0.0,MF
Omar Alderete,Paraguay,Paraguay,DF,29,1996,Sunderland,4,4,320.0,3.6,0.0,0.0,0.0,0.0,0.0,0.0,0.0,0.0,0.0,0.0,0.0,0.0,0.0,1.0,0.0,0.0,0.28,0.0,0.0,0.0,80.0,66.7,80.0,2,0,0.0,1,1.0,2.0,4.0,-2.0,-0.56,0.0,0.0,2.0,3.0,0.0,0.0,2.0,0.0,0.0,0.0,0.0,0.0,0.0,0.0,0.0,0.0,0.0,0.0,0.0,0.0,0.0,0.0,0.0,0.0,0.0,0.0,0.0,0.0,0.0,0.28125,0.0,0.5625,0.0,0.5625,0.0,0.0,DF
Orlando Gill,Paraguay,Paraguay,GK,26,2000,San Lorenzo,5,5,480.0,5.3,0.0,0.0,0.0,0.0,0.0,0.0,0.0,0.0,0.0,0.0,0.0,0.0,0.0,0.0,0.0,0.0,0.0,0.0,0.0,0.0,96.0,100.0,96.0,5,0,0.0,0,1.0,3.0,6.0,-3.0,-0.56,0.0,0.0,0.0,3.0,0.0,0.0,0.0,0.0,0.0,5.0,5.0,480.0,6.0,1.13,29.0,23.0,79.3,1.0,2.0,2.0,2.0,40.0,1.0,1.0,0.0,0.0,0.0,0.0,0.0,0.0,0.0,0.0,0.0,0.0,0.0,0.0,GK
Ramón Sosa,Paraguay,Paraguay,"FW,MF",26,1999,Palmeiras,1,0,12.0,0.1,0.0,0.0,0.0,0.0,0.0,0.0,0.0,0.0,0.0,0.0,0.0,0.0,0.0,0.0,0.0,0.0,0.0,0.0,0.0,0.0,12.0,2.5,0.0,0,1,12.0,4,0.0,0.0,1.0,-1.0,-7.5,-7.12,0.0,0.0,1.0,0.0,0.0,0.0,0.0,0.0,0.0,0.0,0.0,0.0,0.0,0.0,0.0,0.0,0.0,0.0,0.0,0.0,0.0,0.0,0.0,0.0,0.0,0.0,0.0,0.0,0.0,0.0,0.0,0.0,0.0,0.0,0.0,MF
Álex Arce,Paraguay,Paraguay,FW,30,1995,Ind. Rivadavia,2,0,53.0,0.6,0.0,0.0,0.0,0.0,0.0,0.0,1.0,0.0,0.0,0.0,0.0,0.0,0.0,0.0,0.0,0.0,0.0,0.0,0.0,0.0,27.0,11.0,0.0,0,2,27.0,3,0.5,1.0,1.0,0.0,0.0,0.63,0.0,1.0,0.0,0.0,0.0,0.0,1.0,0.0,0.0,0.0,0.0,0.0,0.0,0.0,0.0,0.0,0.0,0.0,0.0,0.0,0.0,0.0,0.0,0.0,0.0,0.0,0.0,0.0,0.0,0.0,0.0,1.6981132075471697,1.6981132075471697,0.0,0.0,FW
Bernardo Silva,Portugal,Portugal,MF,31,1994,Manchester City,4,1,97.0,1.1,0.0,0.0,0.0,0.0,0.0,0.0,2.0,0.0,0.0,0.0,0.0,0.0,0.0,1.0,0.0,0.0,0.93,0.0,0.0,0.0,24.0,21.6,45.0,0,3,17.0,1,1.75,4.0,2.0,2.0,1.86,1.09,0.0,3.0,0.0,0.0,0.0,1.0,0.0,0.0,0.0,0.0,0.0,0.0,0.0,0.0,0.0,0.0,0.0,0.0,0.0,0.0,0.0,0.0,0.0,0.0,0.0,0.0,0.0,0.0,0.9278350515463918,0.0,0.9278350515463918,0.0,2.783505154639175,0.0,0.0,MF
Bruno Fernandes,Portugal,Portugal,MF,31,1994,Manchester Utd,5,5,422.0,4.7,0.0,1.0,1.0,0.0,0.0,0.0,0.0,0.0,0.0,0.21,0.21,0.0,0.21,9.0,3.0,33.3,1.92,0.64,0.0,0.0,84.0,93.8,84.0,4,0,0.0,0,1.6,6.0,3.0,3.0,0.64,-5.79,0.0,2.0,8.0,1.0,22.0,0.0,5.0,0.0,0.0,0.0,0.0,0.0,0.0,0.0,0.0,0.0,0.0,0.0,0.0,0.0,0.0,0.0,0.0,0.0,0.0,0.0,0.0,0.2132701421800948,1.9194312796208532,0.6398104265402843,0.0,1.066350710900474,0.4265402843601896,4.691943127962085,0.2132701421800948,MF
Cristiano Ronaldo,Portugal,Portugal,FW,41,1985,Al-Nassr,5,5,440.0,4.9,3.0,0.0,3.0,2.0,1.0,1.0,0.0,0.0,0.61,0.0,0.61,0.41,0.41,18.0,9.0,50.0,3.68,1.84,0.11,0.22,88.0,97.8,88.0,4,0,0.0,0,1.6,7.0,3.0,4.0,0.82,-8.18,0.0,2.0,5.0,6.0,0.0,1.0,1.0,0.0,0.0,0.0,0.0,0.0,0.0,0.0,0.0,0.0,0.0,0.0,0.0,0.0,0.0,0.0,0.0,0.0,0.0,0.0,0.6136363636363636,0.0,3.6818181818181817,1.8409090909090908,0.20454545454545453,0.20454545454545453,0.40909090909090906,0.0,0.6136363636363636,FW
Diogo Costa,Portugal,Portugal,GK,26,1999,Porto,5,5,450.0,5.0,0.0,0.0,0.0,0.0,0.0,0.0,0.0,0.0,0.0,0.0,0.0,0.0,0.0,0.0,0.0,0.0,0.0,0.0,0.0,0.0,90.0,100.0,90.0,5,0,0.0,0,1.6,8.0,3.0,5.0,1.0,0.0,0.0,0.0,1.0,0.0,0.0,0.0,0.0,0.0,5.0,5.0,450.0,3.0,0.6,22.0,19.0,86.4,2.0,2.0,1.0,2.0,40.0,0.0,0.0,0.0,0.0,0.0,0.0,0.0,0.0,0.0,0.0,0.0,0.0,0.0,0.0,GK
Diogo Dalot,Portugal,Portugal,"DF,MF",27,1999,Manchester Utd,2,0,65.0,0.7,0.0,0.0,0.0,0.0,0.0,0.0,0.0,0.0,0.0,0.0,0.0,0.0,0.0,1.0,0.0,0.0,1.38,0.0,0.0,0.0,33.0,14.4,0.0,0,2,33.0,3,0.5,0.0,1.0,-1.0,-1.38,-2.79,0.0,0.0,1.0,0.0,1.0,0.0,2.0,0.0,0.0,0.0,0.0,0.0,0.0,0.0,0.0,0.0,0.0,0.0,0.0,0.0,0.0,0.0,0.0,0.0,0.0,0.0,0.0,0.0,1.3846153846153846,0.0,0.0,2.769230769230769,0.0,1.3846153846153846,0.0,DF
Francisco Conceição,Portugal,Portugal,MF,23,2002,Juventus,4,0,126.0,1.4,0.0,0.0,0.0,0.0,0.0,0.0,0.0,0.0,0.0,0.0,0.0,0.0,0.0,2.0,0.0,0.0,1.43,0.0,0.0,0.0,32.0,28.0,0.0,0,4,32.0,1,1.75,4.0,1.0,3.0,2.14,1.59,0.0,1.0,2.0,1.0,3.0,0.0,2.0,0.0,0.0,0.0,0.0,0.0,0.0,0.0,0.0,0.0,0.0,0.0,0.0,0.0,0.0,0.0,0.0,0.0,0.0,0.0,0.0,0.0,1.4285714285714284,0.0,0.0,1.4285714285714284,0.7142857142857142,2.142857142857143,0.0,MF
Francisco Trincão,Portugal,Portugal,"FW,MF",26,1999,Sporting CP,1,0,28.0,0.3,0.0,0.0,0.0,0.0,0.0,0.0,0.0,0.0,0.0,0.0,0.0,0.0,0.0,1.0,0.0,0.0,3.21,0.0,0.0,0.0,28.0,6.2,0.0,0,1,28.0,4,3.0,1.0,0.0,1.0,3.21,2.36,0.0,0.0,0.0,0.0,0.0,0.0,1.0,0.0,0.0,0.0,0.0,0.0,0.0,0.0,0.0,0.0,0.0,0.0,0.0,0.0,0.0,0.0,0.0,0.0,0.0,0.0,0.0,0.0,3.214285714285714,0.0,0.0,3.214285714285714,0.0,0.0,0.0,MF
Gonçalo Guedes,Portugal,Portugal,"FW,MF",29,1996,Unknown Club,0,0,0.0,0.0,0.0,0.0,0.0,0.0,0.0,0.0,0.0,0.0,0.0,0.0,0.0,0.0,0.0,0.0,0.0,0.0,0.0,0.0,0.0,0.0,0.0,0.0,0.0,0,0,0.0,5,0.0,0.0,0.0,0.0,0.0,0.0,0.0,0.0,0.0,0.0,0.0,0.0,0.0,0.0,0.0,0.0,0.0,0.0,0.0,0.0,0.0,0.0,0.0,0.0,0.0,0.0,0.0,0.0,0.0,0.0,0.0,0.0,0.0,0.0,0.0,0.0,0.0,0.0,0.0,0.0,0.0,MF
Gonçalo Inácio,Portugal,Portugal,DF,24,2001,Unknown Club,0,0,0.0,0.0,0.0,0.0,0.0,0.0,0.0,0.0,0.0,0.0,0.0,0.0,0.0,0.0,0.0,0.0,0.0,0.0,0.0,0.0,0.0,0.0,0.0,0.0,0.0,0,0,0.0,5,0.0,0.0,0.0,0.0,0.0,0.0,0.0,0.0,0.0,0.0,0.0,0.0,0.0,0.0,0.0,0.0,0.0,0.0,0.0,0.0,0.0,0.0,0.0,0.0,0.0,0.0,0.0,0.0,0.0,0.0,0.0,0.0,0.0,0.0,0.0,0.0,0.0,0.0,0.0,0.0,0.0,DF
Gonçalo Ramos,Portugal,Portugal,FW,24,2001,PSG,2,0,36.0,0.4,1.0,0.0,1.0,1.0,0.0,0.0,0.0,0.0,2.5,0.0,2.5,2.5,2.5,2.0,1.0,50.0,5.0,2.5,0.5,1.0,18.0,8.0,0.0,0,2,18.0,3,2.0,2.0,0.0,2.0,5.0,4.35,0.0,0.0,0.0,0.0,0.0,0.0,0.0,0.0,0.0,0.0,0.0,0.0,0.0,0.0,0.0,0.0,0.0,0.0,0.0,0.0,0.0,0.0,0.0,0.0,0.0,0.0,2.5,0.0,5.0,2.5,0.0,0.0,0.0,0.0,2.5,FW
José Sá,Portugal,Portugal,GK,33,1993,Unknown Club,0,0,0.0,0.0,0.0,0.0,0.0,0.0,0.0,0.0,0.0,0.0,0.0,0.0,0.0,0.0,0.0,0.0,0.0,0.0,0.0,0.0,0.0,0.0,0.0,0.0,0.0,0,0,0.0,5,0.0,0.0,0.0,0.0,0.0,0.0,0.0,0.0,0.0,0.0,0.0,0.0,0.0,0.0,0.0,0.0,0.0,0.0,0.0,0.0,0.0,0.0,0.0,0.0,0.0,0.0,0.0,0.0,0.0,0.0,0.0,0.0,0.0,0.0,0.0,0.0,0.0,0.0,0.0,0.0,0.0,GK
João Cancelo,Portugal,Portugal,DF,32,1994,Barcelona,5,5,312.0,3.5,0.0,1.0,1.0,0.0,0.0,0.0,0.0,0.0,0.0,0.29,0.29,0.0,0.29,3.0,0.0,0.0,0.87,0.0,0.0,0.0,62.0,69.3,62.0,1,0,0.0,0,1.6,4.0,2.0,2.0,0.58,-1.38,0.0,6.0,2.0,1.0,17.0,5.0,4.0,0.0,0.0,0.0,0.0,0.0,0.0,0.0,0.0,0.0,0.0,0.0,0.0,0.0,0.0,0.0,0.0,0.0,0.0,0.0,0.0,0.28846153846153844,0.8653846153846154,0.0,1.442307692307692,1.1538461538461537,1.7307692307692308,4.903846153846154,0.28846153846153844,DF
João Félix,Portugal,Portugal,MF,26,1999,Al-Nassr,3,3,201.0,2.2,0.0,0.0,0.0,0.0,0.0,0.0,0.0,0.0,0.0,0.0,0.0,0.0,0.0,6.0,1.0,16.7,2.69,0.45,0.0,0.0,67.0,44.7,67.0,0,0,0.0,2,1.33,4.0,0.0,4.0,1.79,1.43,0.0,3.0,6.0,0.0,4.0,3.0,4.0,0.0,0.0,0.0,0.0,0.0,0.0,0.0,0.0,0.0,0.0,0.0,0.0,0.0,0.0,0.0,0.0,0.0,0.0,0.0,0.0,0.0,2.6865671641791042,0.44776119402985076,1.3432835820895521,1.791044776119403,1.3432835820895521,1.791044776119403,0.0,MF
João Neves,Portugal,Portugal,MF,21,2004,PSG,5,4,390.0,4.3,1.0,0.0,1.0,1.0,0.0,0.0,0.0,0.0,0.23,0.0,0.23,0.23,0.23,3.0,1.0,33.3,0.69,0.23,0.33,1.0,78.0,86.7,86.0,3,1,45.0,0,1.6,7.0,3.0,4.0,0.92,-0.58,0.0,1.0,4.0,0.0,2.0,4.0,7.0,0.0,0.0,0.0,0.0,0.0,0.0,0.0,0.0,0.0,0.0,0.0,0.0,0.0,0.0,0.0,0.0,0.0,0.0,0.0,0.23076923076923078,0.0,0.6923076923076923,0.23076923076923078,0.9230769230769231,1.6153846153846152,0.23076923076923078,0.46153846153846156,0.23076923076923078,MF
Matheus Nunes,Portugal,Portugal,"DF,MF",27,1998,Manchester City,1,0,1.0,0.0,0.0,0.0,0.0,0.0,0.0,0.0,0.0,0.0,0.0,0.0,0.0,0.0,0.0,0.0,0.0,0.0,0.0,0.0,0.0,0.0,1.0,0.2,0.0,0,1,1.0,4,1.0,0.0,0.0,0.0,0.0,-1.0,0.0,0.0,0.0,0.0,0.0,0.0,0.0,0.0,0.0,0.0,0.0,0.0,0.0,0.0,0.0,0.0,0.0,0.0,0.0,0.0,0.0,0.0,0.0,0.0,0.0,0.0,0.0,0.0,0.0,0.0,0.0,0.0,0.0,0.0,0.0,DF
Nuno Mendes,Portugal,Portugal,DF,23,2002,PSG,5,5,395.0,4.4,1.0,0.0,1.0,1.0,0.0,0.0,0.0,0.0,0.23,0.0,0.23,0.23,0.23,3.0,1.0,33.3,0.68,0.23,0.33,1.0,79.0,87.8,79.0,2,0,0.0,0,1.6,8.0,2.0,6.0,1.37,3.0,0.0,3.0,12.0,1.0,19.0,0.0,6.0,0.0,0.0,0.0,0.0,0.0,0.0,0.0,0.0,0.0,0.0,0.0,0.0,0.0,0.0,0.0,0.0,0.0,0.0,0.0,0.22784810126582278,0.0,0.6835443037974683,0.22784810126582278,0.0,1.3670886075949367,0.6835443037974683,4.329113924050633,0.22784810126582278,DF
Nélson Semedo,Portugal,Portugal,"DF,MF",32,1993,Fenerbahçe,4,0,127.0,1.4,0.0,0.0,0.0,0.0,0.0,0.0,1.0,0.0,0.0,0.0,0.0,0.0,0.0,0.0,0.0,0.0,0.0,0.0,0.0,0.0,32.0,28.2,0.0,0,4,32.0,1,1.75,4.0,1.0,3.0,2.13,1.57,0.0,2.0,2.0,0.0,3.0,0.0,0.0,0.0,0.0,0.0,0.0,0.0,0.0,0.0,0.0,0.0,0.0,0.0,0.0,0.0,0.0,0.0,0.0,0.0,0.0,0.0,0.0,0.0,0.0,0.0,0.0,0.0,1.4173228346456692,2.1259842519685037,0.0,DF
Pedro Neto,Portugal,Portugal,MF,26,2000,Chelsea,5,5,350.0,3.9,0.0,1.0,1.0,0.0,0.0,0.0,0.0,0.0,0.0,0.26,0.26,0.0,0.26,1.0,0.0,0.0,0.26,0.0,0.0,0.0,70.0,77.8,70.0,1,0,0.0,0,1.6,4.0,2.0,2.0,0.51,-2.19,0.0,4.0,4.0,0.0,13.0,0.0,2.0,0.0,0.0,0.0,0.0,0.0,0.0,0.0,0.0,0.0,0.0,0.0,0.0,0.0,0.0,0.0,0.0,0.0,0.0,0.0,0.0,0.2571428571428571,0.2571428571428571,0.0,0.0,0.5142857142857142,1.0285714285714285,3.342857142857143,0.2571428571428571,MF
Rafael Leão,Portugal,Portugal,MF,27,1999,Milan,5,1,158.0,1.8,1.0,1.0,2.0,1.0,0.0,0.0,0.0,0.0,0.57,0.57,1.14,0.57,1.14,4.0,1.0,25.0,2.28,0.57,0.25,1.0,32.0,35.1,90.0,1,4,17.0,0,1.6,3.0,2.0,1.0,0.57,-0.66,0.0,1.0,2.0,0.0,7.0,2.0,0.0,0.0,0.0,0.0,0.0,0.0,0.0,0.0,0.0,0.0,0.0,0.0,0.0,0.0,0.0,0.0,0.0,0.0,0.0,0.0,0.569620253164557,0.569620253164557,2.278481012658228,0.569620253164557,1.139240506329114,0.0,0.569620253164557,3.9873417721518987,1.139240506329114,MF
Renato Veiga,Portugal,Portugal,DF,22,2003,Villarreal,5,5,450.0,5.0,0.0,0.0,0.0,0.0,0.0,0.0,2.0,0.0,0.0,0.0,0.0,0.0,0.0,2.0,0.0,0.0,0.4,0.0,0.0,0.0,90.0,100.0,90.0,5,0,0.0,0,1.6,8.0,3.0,5.0,1.0,0.0,0.0,5.0,3.0,0.0,0.0,6.0,1.0,0.0,0.0,0.0,0.0,0.0,0.0,0.0,0.0,0.0,0.0,0.0,0.0,0.0,0.0,0.0,0.0,0.0,0.0,0.0,0.0,0.0,0.4,0.0,1.2000000000000002,0.2,1.0,0.0,0.0,DF
Rui Silva,Portugal,Portugal,GK,32,1994,Unknown Club,0,0,0.0,0.0,0.0,0.0,0.0,0.0,0.0,0.0,0.0,0.0,0.0,0.0,0.0,0.0,0.0,0.0,0.0,0.0,0.0,0.0,0.0,0.0,0.0,0.0,0.0,0,0,0.0,5,0.0,0.0,0.0,0.0,0.0,0.0,0.0,0.0,0.0,0.0,0.0,0.0,0.0,0.0,0.0,0.0,0.0,0.0,0.0,0.0,0.0,0.0,0.0,0.0,0.0,0.0,0.0,0.0,0.0,0.0,0.0,0.0,0.0,0.0,0.0,0.0,0.0,0.0,0.0,0.0,0.0,GK
Rúben Dias,Portugal,Portugal,DF,29,1997,Manchester City,4,4,360.0,4.0,0.0,0.0,0.0,0.0,0.0,0.0,1.0,0.0,0.0,0.0,0.0,0.0,0.0,0.0,0.0,0.0,0.0,0.0,0.0,0.0,90.0,80.0,90.0,4,0,0.0,1,1.75,7.0,2.0,5.0,1.25,1.25,0.0,6.0,3.0,0.0,0.0,5.0,3.0,0.0,0.0,0.0,0.0,0.0,0.0,0.0,0.0,0.0,0.0,0.0,0.0,0.0,0.0,0.0,0.0,0.0,0.0,0.0,0.0,0.0,0.0,0.0,1.25,0.75,1.5,0.0,0.0,DF
Rúben Neves,Portugal,Portugal,MF,29,1997,Al-Hilal,2,1,55.0,0.6,0.0,0.0,0.0,0.0,0.0,0.0,0.0,0.0,0.0,0.0,0.0,0.0,0.0,2.0,0.0,0.0,3.27,0.0,0.0,0.0,28.0,12.2,45.0,0,1,10.0,3,2.0,1.0,0.0,1.0,1.64,0.72,0.0,0.0,0.0,0.0,0.0,0.0,0.0,0.0,0.0,0.0,0.0,0.0,0.0,0.0,0.0,0.0,0.0,0.0,0.0,0.0,0.0,0.0,0.0,0.0,0.0,0.0,0.0,0.0,3.2727272727272725,0.0,0.0,0.0,0.0,0.0,0.0,MF
Samu Costa,Portugal,Portugal,MF,25,2000,Mallorca,1,0,21.0,0.2,0.0,0.0,0.0,0.0,0.0,0.0,0.0,0.0,0.0,0.0,0.0,0.0,0.0,0.0,0.0,0.0,0.0,0.0,0.0,0.0,21.0,4.7,0.0,0,1,21.0,4,1.0,0.0,0.0,0.0,0.0,-1.05,0.0,0.0,0.0,0.0,0.0,0.0,1.0,0.0,0.0,0.0,0.0,0.0,0.0,0.0,0.0,0.0,0.0,0.0,0.0,0.0,0.0,0.0,0.0,0.0,0.0,0.0,0.0,0.0,0.0,0.0,0.0,4.285714285714286,0.0,0.0,0.0,MF
Tomás Araújo,Portugal,Portugal,DF,24,2002,Benfica,1,1,90.0,1.0,0.0,0.0,0.0,0.0,0.0,0.0,1.0,0.0,0.0,0.0,0.0,0.0,0.0,0.0,0.0,0.0,0.0,0.0,0.0,0.0,90.0,20.0,90.0,1,0,0.0,4,1.0,1.0,1.0,0.0,0.0,-1.25,0.0,1.0,0.0,0.0,0.0,1.0,0.0,0.0,0.0,0.0,0.0,0.0,0.0,0.0,0.0,0.0,0.0,0.0,0.0,0.0,0.0,0.0,0.0,0.0,0.0,0.0,0.0,0.0,0.0,0.0,1.0,0.0,1.0,0.0,0.0,DF
Vitinha,Portugal,Portugal,MF,26,2000,PSG,5,5,376.0,4.2,0.0,0.0,0.0,0.0,0.0,0.0,0.0,0.0,0.0,0.0,0.0,0.0,0.0,4.0,0.0,0.0,0.96,0.0,0.0,0.0,75.0,83.6,75.0,0,0,0.0,0,1.6,5.0,2.0,3.0,0.72,-1.71,0.0,4.0,5.0,0.0,1.0,2.0,0.0,0.0,0.0,0.0,0.0,0.0,0.0,0.0,0.0,0.0,0.0,0.0,0.0,0.0,0.0,0.0,0.0,0.0,0.0,0.0,0.0,0.0,0.9574468085106382,0.0,0.4787234042553191,0.0,0.9574468085106382,0.23936170212765956,0.0,MF
Abdulaziz Hatem,Qatar,Qatar,MF,36,1990,Unknown Club,1,0,45.0,0.5,0.0,0.0,0.0,0.0,0.0,0.0,0.0,0.0,0.0,0.0,0.0,0.0,0.0,0.0,0.0,0.0,0.0,0.0,0.0,0.0,45.0,16.7,0.0,0,1,45.0,2,0.0,0.0,1.0,-1.0,-2.0,0.8,0.0,1.0,0.0,0.0,0.0,0.0,0.0,0.0,0.0,0.0,0.0,0.0,0.0,0.0,0.0,0.0,0.0,0.0,0.0,0.0,0.0,0.0,0.0,0.0,0.0,0.0,0.0,0.0,0.0,0.0,0.0,0.0,2.0,0.0,0.0,MF
Ahmed Al-Ganehi,Qatar,Qatar,FW,25,2000,Unknown Club,1,0,36.0,0.4,0.0,0.0,0.0,0.0,0.0,0.0,0.0,0.0,0.0,0.0,0.0,0.0,0.0,1.0,0.0,0.0,2.5,0.0,0.0,0.0,36.0,13.3,0.0,0,1,36.0,2,0.0,0.0,1.0,-1.0,-2.5,0.19,0.0,1.0,0.0,0.0,1.0,0.0,1.0,0.0,0.0,0.0,0.0,0.0,0.0,0.0,0.0,0.0,0.0,0.0,0.0,0.0,0.0,0.0,0.0,0.0,0.0,0.0,0.0,0.0,2.5,0.0,0.0,2.5,2.5,2.5,0.0,FW
Ahmed Alaaeldin,Qatar,Qatar,FW,33,1993,Unknown Club,2,0,43.0,0.5,0.0,0.0,0.0,0.0,0.0,0.0,0.0,0.0,0.0,0.0,0.0,0.0,0.0,1.0,1.0,100.0,2.09,2.09,0.0,0.0,22.0,15.9,0.0,0,2,22.0,1,0.5,1.0,1.0,0.0,0.0,3.17,0.0,1.0,1.0,0.0,0.0,0.0,1.0,0.0,0.0,0.0,0.0,0.0,0.0,0.0,0.0,0.0,0.0,0.0,0.0,0.0,0.0,0.0,0.0,0.0,0.0,0.0,0.0,0.0,2.0930232558139537,2.0930232558139537,0.0,2.0930232558139537,2.0930232558139537,0.0,0.0,FW
Ahmed Fathy,Qatar,Qatar,MF,33,1993,Unknown Club,3,1,150.0,1.7,0.0,0.0,0.0,0.0,0.0,0.0,2.0,0.0,0.0,0.0,0.0,0.0,0.0,0.0,0.0,0.0,0.0,0.0,0.0,0.0,50.0,55.6,78.0,0,2,36.0,0,0.33,2.0,4.0,-2.0,-1.2,3.3,0.0,2.0,1.0,0.0,0.0,3.0,3.0,0.0,0.0,0.0,0.0,0.0,0.0,0.0,0.0,0.0,0.0,0.0,0.0,0.0,0.0,0.0,0.0,0.0,0.0,0.0,0.0,0.0,0.0,0.0,1.8,1.8,1.2000000000000002,0.0,0.0,MF
Akram Afif,Qatar,Qatar,"FW,MF",29,1996,Unknown Club,3,3,238.0,2.6,0.0,0.0,0.0,0.0,0.0,0.0,0.0,0.0,0.0,0.0,0.0,0.0,0.0,2.0,0.0,0.0,0.76,0.0,0.0,0.0,79.0,88.1,79.0,2,0,0.0,0,0.33,2.0,7.0,-5.0,-1.89,6.55,0.0,0.0,4.0,2.0,11.0,0.0,1.0,0.0,0.0,0.0,0.0,0.0,0.0,0.0,0.0,0.0,0.0,0.0,0.0,0.0,0.0,0.0,0.0,0.0,0.0,0.0,0.0,0.0,0.7563025210084033,0.0,0.0,0.37815126050420167,0.0,4.159663865546219,0.0,MF
Al-Hashmi Al-Hussain,Qatar,Qatar,MF,22,2003,Unknown Club,1,0,32.0,0.4,0.0,0.0,0.0,0.0,0.0,0.0,0.0,0.0,0.0,0.0,0.0,0.0,0.0,0.0,0.0,0.0,0.0,0.0,0.0,0.0,32.0,11.9,0.0,0,1,32.0,2,0.0,0.0,3.0,-3.0,-8.44,-6.55,0.0,2.0,2.0,0.0,0.0,1.0,2.0,0.0,0.0,0.0,0.0,0.0,0.0,0.0,0.0,0.0,0.0,0.0,0.0,0.0,0.0,0.0,0.0,0.0,0.0,0.0,0.0,0.0,0.0,0.0,2.8125,5.625,5.625,0.0,0.0,MF
Almoez Ali,Qatar,Qatar,FW,29,1996,Unknown Club,1,0,19.0,0.2,0.0,0.0,0.0,0.0,0.0,0.0,0.0,0.0,0.0,0.0,0.0,0.0,0.0,1.0,1.0,100.0,4.74,4.74,0.0,0.0,19.0,7.0,0.0,0,1,19.0,2,0.0,0.0,1.0,-1.0,-4.74,-2.23,0.0,0.0,0.0,0.0,0.0,0.0,0.0,0.0,0.0,0.0,0.0,0.0,0.0,0.0,0.0,0.0,0.0,0.0,0.0,0.0,0.0,0.0,0.0,0.0,0.0,0.0,0.0,0.0,4.7368421052631575,4.7368421052631575,0.0,0.0,0.0,0.0,0.0,FW
Assim Madibo,Qatar,Qatar,MF,29,1996,Unknown Club,2,2,131.0,1.5,0.0,0.0,0.0,0.0,0.0,0.0,0.0,1.0,0.0,0.0,0.0,0.0,0.0,0.0,0.0,0.0,0.0,0.0,0.0,0.0,66.0,48.5,66.0,0,0,0.0,0,0.5,0.0,4.0,-4.0,-2.75,-0.16,0.0,2.0,1.0,0.0,0.0,4.0,1.0,0.0,0.0,0.0,0.0,0.0,0.0,0.0,0.0,0.0,0.0,0.0,0.0,0.0,0.0,0.0,0.0,0.0,0.0,0.0,0.0,0.0,0.0,0.0,2.748091603053435,0.6870229007633587,1.3740458015267174,0.0,0.0,MF
Ayoub Al-Oui,Qatar,Qatar,DF,21,2005,Unknown Club,2,2,149.0,1.7,0.0,0.0,0.0,0.0,0.0,0.0,0.0,0.0,0.0,0.0,0.0,0.0,0.0,0.0,0.0,0.0,0.0,0.0,0.0,0.0,75.0,55.2,75.0,1,0,0.0,1,0.5,0.0,7.0,-7.0,-4.23,-3.48,0.0,1.0,0.0,0.0,0.0,2.0,0.0,0.0,0.0,0.0,0.0,0.0,0.0,0.0,0.0,0.0,0.0,0.0,0.0,0.0,0.0,0.0,0.0,0.0,0.0,0.0,0.0,0.0,0.0,0.0,1.2080536912751678,0.0,0.6040268456375839,0.0,0.0,DF
Boualem Khoukhi,Qatar,Qatar,DF,35,1990,Unknown Club,3,3,270.0,3.0,1.0,0.0,1.0,1.0,0.0,0.0,0.0,0.0,0.33,0.0,0.33,0.33,0.33,3.0,1.0,33.3,1.0,0.33,0.33,1.0,90.0,100.0,90.0,3,0,0.0,0,0.33,2.0,10.0,-8.0,-2.67,0.0,0.0,2.0,1.0,0.0,2.0,3.0,3.0,0.0,0.0,0.0,0.0,0.0,0.0,0.0,0.0,0.0,0.0,0.0,0.0,0.0,0.0,0.0,0.0,0.0,0.0,0.0,0.33333333333333337,0.0,1.0,0.33333333333333337,1.0,1.0,0.6666666666666667,0.6666666666666667,0.33333333333333337,DF
Edmilson Junior,Qatar,Qatar,"MF,FW",31,1994,Unknown Club,3,3,210.0,2.3,0.0,1.0,1.0,0.0,0.0,0.0,0.0,0.0,0.0,0.43,0.43,0.0,0.43,3.0,2.0,66.7,1.29,0.86,0.0,0.0,70.0,77.8,70.0,0,0,0.0,0,0.33,1.0,6.0,-5.0,-2.14,2.36,0.0,4.0,2.0,1.0,4.0,0.0,1.0,0.0,0.0,0.0,0.0,0.0,0.0,0.0,0.0,0.0,0.0,0.0,0.0,0.0,0.0,0.0,0.0,0.0,0.0,0.0,0.0,0.4285714285714286,1.2857142857142856,0.8571428571428572,0.0,0.4285714285714286,1.7142857142857144,1.7142857142857144,0.4285714285714286,MF
Hassan Al-Haydos,Qatar,Qatar,MF,35,1990,Unknown Club,2,1,57.0,0.6,1.0,0.0,1.0,1.0,0.0,0.0,0.0,0.0,1.58,0.0,1.58,1.58,1.58,1.0,1.0,100.0,1.58,1.58,1.0,1.0,29.0,21.1,54.0,0,1,3.0,1,0.5,2.0,2.0,0.0,0.0,3.38,0.0,1.0,1.0,0.0,0.0,0.0,0.0,0.0,0.0,0.0,0.0,0.0,0.0,0.0,0.0,0.0,0.0,0.0,0.0,0.0,0.0,0.0,0.0,0.0,0.0,0.0,1.5789473684210527,0.0,1.5789473684210527,1.5789473684210527,0.0,0.0,1.5789473684210527,0.0,1.5789473684210527,MF
Homam Ahmed,Qatar,Qatar,DF,26,1999,Cultural Leonesa,2,2,122.0,1.4,0.0,1.0,1.0,0.0,0.0,0.0,0.0,1.0,0.0,0.74,0.74,0.0,0.74,1.0,0.0,0.0,0.74,0.0,0.0,0.0,61.0,45.2,61.0,1,0,0.0,0,0.5,1.0,3.0,-2.0,-1.48,2.17,0.0,4.0,0.0,0.0,3.0,3.0,1.0,0.0,0.0,0.0,0.0,0.0,0.0,0.0,0.0,0.0,0.0,0.0,0.0,0.0,0.0,0.0,0.0,0.0,0.0,0.0,0.0,0.7377049180327869,0.7377049180327869,0.0,2.2131147540983607,0.7377049180327869,2.9508196721311477,2.2131147540983607,0.7377049180327869,DF
Issa Laye,Qatar,Qatar,"MF,DF",28,1997,Unknown Club,3,3,270.0,3.0,0.0,0.0,0.0,0.0,0.0,0.0,0.0,0.0,0.0,0.0,0.0,0.0,0.0,1.0,0.0,0.0,0.33,0.0,0.0,0.0,90.0,100.0,90.0,3,0,0.0,0,0.33,2.0,10.0,-8.0,-2.67,0.0,0.0,0.0,3.0,0.0,0.0,1.0,1.0,0.0,0.0,0.0,0.0,0.0,0.0,0.0,0.0,0.0,0.0,0.0,0.0,0.0,0.0,0.0,0.0,0.0,0.0,0.0,0.0,0.0,0.33333333333333337,0.0,0.33333333333333337,0.33333333333333337,0.0,0.0,0.0,DF
Jassem Gaber,Qatar,Qatar,MF,24,2002,Unknown Club,3,3,149.0,1.7,0.0,0.0,0.0,0.0,0.0,0.0,1.0,0.0,0.0,0.0,0.0,0.0,0.0,0.0,0.0,0.0,0.0,0.0,0.0,0.0,50.0,55.2,50.0,0,0,0.0,0,0.33,1.0,6.0,-5.0,-3.02,-0.79,0.0,7.0,0.0,0.0,0.0,0.0,2.0,0.0,0.0,0.0,0.0,0.0,0.0,0.0,0.0,0.0,0.0,0.0,0.0,0.0,0.0,0.0,0.0,0.0,0.0,0.0,0.0,0.0,0.0,0.0,0.0,1.2080536912751678,4.228187919463087,0.0,0.0,MF
Karim Boudiaf,Qatar,Qatar,MF,35,1990,Unknown Club,2,1,102.0,1.1,0.0,0.0,0.0,0.0,0.0,0.0,0.0,0.0,0.0,0.0,0.0,0.0,0.0,1.0,0.0,0.0,0.88,0.0,0.0,0.0,51.0,37.8,71.0,0,1,31.0,1,0.5,2.0,2.0,0.0,0.0,4.29,0.0,0.0,2.0,0.0,0.0,0.0,0.0,0.0,0.0,0.0,0.0,0.0,0.0,0.0,0.0,0.0,0.0,0.0,0.0,0.0,0.0,0.0,0.0,0.0,0.0,0.0,0.0,0.0,0.8823529411764706,0.0,0.0,0.0,0.0,0.0,0.0,MF
Lucas Mendes,Qatar,Qatar,DF,35,1990,Unknown Club,1,0,4.0,0.0,0.0,0.0,0.0,0.0,0.0,0.0,0.0,0.0,0.0,0.0,0.0,0.0,0.0,0.0,0.0,0.0,0.0,0.0,0.0,0.0,4.0,1.5,0.0,0,1,4.0,2,0.0,0.0,1.0,-1.0,-22.5,-20.13,0.0,0.0,0.0,1.0,0.0,0.0,0.0,0.0,0.0,0.0,0.0,0.0,0.0,0.0,0.0,0.0,0.0,0.0,0.0,0.0,0.0,0.0,0.0,0.0,0.0,0.0,0.0,0.0,0.0,0.0,0.0,0.0,0.0,0.0,0.0,DF
Mahmoud Abunada,Qatar,Qatar,GK,26,2000,Unknown Club,3,3,270.0,3.0,0.0,0.0,0.0,0.0,0.0,0.0,1.0,0.0,0.0,0.0,0.0,0.0,0.0,0.0,0.0,0.0,0.0,0.0,0.0,0.0,90.0,100.0,90.0,3,0,0.0,0,0.33,2.0,10.0,-8.0,-2.67,0.0,0.0,1.0,1.0,0.0,0.0,0.0,0.0,1.0,3.0,3.0,270.0,10.0,3.33,22.0,12.0,54.5,0.0,1.0,2.0,0.0,0.0,1.0,1.0,0.0,0.0,0.0,0.0,0.0,0.0,0.0,0.0,0.0,0.33333333333333337,0.0,0.0,GK
Meshaal Barsham,Qatar,Qatar,GK,28,1998,Unknown Club,0,0,0.0,0.0,0.0,0.0,0.0,0.0,0.0,0.0,0.0,0.0,0.0,0.0,0.0,0.0,0.0,0.0,0.0,0.0,0.0,0.0,0.0,0.0,0.0,0.0,0.0,0,0,0.0,3,0.0,0.0,0.0,0.0,0.0,0.0,0.0,0.0,0.0,0.0,0.0,0.0,0.0,0.0,0.0,0.0,0.0,0.0,0.0,0.0,0.0,0.0,0.0,0.0,0.0,0.0,0.0,0.0,0.0,0.0,0.0,0.0,0.0,0.0,0.0,0.0,0.0,0.0,0.0,0.0,0.0,GK
Mohamed Manai,Qatar,Qatar,DF,23,2002,Unknown Club,3,0,69.0,0.8,0.0,0.0,0.0,0.0,0.0,0.0,0.0,0.0,0.0,0.0,0.0,0.0,0.0,0.0,0.0,0.0,0.0,0.0,0.0,0.0,23.0,25.6,0.0,0,3,23.0,0,0.33,1.0,4.0,-3.0,-3.91,-1.67,0.0,3.0,0.0,0.0,0.0,2.0,0.0,1.0,0.0,0.0,0.0,0.0,0.0,0.0,0.0,0.0,0.0,0.0,0.0,0.0,0.0,0.0,0.0,0.0,0.0,0.0,0.0,0.0,0.0,0.0,2.608695652173913,0.0,3.9130434782608696,0.0,0.0,DF
Mohammed Muntari,Qatar,Qatar,FW,32,1993,Unknown Club,0,0,0.0,0.0,0.0,0.0,0.0,0.0,0.0,0.0,0.0,0.0,0.0,0.0,0.0,0.0,0.0,0.0,0.0,0.0,0.0,0.0,0.0,0.0,0.0,0.0,0.0,0,0,0.0,3,0.0,0.0,0.0,0.0,0.0,0.0,0.0,0.0,0.0,0.0,0.0,0.0,0.0,0.0,0.0,0.0,0.0,0.0,0.0,0.0,0.0,0.0,0.0,0.0,0.0,0.0,0.0,0.0,0.0,0.0,0.0,0.0,0.0,0.0,0.0,0.0,0.0,0.0,0.0,0.0,0.0,FW
Ró-Ró,Qatar,Qatar,DF,35,1990,Unknown Club,3,3,270.0,3.0,0.0,0.0,0.0,0.0,0.0,0.0,0.0,0.0,0.0,0.0,0.0,0.0,0.0,3.0,1.0,33.3,1.0,0.33,0.0,0.0,90.0,100.0,90.0,3,0,0.0,0,0.33,2.0,10.0,-8.0,-2.67,0.0,0.0,1.0,7.0,0.0,2.0,3.0,4.0,0.0,0.0,0.0,0.0,0.0,0.0,0.0,0.0,0.0,0.0,0.0,0.0,0.0,0.0,0.0,0.0,0.0,0.0,0.0,0.0,0.0,1.0,0.33333333333333337,1.0,1.3333333333333335,0.33333333333333337,0.6666666666666667,0.0,DF
Salah Zakaria,Qatar,Qatar,GK,27,1999,Unknown Club,0,0,0.0,0.0,0.0,0.0,0.0,0.0,0.0,0.0,0.0,0.0,0.0,0.0,0.0,0.0,0.0,0.0,0.0,0.0,0.0,0.0,0.0,0.0,0.0,0.0,0.0,0,0,0.0,3,0.0,0.0,0.0,0.0,0.0,0.0,0.0,0.0,0.0,0.0,0.0,0.0,0.0,0.0,0.0,0.0,0.0,0.0,0.0,0.0,0.0,0.0,0.0,0.0,0.0,0.0,0.0,0.0,0.0,0.0,0.0,0.0,0.0,0.0,0.0,0.0,0.0,0.0,0.0,0.0,0.0,GK
Sultan Al-Brake,Qatar,Qatar,DF,30,1996,Unknown Club,2,1,141.0,1.6,0.0,0.0,0.0,0.0,0.0,0.0,0.0,0.0,0.0,0.0,0.0,0.0,0.0,0.0,0.0,0.0,0.0,0.0,0.0,0.0,71.0,52.2,90.0,1,1,51.0,1,0.0,1.0,7.0,-6.0,-3.83,-2.43,0.0,2.0,0.0,0.0,5.0,2.0,1.0,0.0,0.0,0.0,0.0,0.0,0.0,0.0,0.0,0.0,0.0,0.0,0.0,0.0,0.0,0.0,0.0,0.0,0.0,0.0,0.0,0.0,0.0,0.0,1.2765957446808511,0.6382978723404256,1.2765957446808511,3.191489361702128,0.0,DF
Tahsin Jamshid,Qatar,Qatar,FW,19,2006,Unknown Club,0,0,0.0,0.0,0.0,0.0,0.0,0.0,0.0,0.0,0.0,0.0,0.0,0.0,0.0,0.0,0.0,0.0,0.0,0.0,0.0,0.0,0.0,0.0,0.0,0.0,0.0,0,0,0.0,3,0.0,0.0,0.0,0.0,0.0,0.0,0.0,0.0,0.0,0.0,0.0,0.0,0.0,0.0,0.0,0.0,0.0,0.0,0.0,0.0,0.0,0.0,0.0,0.0,0.0,0.0,0.0,0.0,0.0,0.0,0.0,0.0,0.0,0.0,0.0,0.0,0.0,0.0,0.0,0.0,0.0,FW
Yusuf Abdurisag,Qatar,Qatar,FW,26,1999,Unknown Club,2,2,98.0,1.1,0.0,0.0,0.0,0.0,0.0,0.0,0.0,0.0,0.0,0.0,0.0,0.0,0.0,0.0,0.0,0.0,0.0,0.0,0.0,0.0,49.0,36.3,49.0,0,0,0.0,1,0.5,0.0,3.0,-3.0,-2.76,-0.14,0.0,1.0,2.0,0.0,0.0,1.0,2.0,0.0,0.0,0.0,0.0,0.0,0.0,0.0,0.0,0.0,0.0,0.0,0.0,0.0,0.0,0.0,0.0,0.0,0.0,0.0,0.0,0.0,0.0,0.0,0.9183673469387754,1.8367346938775508,0.9183673469387754,0.0,0.0,FW
Abdulelah Al-Amri,Saudi Arabia,Saudi Arabia,DF,29,1997,Unknown Club,3,3,239.0,2.7,1.0,0.0,1.0,1.0,0.0,0.0,1.0,0.0,0.38,0.0,0.38,0.38,0.38,4.0,2.0,50.0,1.51,0.75,0.25,0.5,80.0,88.5,80.0,2,0,0.0,0,0.67,1.0,5.0,-4.0,-1.51,-1.51,0.0,1.0,0.0,0.0,1.0,4.0,2.0,0.0,0.0,0.0,0.0,0.0,0.0,0.0,0.0,0.0,0.0,0.0,0.0,0.0,0.0,0.0,0.0,0.0,0.0,0.0,0.37656903765690375,0.0,1.506276150627615,0.7531380753138075,1.506276150627615,0.7531380753138075,0.37656903765690375,0.37656903765690375,0.37656903765690375,DF
Abdullah Al-Hamdan,Saudi Arabia,Saudi Arabia,FW,26,1999,Al-Nassr,3,0,71.0,0.8,0.0,0.0,0.0,0.0,0.0,0.0,0.0,0.0,0.0,0.0,0.0,0.0,0.0,2.0,2.0,100.0,2.54,2.54,0.0,0.0,24.0,26.3,0.0,0,3,24.0,0,0.67,0.0,1.0,-1.0,-1.27,0.09,0.0,2.0,0.0,0.0,1.0,0.0,0.0,0.0,0.0,0.0,0.0,0.0,0.0,0.0,0.0,0.0,0.0,0.0,0.0,0.0,0.0,0.0,0.0,0.0,0.0,0.0,0.0,0.0,2.535211267605634,2.535211267605634,0.0,0.0,2.535211267605634,1.267605633802817,0.0,FW
Abdullah Al-Khaibari,Saudi Arabia,Saudi Arabia,MF,29,1996,Al-Nassr,3,3,180.0,2.0,0.0,0.0,0.0,0.0,0.0,0.0,0.0,0.0,0.0,0.0,0.0,0.0,0.0,1.0,0.0,0.0,0.5,0.0,0.0,0.0,60.0,66.7,60.0,1,0,0.0,0,0.67,1.0,4.0,-3.0,-1.5,-0.5,0.0,0.0,2.0,0.0,0.0,1.0,1.0,0.0,0.0,0.0,0.0,0.0,0.0,0.0,0.0,0.0,0.0,0.0,0.0,0.0,0.0,0.0,0.0,0.0,0.0,0.0,0.0,0.0,0.5,0.0,0.5,0.5,0.0,0.0,0.0,MF
Ahmed Al-Kassar,Saudi Arabia,Saudi Arabia,GK,35,1991,Unknown Club,0,0,0.0,0.0,0.0,0.0,0.0,0.0,0.0,0.0,0.0,0.0,0.0,0.0,0.0,0.0,0.0,0.0,0.0,0.0,0.0,0.0,0.0,0.0,0.0,0.0,0.0,0,0,0.0,3,0.0,0.0,0.0,0.0,0.0,0.0,0.0,0.0,0.0,0.0,0.0,0.0,0.0,0.0,0.0,0.0,0.0,0.0,0.0,0.0,0.0,0.0,0.0,0.0,0.0,0.0,0.0,0.0,0.0,0.0,0.0,0.0,0.0,0.0,0.0,0.0,0.0,0.0,0.0,0.0,0.0,GK
Alaa Al Hejji,Saudi Arabia,Saudi Arabia,MF,30,1995,Neom,2,0,32.0,0.4,0.0,0.0,0.0,0.0,0.0,0.0,0.0,0.0,0.0,0.0,0.0,0.0,0.0,0.0,0.0,0.0,0.0,0.0,0.0,0.0,16.0,11.9,0.0,0,2,16.0,1,0.5,0.0,0.0,0.0,0.0,1.51,0.0,0.0,0.0,0.0,0.0,1.0,0.0,0.0,0.0,0.0,0.0,0.0,0.0,0.0,0.0,0.0,0.0,0.0,0.0,0.0,0.0,0.0,0.0,0.0,0.0,0.0,0.0,0.0,0.0,0.0,2.8125,0.0,0.0,0.0,0.0,MF
Ali Lajami,Saudi Arabia,Saudi Arabia,DF,30,1996,Al-Hilal,3,1,149.0,1.7,0.0,0.0,0.0,0.0,0.0,0.0,0.0,0.0,0.0,0.0,0.0,0.0,0.0,0.0,0.0,0.0,0.0,0.0,0.0,0.0,50.0,55.2,90.0,1,2,30.0,0,0.67,0.0,4.0,-4.0,-2.42,-2.42,0.0,0.0,2.0,0.0,0.0,3.0,2.0,0.0,0.0,0.0,0.0,0.0,0.0,0.0,0.0,0.0,0.0,0.0,0.0,0.0,0.0,0.0,0.0,0.0,0.0,0.0,0.0,0.0,0.0,0.0,1.8120805369127515,1.2080536912751678,0.0,0.0,0.0,DF
Ali Majrashi,Saudi Arabia,Saudi Arabia,DF,26,1999,Unknown Club,0,0,0.0,0.0,0.0,0.0,0.0,0.0,0.0,0.0,0.0,0.0,0.0,0.0,0.0,0.0,0.0,0.0,0.0,0.0,0.0,0.0,0.0,0.0,0.0,0.0,0.0,0,0,0.0,3,0.0,0.0,0.0,0.0,0.0,0.0,0.0,0.0,0.0,0.0,0.0,0.0,0.0,0.0,0.0,0.0,0.0,0.0,0.0,0.0,0.0,0.0,0.0,0.0,0.0,0.0,0.0,0.0,0.0,0.0,0.0,0.0,0.0,0.0,0.0,0.0,0.0,0.0,0.0,0.0,0.0,DF
Ayman Yahya,Saudi Arabia,Saudi Arabia,MF,25,2001,Unknown Club,0,0,0.0,0.0,0.0,0.0,0.0,0.0,0.0,0.0,0.0,0.0,0.0,0.0,0.0,0.0,0.0,0.0,0.0,0.0,0.0,0.0,0.0,0.0,0.0,0.0,0.0,0,0,0.0,3,0.0,0.0,0.0,0.0,0.0,0.0,0.0,0.0,0.0,0.0,0.0,0.0,0.0,0.0,0.0,0.0,0.0,0.0,0.0,0.0,0.0,0.0,0.0,0.0,0.0,0.0,0.0,0.0,0.0,0.0,0.0,0.0,0.0,0.0,0.0,0.0,0.0,0.0,0.0,0.0,0.0,MF
Firas Al-Buraikan,Saudi Arabia,Saudi Arabia,FW,26,2000,Al-Ahli,3,3,238.0,2.6,0.0,0.0,0.0,0.0,0.0,0.0,1.0,0.0,0.0,0.0,0.0,0.0,0.0,0.0,0.0,0.0,0.0,0.0,0.0,0.0,79.0,88.1,79.0,1,0,0.0,0,0.67,1.0,5.0,-4.0,-1.51,-1.51,0.0,2.0,3.0,0.0,0.0,1.0,0.0,0.0,0.0,0.0,0.0,0.0,0.0,0.0,0.0,0.0,0.0,0.0,0.0,0.0,0.0,0.0,0.0,0.0,0.0,0.0,0.0,0.0,0.0,0.0,0.37815126050420167,0.0,0.7563025210084033,0.0,0.0,FW
Hassan Al Tambakti,Saudi Arabia,Saudi Arabia,DF,27,1999,Al-Hilal,3,3,212.0,2.4,0.0,0.0,0.0,0.0,0.0,0.0,0.0,0.0,0.0,0.0,0.0,0.0,0.0,0.0,0.0,0.0,0.0,0.0,0.0,0.0,71.0,78.5,71.0,2,0,0.0,0,0.67,1.0,5.0,-4.0,-1.7,-1.7,0.0,0.0,1.0,0.0,0.0,3.0,3.0,1.0,0.0,0.0,0.0,0.0,0.0,0.0,0.0,0.0,0.0,0.0,0.0,0.0,0.0,0.0,0.0,0.0,0.0,0.0,0.0,0.0,0.0,0.0,1.2735849056603774,1.2735849056603774,0.0,0.0,0.0,DF
Hassan Kadesh,Saudi Arabia,Saudi Arabia,DF,33,1992,Unknown Club,0,0,0.0,0.0,0.0,0.0,0.0,0.0,0.0,0.0,0.0,0.0,0.0,0.0,0.0,0.0,0.0,0.0,0.0,0.0,0.0,0.0,0.0,0.0,0.0,0.0,0.0,0,0,0.0,3,0.0,0.0,0.0,0.0,0.0,0.0,0.0,0.0,0.0,0.0,0.0,0.0,0.0,0.0,0.0,0.0,0.0,0.0,0.0,0.0,0.0,0.0,0.0,0.0,0.0,0.0,0.0,0.0,0.0,0.0,0.0,0.0,0.0,0.0,0.0,0.0,0.0,0.0,0.0,0.0,0.0,DF
Jehad Thakri,Saudi Arabia,Saudi Arabia,DF,24,2001,Unknown Club,0,0,0.0,0.0,0.0,0.0,0.0,0.0,0.0,0.0,0.0,0.0,0.0,0.0,0.0,0.0,0.0,0.0,0.0,0.0,0.0,0.0,0.0,0.0,0.0,0.0,0.0,0,0,0.0,3,0.0,0.0,0.0,0.0,0.0,0.0,0.0,0.0,0.0,0.0,0.0,0.0,0.0,0.0,0.0,0.0,0.0,0.0,0.0,0.0,0.0,0.0,0.0,0.0,0.0,0.0,0.0,0.0,0.0,0.0,0.0,0.0,0.0,0.0,0.0,0.0,0.0,0.0,0.0,0.0,0.0,DF
Khalid Al Ghannam,Saudi Arabia,Saudi Arabia,MF,25,2000,Al-Ettifaq,1,0,1.0,0.0,0.0,0.0,0.0,0.0,0.0,0.0,0.0,0.0,0.0,0.0,0.0,0.0,0.0,0.0,0.0,0.0,0.0,0.0,0.0,0.0,1.0,0.4,0.0,0,1,1.0,2,0.0,0.0,0.0,0.0,0.0,1.34,0.0,0.0,0.0,0.0,0.0,0.0,0.0,0.0,0.0,0.0,0.0,0.0,0.0,0.0,0.0,0.0,0.0,0.0,0.0,0.0,0.0,0.0,0.0,0.0,0.0,0.0,0.0,0.0,0.0,0.0,0.0,0.0,0.0,0.0,0.0,MF
Mohamed Kanno,Saudi Arabia,Saudi Arabia,MF,31,1994,Al-Hilal,3,2,225.0,2.5,0.0,0.0,0.0,0.0,0.0,0.0,1.0,0.0,0.0,0.0,0.0,0.0,0.0,3.0,2.0,66.7,1.2,0.8,0.0,0.0,75.0,83.3,90.0,2,1,45.0,0,0.67,1.0,2.0,-1.0,-0.4,5.6,0.0,5.0,0.0,0.0,0.0,2.0,4.0,0.0,0.0,0.0,0.0,0.0,0.0,0.0,0.0,0.0,0.0,0.0,0.0,0.0,0.0,0.0,0.0,0.0,0.0,0.0,0.0,0.0,1.2000000000000002,0.8,0.8,1.6,2.0,0.0,0.0,MF
Mohammed Abu Al-Shamat,Saudi Arabia,Saudi Arabia,MF,23,2002,Al-Qadsiah,3,1,136.0,1.5,0.0,0.0,0.0,0.0,0.0,0.0,0.0,0.0,0.0,0.0,0.0,0.0,0.0,1.0,1.0,100.0,0.66,0.66,0.0,0.0,45.0,50.4,80.0,0,2,28.0,0,0.67,1.0,1.0,0.0,0.0,2.69,0.0,2.0,1.0,0.0,3.0,1.0,3.0,0.0,0.0,0.0,0.0,0.0,0.0,0.0,0.0,0.0,0.0,0.0,0.0,0.0,0.0,0.0,0.0,0.0,0.0,0.0,0.0,0.0,0.6617647058823529,0.6617647058823529,0.6617647058823529,1.9852941176470589,1.3235294117647058,1.9852941176470589,0.0,MF
Mohammed Al-Owais,Saudi Arabia,Saudi Arabia,GK,34,1991,Al-Ula,3,3,270.0,3.0,0.0,0.0,0.0,0.0,0.0,0.0,0.0,0.0,0.0,0.0,0.0,0.0,0.0,0.0,0.0,0.0,0.0,0.0,0.0,0.0,90.0,100.0,90.0,3,0,0.0,0,0.67,1.0,5.0,-4.0,-1.33,0.0,0.0,0.0,1.0,0.0,0.0,0.0,0.0,0.0,3.0,3.0,270.0,5.0,1.67,21.0,16.0,76.2,0.0,2.0,1.0,1.0,33.3,0.0,0.0,0.0,0.0,0.0,0.0,0.0,0.0,0.0,0.0,0.0,0.0,0.0,0.0,GK
Moteb Al-Harbi,Saudi Arabia,Saudi Arabia,DF,26,2000,Al-Hilal,3,2,188.0,2.1,0.0,0.0,0.0,0.0,0.0,0.0,0.0,0.0,0.0,0.0,0.0,0.0,0.0,0.0,0.0,0.0,0.0,0.0,0.0,0.0,63.0,69.6,90.0,1,1,9.0,0,0.67,1.0,5.0,-4.0,-1.91,-1.91,0.0,0.0,4.0,0.0,1.0,4.0,1.0,0.0,0.0,0.0,0.0,0.0,0.0,0.0,0.0,0.0,0.0,0.0,0.0,0.0,0.0,0.0,0.0,0.0,0.0,0.0,0.0,0.0,0.0,0.0,1.9148936170212765,0.4787234042553191,0.0,0.4787234042553191,0.0,DF
Musab Al Juwayr,Saudi Arabia,Saudi Arabia,"MF,FW",22,2003,Al-Qadsiah,3,2,152.0,1.7,0.0,0.0,0.0,0.0,0.0,0.0,0.0,0.0,0.0,0.0,0.0,0.0,0.0,0.0,0.0,0.0,0.0,0.0,0.0,0.0,51.0,56.3,54.0,0,1,45.0,0,0.67,1.0,3.0,-2.0,-1.18,0.34,0.0,1.0,1.0,2.0,7.0,1.0,3.0,0.0,0.0,0.0,0.0,0.0,0.0,0.0,0.0,0.0,0.0,0.0,0.0,0.0,0.0,0.0,0.0,0.0,0.0,0.0,0.0,0.0,0.0,0.0,0.5921052631578947,1.776315789473684,0.5921052631578947,4.144736842105263,0.0,MF
Nasser Al-Dawsari,Saudi Arabia,Saudi Arabia,MF,27,1998,Al-Hilal,3,2,207.0,2.3,0.0,0.0,0.0,0.0,0.0,0.0,1.0,0.0,0.0,0.0,0.0,0.0,0.0,1.0,0.0,0.0,0.43,0.0,0.0,0.0,69.0,76.7,90.0,1,1,28.0,0,0.67,0.0,5.0,-5.0,-2.17,-3.6,0.0,7.0,2.0,0.0,1.0,4.0,4.0,0.0,0.0,0.0,0.0,0.0,0.0,0.0,0.0,0.0,0.0,0.0,0.0,0.0,0.0,0.0,0.0,0.0,0.0,0.0,0.0,0.0,0.43478260869565216,0.0,1.7391304347826086,1.7391304347826086,3.043478260869565,0.43478260869565216,0.0,MF
Nawaf Al Aqidi,Saudi Arabia,Saudi Arabia,GK,26,2000,Unknown Club,0,0,0.0,0.0,0.0,0.0,0.0,0.0,0.0,0.0,0.0,0.0,0.0,0.0,0.0,0.0,0.0,0.0,0.0,0.0,0.0,0.0,0.0,0.0,0.0,0.0,0.0,0,0,0.0,3,0.0,0.0,0.0,0.0,0.0,0.0,0.0,0.0,0.0,0.0,0.0,0.0,0.0,0.0,0.0,0.0,0.0,0.0,0.0,0.0,0.0,0.0,0.0,0.0,0.0,0.0,0.0,0.0,0.0,0.0,0.0,0.0,0.0,0.0,0.0,0.0,0.0,0.0,0.0,0.0,0.0,GK
Nawaf Boushal,Saudi Arabia,Saudi Arabia,DF,26,1999,Al-Nassr,2,1,91.0,1.0,0.0,0.0,0.0,0.0,0.0,0.0,0.0,0.0,0.0,0.0,0.0,0.0,0.0,0.0,0.0,0.0,0.0,0.0,0.0,0.0,46.0,33.7,81.0,0,1,10.0,1,1.0,0.0,0.0,0.0,0.0,2.01,0.0,1.0,1.0,0.0,0.0,1.0,0.0,0.0,0.0,0.0,0.0,0.0,0.0,0.0,0.0,0.0,0.0,0.0,0.0,0.0,0.0,0.0,0.0,0.0,0.0,0.0,0.0,0.0,0.0,0.0,0.989010989010989,0.0,0.989010989010989,0.0,0.0,DF
Saleh Al-Shehri,Saudi Arabia,Saudi Arabia,FW,32,1993,Unknown Club,0,0,0.0,0.0,0.0,0.0,0.0,0.0,0.0,0.0,0.0,0.0,0.0,0.0,0.0,0.0,0.0,0.0,0.0,0.0,0.0,0.0,0.0,0.0,0.0,0.0,0.0,0,0,0.0,3,0.0,0.0,0.0,0.0,0.0,0.0,0.0,0.0,0.0,0.0,0.0,0.0,0.0,0.0,0.0,0.0,0.0,0.0,0.0,0.0,0.0,0.0,0.0,0.0,0.0,0.0,0.0,0.0,0.0,0.0,0.0,0.0,0.0,0.0,0.0,0.0,0.0,0.0,0.0,0.0,0.0,FW
Salem Al-Dawsari,Saudi Arabia,Saudi Arabia,MF,34,1991,Al-Hilal,3,3,245.0,2.7,0.0,0.0,0.0,0.0,0.0,0.0,1.0,0.0,0.0,0.0,0.0,0.0,0.0,3.0,0.0,0.0,1.1,0.0,0.0,0.0,82.0,90.7,82.0,2,0,0.0,0,0.67,1.0,5.0,-4.0,-1.47,-1.47,0.0,3.0,4.0,1.0,3.0,1.0,1.0,0.0,0.0,0.0,0.0,0.0,0.0,0.0,0.0,0.0,0.0,0.0,0.0,0.0,0.0,0.0,0.0,0.0,0.0,0.0,0.0,0.0,1.1020408163265305,0.0,0.3673469387755102,0.3673469387755102,1.1020408163265305,1.1020408163265305,0.0,MF
Saud Abdulhamid,Saudi Arabia,Saudi Arabia,DF,26,1999,Lens,3,3,269.0,3.0,0.0,0.0,0.0,0.0,0.0,0.0,1.0,0.0,0.0,0.0,0.0,0.0,0.0,2.0,0.0,0.0,0.67,0.0,0.0,0.0,90.0,99.6,90.0,2,0,0.0,0,0.67,1.0,5.0,-4.0,-1.34,-1.34,0.0,4.0,2.0,0.0,5.0,2.0,9.0,0.0,0.0,0.0,0.0,0.0,0.0,0.0,0.0,0.0,0.0,0.0,0.0,0.0,0.0,0.0,0.0,0.0,0.0,0.0,0.0,0.0,0.6691449814126393,0.0,0.6691449814126393,3.011152416356877,1.3382899628252787,1.6728624535315986,0.0,DF
Sultan Mendash,Saudi Arabia,Saudi Arabia,MF,31,1994,Al-Hilal,1,1,65.0,0.7,0.0,0.0,0.0,0.0,0.0,0.0,0.0,0.0,0.0,0.0,0.0,0.0,0.0,0.0,0.0,0.0,0.0,0.0,0.0,0.0,65.0,24.1,65.0,0,0,0.0,2,1.0,0.0,0.0,0.0,0.0,1.76,0.0,1.0,2.0,0.0,0.0,0.0,3.0,0.0,0.0,0.0,0.0,0.0,0.0,0.0,0.0,0.0,0.0,0.0,0.0,0.0,0.0,0.0,0.0,0.0,0.0,0.0,0.0,0.0,0.0,0.0,0.0,4.153846153846154,1.3846153846153846,0.0,0.0,MF
Ziyad Al Johani,Saudi Arabia,Saudi Arabia,MF,24,2001,Unknown Club,0,0,0.0,0.0,0.0,0.0,0.0,0.0,0.0,0.0,0.0,0.0,0.0,0.0,0.0,0.0,0.0,0.0,0.0,0.0,0.0,0.0,0.0,0.0,0.0,0.0,0.0,0,0,0.0,3,0.0,0.0,0.0,0.0,0.0,0.0,0.0,0.0,0.0,0.0,0.0,0.0,0.0,0.0,0.0,0.0,0.0,0.0,0.0,0.0,0.0,0.0,0.0,0.0,0.0,0.0,0.0,0.0,0.0,0.0,0.0,0.0,0.0,0.0,0.0,0.0,0.0,0.0,0.0,0.0,0.0,MF
Aaron Hickey,Scotland,Scotland,DF,24,2002,Brentford,1,1,74.0,0.8,0.0,0.0,0.0,0.0,0.0,0.0,1.0,0.0,0.0,0.0,0.0,0.0,0.0,0.0,0.0,0.0,0.0,0.0,0.0,0.0,74.0,27.4,74.0,0,0,0.0,2,3.0,1.0,0.0,1.0,1.22,3.05,0.0,2.0,4.0,0.0,1.0,1.0,0.0,0.0,0.0,0.0,0.0,0.0,0.0,0.0,0.0,0.0,0.0,0.0,0.0,0.0,0.0,0.0,0.0,0.0,0.0,0.0,0.0,0.0,0.0,0.0,1.2162162162162162,0.0,2.4324324324324325,1.2162162162162162,0.0,DF
Andy Robertson,Scotland,Scotland,DF,32,1994,Liverpool,3,3,225.0,2.5,0.0,0.0,0.0,0.0,0.0,0.0,1.0,0.0,0.0,0.0,0.0,0.0,0.0,0.0,0.0,0.0,0.0,0.0,0.0,0.0,75.0,83.3,75.0,2,0,0.0,0,1.0,1.0,3.0,-2.0,-0.8,1.2,0.0,3.0,1.0,0.0,10.0,2.0,1.0,0.0,0.0,0.0,0.0,0.0,0.0,0.0,0.0,0.0,0.0,0.0,0.0,0.0,0.0,0.0,0.0,0.0,0.0,0.0,0.0,0.0,0.0,0.0,0.8,0.4,1.2000000000000002,4.0,0.0,DF
Angus Gunn,Scotland,Scotland,GK,30,1996,Nottingham,3,3,270.0,3.0,0.0,0.0,0.0,0.0,0.0,0.0,0.0,0.0,0.0,0.0,0.0,0.0,0.0,0.0,0.0,0.0,0.0,0.0,0.0,0.0,90.0,100.0,90.0,3,0,0.0,0,1.0,1.0,4.0,-3.0,-1.0,0.0,0.0,0.0,0.0,0.0,0.0,0.0,1.0,0.0,3.0,3.0,270.0,4.0,1.33,12.0,8.0,66.7,1.0,0.0,2.0,1.0,33.3,0.0,0.0,0.0,0.0,0.0,0.0,0.0,0.0,0.0,0.0,0.33333333333333337,0.0,0.0,0.0,GK
Anthony Ralston,Scotland,Scotland,DF,27,1998,Celtic,2,0,11.0,0.1,0.0,0.0,0.0,0.0,0.0,0.0,0.0,0.0,0.0,0.0,0.0,0.0,0.0,1.0,1.0,100.0,8.18,8.18,0.0,0.0,6.0,4.1,0.0,0,2,6.0,1,0.0,0.0,0.0,0.0,0.0,1.04,0.0,2.0,0.0,0.0,1.0,0.0,0.0,0.0,0.0,0.0,0.0,0.0,0.0,0.0,0.0,0.0,0.0,0.0,0.0,0.0,0.0,0.0,0.0,0.0,0.0,0.0,0.0,0.0,8.181818181818182,8.181818181818182,0.0,0.0,16.363636363636363,8.181818181818182,0.0,DF
Ben Gannon-Doak,Scotland,Scotland,MF,20,2005,Bournemouth,3,2,186.0,2.1,0.0,0.0,0.0,0.0,0.0,0.0,0.0,0.0,0.0,0.0,0.0,0.0,0.0,4.0,0.0,0.0,1.94,0.0,0.0,0.0,62.0,68.9,78.0,0,1,31.0,0,1.0,1.0,3.0,-2.0,-0.97,0.1,0.0,3.0,1.0,0.0,6.0,0.0,1.0,0.0,0.0,0.0,0.0,0.0,0.0,0.0,0.0,0.0,0.0,0.0,0.0,0.0,0.0,0.0,0.0,0.0,0.0,0.0,0.0,0.0,1.935483870967742,0.0,0.0,0.4838709677419355,1.4516129032258065,2.903225806451613,0.0,MF
Ché Adams,Scotland,Scotland,FW,29,1996,Torino,3,2,145.0,1.6,0.0,0.0,0.0,0.0,0.0,0.0,0.0,0.0,0.0,0.0,0.0,0.0,0.0,1.0,1.0,100.0,0.62,0.62,0.0,0.0,48.0,53.7,72.0,0,1,1.0,0,1.0,1.0,1.0,0.0,0.0,2.16,0.0,4.0,2.0,0.0,0.0,0.0,1.0,0.0,0.0,0.0,0.0,0.0,0.0,0.0,0.0,0.0,0.0,0.0,0.0,0.0,0.0,0.0,0.0,0.0,0.0,0.0,0.0,0.0,0.6206896551724138,0.6206896551724138,0.0,0.6206896551724138,2.4827586206896552,0.0,0.0,FW
Craig Gordon,Scotland,Scotland,GK,43,1982,Unknown Club,0,0,0.0,0.0,0.0,0.0,0.0,0.0,0.0,0.0,0.0,0.0,0.0,0.0,0.0,0.0,0.0,0.0,0.0,0.0,0.0,0.0,0.0,0.0,0.0,0.0,0.0,0,0,0.0,3,0.0,0.0,0.0,0.0,0.0,0.0,0.0,0.0,0.0,0.0,0.0,0.0,0.0,0.0,0.0,0.0,0.0,0.0,0.0,0.0,0.0,0.0,0.0,0.0,0.0,0.0,0.0,0.0,0.0,0.0,0.0,0.0,0.0,0.0,0.0,0.0,0.0,0.0,0.0,0.0,0.0,GK
Dominic Hyam,Scotland,Scotland,DF,30,1995,Unknown Club,0,0,0.0,0.0,0.0,0.0,0.0,0.0,0.0,0.0,0.0,0.0,0.0,0.0,0.0,0.0,0.0,0.0,0.0,0.0,0.0,0.0,0.0,0.0,0.0,0.0,0.0,0,0,0.0,3,0.0,0.0,0.0,0.0,0.0,0.0,0.0,0.0,0.0,0.0,0.0,0.0,0.0,0.0,0.0,0.0,0.0,0.0,0.0,0.0,0.0,0.0,0.0,0.0,0.0,0.0,0.0,0.0,0.0,0.0,0.0,0.0,0.0,0.0,0.0,0.0,0.0,0.0,0.0,0.0,0.0,DF
Findlay Curtis,Scotland,Scotland,MF,19,2006,Kilmarnock,2,0,9.0,0.1,0.0,0.0,0.0,0.0,0.0,0.0,1.0,0.0,0.0,0.0,0.0,0.0,0.0,0.0,0.0,0.0,0.0,0.0,0.0,0.0,5.0,3.3,0.0,0,2,5.0,1,1.5,0.0,0.0,0.0,0.0,1.03,0.0,1.0,0.0,0.0,1.0,0.0,0.0,0.0,0.0,0.0,0.0,0.0,0.0,0.0,0.0,0.0,0.0,0.0,0.0,0.0,0.0,0.0,0.0,0.0,0.0,0.0,0.0,0.0,0.0,0.0,0.0,0.0,10.0,10.0,0.0,MF
George Hirst,Scotland,Scotland,FW,27,1999,Unknown Club,0,0,0.0,0.0,0.0,0.0,0.0,0.0,0.0,0.0,0.0,0.0,0.0,0.0,0.0,0.0,0.0,0.0,0.0,0.0,0.0,0.0,0.0,0.0,0.0,0.0,0.0,0,0,0.0,3,0.0,0.0,0.0,0.0,0.0,0.0,0.0,0.0,0.0,0.0,0.0,0.0,0.0,0.0,0.0,0.0,0.0,0.0,0.0,0.0,0.0,0.0,0.0,0.0,0.0,0.0,0.0,0.0,0.0,0.0,0.0,0.0,0.0,0.0,0.0,0.0,0.0,0.0,0.0,0.0,0.0,FW
Grant Hanley,Scotland,Scotland,DF,34,1991,Hibernian,2,2,180.0,2.0,0.0,0.0,0.0,0.0,0.0,0.0,0.0,0.0,0.0,0.0,0.0,0.0,0.0,0.0,0.0,0.0,0.0,0.0,0.0,0.0,90.0,66.7,90.0,2,0,0.0,1,1.5,1.0,1.0,0.0,0.0,3.0,0.0,1.0,0.0,1.0,0.0,1.0,2.0,0.0,0.0,0.0,0.0,0.0,0.0,0.0,0.0,0.0,0.0,0.0,0.0,0.0,0.0,0.0,0.0,0.0,0.0,0.0,0.0,0.0,0.0,0.0,0.5,1.0,0.5,0.0,0.0,DF
Jack Hendry,Scotland,Scotland,DF,31,1995,Al-Ettifaq,3,3,270.0,3.0,0.0,0.0,0.0,0.0,0.0,0.0,0.0,0.0,0.0,0.0,0.0,0.0,0.0,0.0,0.0,0.0,0.0,0.0,0.0,0.0,90.0,100.0,90.0,3,0,0.0,0,1.0,1.0,4.0,-3.0,-1.0,0.0,0.0,1.0,3.0,0.0,0.0,0.0,2.0,0.0,0.0,0.0,0.0,0.0,0.0,0.0,0.0,0.0,0.0,0.0,0.0,0.0,0.0,0.0,0.0,0.0,0.0,0.0,0.0,0.0,0.0,0.0,0.0,0.6666666666666667,0.33333333333333337,0.0,0.0,DF
John McGinn,Scotland,Scotland,MF,31,1994,Aston Villa,3,3,259.0,2.9,1.0,0.0,1.0,1.0,0.0,0.0,0.0,0.0,0.35,0.0,0.35,0.35,0.35,3.0,1.0,33.3,1.04,0.35,0.33,1.0,86.0,95.9,86.0,0,0,0.0,0,1.0,1.0,4.0,-3.0,-1.04,-1.04,0.0,2.0,11.0,0.0,10.0,0.0,0.0,0.0,0.0,0.0,0.0,0.0,0.0,0.0,0.0,0.0,0.0,0.0,0.0,0.0,0.0,0.0,0.0,0.0,0.0,0.0,0.3474903474903475,0.0,1.0424710424710424,0.3474903474903475,0.0,0.0,0.694980694980695,3.4749034749034746,0.3474903474903475,MF
John Souttar,Scotland,Scotland,DF,29,1996,Unknown Club,0,0,0.0,0.0,0.0,0.0,0.0,0.0,0.0,0.0,0.0,0.0,0.0,0.0,0.0,0.0,0.0,0.0,0.0,0.0,0.0,0.0,0.0,0.0,0.0,0.0,0.0,0,0,0.0,3,0.0,0.0,0.0,0.0,0.0,0.0,0.0,0.0,0.0,0.0,0.0,0.0,0.0,0.0,0.0,0.0,0.0,0.0,0.0,0.0,0.0,0.0,0.0,0.0,0.0,0.0,0.0,0.0,0.0,0.0,0.0,0.0,0.0,0.0,0.0,0.0,0.0,0.0,0.0,0.0,0.0,DF
Kenny McLean,Scotland,Scotland,MF,34,1992,Norwich City,3,1,118.0,1.3,0.0,0.0,0.0,0.0,0.0,0.0,1.0,0.0,0.0,0.0,0.0,0.0,0.0,1.0,0.0,0.0,0.76,0.0,0.0,0.0,39.0,43.7,90.0,1,2,14.0,0,1.0,0.0,3.0,-3.0,-2.29,-2.29,0.0,1.0,1.0,0.0,2.0,2.0,1.0,0.0,0.0,0.0,0.0,0.0,0.0,0.0,0.0,0.0,0.0,0.0,0.0,0.0,0.0,0.0,0.0,0.0,0.0,0.0,0.0,0.0,0.7627118644067796,0.0,1.5254237288135593,0.7627118644067796,0.7627118644067796,1.5254237288135593,0.0,MF
Kieran Tierney,Scotland,Scotland,MF,29,1997,Celtic,2,1,104.0,1.2,0.0,0.0,0.0,0.0,0.0,0.0,0.0,0.0,0.0,0.0,0.0,0.0,0.0,2.0,0.0,0.0,1.73,0.0,0.0,0.0,52.0,38.5,59.0,0,1,45.0,1,0.0,0.0,2.0,-2.0,-1.73,-1.19,0.0,3.0,2.0,0.0,7.0,2.0,1.0,0.0,0.0,0.0,0.0,0.0,0.0,0.0,0.0,0.0,0.0,0.0,0.0,0.0,0.0,0.0,0.0,0.0,0.0,0.0,0.0,0.0,1.7307692307692308,0.0,1.7307692307692308,0.8653846153846154,2.5961538461538463,6.0576923076923075,0.0,MF
Lawrence Shankland,Scotland,Scotland,FW,30,1995,Hearts,2,2,171.0,1.9,0.0,0.0,0.0,0.0,0.0,0.0,0.0,0.0,0.0,0.0,0.0,0.0,0.0,4.0,0.0,0.0,2.11,0.0,0.0,0.0,86.0,63.3,86.0,0,0,0.0,1,1.5,1.0,3.0,-2.0,-1.05,-0.14,0.0,5.0,3.0,1.0,0.0,0.0,1.0,0.0,0.0,0.0,0.0,0.0,0.0,0.0,0.0,0.0,0.0,0.0,0.0,0.0,0.0,0.0,0.0,0.0,0.0,0.0,0.0,0.0,2.1052631578947367,0.0,0.0,0.5263157894736842,2.631578947368421,0.0,0.0,FW
Lewis Ferguson,Scotland,Scotland,MF,26,1999,Bologna,3,3,270.0,3.0,0.0,0.0,0.0,0.0,0.0,0.0,0.0,0.0,0.0,0.0,0.0,0.0,0.0,2.0,1.0,50.0,0.67,0.33,0.0,0.0,90.0,100.0,90.0,3,0,0.0,0,1.0,1.0,4.0,-3.0,-1.0,0.0,0.0,5.0,10.0,0.0,9.0,4.0,7.0,0.0,0.0,0.0,0.0,0.0,0.0,0.0,0.0,0.0,0.0,0.0,0.0,0.0,0.0,0.0,0.0,0.0,0.0,0.0,0.0,0.0,0.6666666666666667,0.33333333333333337,1.3333333333333335,2.3333333333333335,1.6666666666666665,3.0,0.0,MF
Liam Kelly,Scotland,Scotland,GK,30,1996,Unknown Club,0,0,0.0,0.0,0.0,0.0,0.0,0.0,0.0,0.0,0.0,0.0,0.0,0.0,0.0,0.0,0.0,0.0,0.0,0.0,0.0,0.0,0.0,0.0,0.0,0.0,0.0,0,0,0.0,3,0.0,0.0,0.0,0.0,0.0,0.0,0.0,0.0,0.0,0.0,0.0,0.0,0.0,0.0,0.0,0.0,0.0,0.0,0.0,0.0,0.0,0.0,0.0,0.0,0.0,0.0,0.0,0.0,0.0,0.0,0.0,0.0,0.0,0.0,0.0,0.0,0.0,0.0,0.0,0.0,0.0,GK
Lyndon Dykes,Scotland,Scotland,"FW,MF",30,1995,Charlton Athletic,2,0,36.0,0.4,0.0,0.0,0.0,0.0,0.0,0.0,0.0,0.0,0.0,0.0,0.0,0.0,0.0,1.0,0.0,0.0,2.5,0.0,0.0,0.0,18.0,13.3,0.0,0,2,18.0,1,1.5,0.0,0.0,0.0,0.0,1.15,0.0,2.0,0.0,0.0,1.0,0.0,0.0,0.0,0.0,0.0,0.0,0.0,0.0,0.0,0.0,0.0,0.0,0.0,0.0,0.0,0.0,0.0,0.0,0.0,0.0,0.0,0.0,0.0,2.5,0.0,0.0,0.0,5.0,2.5,0.0,MF
Nathan Patterson,Scotland,Scotland,DF,24,2001,Everton,3,2,185.0,2.1,0.0,0.0,0.0,0.0,0.0,0.0,0.0,0.0,0.0,0.0,0.0,0.0,0.0,0.0,0.0,0.0,0.0,0.0,0.0,0.0,62.0,68.5,85.0,0,1,16.0,0,1.0,0.0,4.0,-4.0,-1.95,-3.0,0.0,2.0,0.0,0.0,1.0,3.0,2.0,0.0,0.0,0.0,0.0,0.0,0.0,0.0,0.0,0.0,0.0,0.0,0.0,0.0,0.0,0.0,0.0,0.0,0.0,0.0,0.0,0.0,0.0,0.0,1.4594594594594597,0.972972972972973,0.972972972972973,0.4864864864864865,0.0,DF
Ross Stewart,Scotland,Scotland,FW,29,1996,Southampton,1,0,2.0,0.0,0.0,0.0,0.0,0.0,0.0,0.0,0.0,0.0,0.0,0.0,0.0,0.0,0.0,0.0,0.0,0.0,0.0,0.0,0.0,0.0,2.0,0.7,0.0,0,1,2.0,2,0.0,0.0,0.0,0.0,0.0,1.01,0.0,0.0,0.0,0.0,0.0,0.0,0.0,0.0,0.0,0.0,0.0,0.0,0.0,0.0,0.0,0.0,0.0,0.0,0.0,0.0,0.0,0.0,0.0,0.0,0.0,0.0,0.0,0.0,0.0,0.0,0.0,0.0,0.0,0.0,0.0,FW
Ryan Christie,Scotland,Scotland,MF,31,1995,Bournemouth,3,1,95.0,1.1,0.0,0.0,0.0,0.0,0.0,0.0,1.0,0.0,0.0,0.0,0.0,0.0,0.0,2.0,0.0,0.0,1.89,0.0,0.0,0.0,32.0,35.2,70.0,0,2,13.0,0,1.0,0.0,1.0,-1.0,-0.95,0.08,0.0,2.0,1.0,0.0,1.0,2.0,3.0,0.0,0.0,0.0,0.0,0.0,0.0,0.0,0.0,0.0,0.0,0.0,0.0,0.0,0.0,0.0,0.0,0.0,0.0,0.0,0.0,0.0,1.894736842105263,0.0,1.894736842105263,2.8421052631578947,1.894736842105263,0.9473684210526315,0.0,MF
Scott McKenna,Scotland,Scotland,DF,29,1996,Dinamo Zagreb,1,1,90.0,1.0,0.0,0.0,0.0,0.0,0.0,0.0,0.0,0.0,0.0,0.0,0.0,0.0,0.0,0.0,0.0,0.0,0.0,0.0,0.0,0.0,90.0,33.3,90.0,1,0,0.0,2,0.0,0.0,3.0,-3.0,-3.0,-3.0,0.0,0.0,0.0,0.0,0.0,0.0,0.0,0.0,0.0,0.0,0.0,0.0,0.0,0.0,0.0,0.0,0.0,0.0,0.0,0.0,0.0,0.0,0.0,0.0,0.0,0.0,0.0,0.0,0.0,0.0,0.0,0.0,0.0,0.0,0.0,DF
Scott McTominay,Scotland,Scotland,MF,29,1996,Napoli,3,3,270.0,3.0,0.0,0.0,0.0,0.0,0.0,0.0,0.0,0.0,0.0,0.0,0.0,0.0,0.0,8.0,3.0,37.5,2.67,1.0,0.0,0.0,90.0,100.0,90.0,3,0,0.0,0,1.0,1.0,4.0,-3.0,-1.0,0.0,0.0,3.0,0.0,0.0,0.0,0.0,2.0,0.0,0.0,0.0,0.0,0.0,0.0,0.0,0.0,0.0,0.0,0.0,0.0,0.0,0.0,0.0,0.0,0.0,0.0,0.0,0.0,0.0,2.666666666666667,1.0,0.0,0.6666666666666667,1.0,0.0,0.0,MF
Tyler Fletcher,Scotland,Scotland,MF,19,2007,Unknown Club,0,0,0.0,0.0,0.0,0.0,0.0,0.0,0.0,0.0,0.0,0.0,0.0,0.0,0.0,0.0,0.0,0.0,0.0,0.0,0.0,0.0,0.0,0.0,0.0,0.0,0.0,0,0,0.0,3,0.0,0.0,0.0,0.0,0.0,0.0,0.0,0.0,0.0,0.0,0.0,0.0,0.0,0.0,0.0,0.0,0.0,0.0,0.0,0.0,0.0,0.0,0.0,0.0,0.0,0.0,0.0,0.0,0.0,0.0,0.0,0.0,0.0,0.0,0.0,0.0,0.0,0.0,0.0,0.0,0.0,MF
Abdoulaye Seck,Senegal,Senegal,DF,34,1992,Unknown Club,1,1,57.0,0.6,0.0,1.0,1.0,0.0,0.0,0.0,1.0,0.0,0.0,1.58,1.58,0.0,1.58,2.0,0.0,0.0,3.16,0.0,0.0,0.0,57.0,14.6,57.0,0,0,0.0,3,3.0,2.0,0.0,2.0,3.16,3.43,0.0,1.0,1.0,0.0,0.0,0.0,0.0,0.0,0.0,0.0,0.0,0.0,0.0,0.0,0.0,0.0,0.0,0.0,0.0,0.0,0.0,0.0,0.0,0.0,0.0,0.0,0.0,1.5789473684210527,3.1578947368421053,0.0,0.0,0.0,1.5789473684210527,0.0,1.5789473684210527,DF
Antoine Mendy,Senegal,Senegal,DF,22,2004,Unknown Club,0,0,0.0,0.0,0.0,0.0,0.0,0.0,0.0,0.0,0.0,0.0,0.0,0.0,0.0,0.0,0.0,0.0,0.0,0.0,0.0,0.0,0.0,0.0,0.0,0.0,0.0,0,0,0.0,4,0.0,0.0,0.0,0.0,0.0,0.0,0.0,0.0,0.0,0.0,0.0,0.0,0.0,0.0,0.0,0.0,0.0,0.0,0.0,0.0,0.0,0.0,0.0,0.0,0.0,0.0,0.0,0.0,0.0,0.0,0.0,0.0,0.0,0.0,0.0,0.0,0.0,0.0,0.0,0.0,0.0,DF
Assane Diao,Senegal,Senegal,MF,20,2005,Como,1,0,10.0,0.1,0.0,0.0,0.0,0.0,0.0,0.0,0.0,0.0,0.0,0.0,0.0,0.0,0.0,0.0,0.0,0.0,0.0,0.0,0.0,0.0,10.0,2.6,0.0,0,1,10.0,3,3.0,1.0,0.0,1.0,9.0,9.0,0.0,0.0,0.0,0.0,0.0,0.0,1.0,0.0,0.0,0.0,0.0,0.0,0.0,0.0,0.0,0.0,0.0,0.0,0.0,0.0,0.0,0.0,0.0,0.0,0.0,0.0,0.0,0.0,0.0,0.0,0.0,9.0,0.0,0.0,0.0,MF
Bamba Dieng,Senegal,Senegal,FW,26,2000,Lorient,1,0,8.0,0.1,0.0,0.0,0.0,0.0,0.0,0.0,0.0,0.0,0.0,0.0,0.0,0.0,0.0,0.0,0.0,0.0,0.0,0.0,0.0,0.0,8.0,2.1,0.0,0,1,8.0,3,0.0,1.0,1.0,0.0,0.0,-0.24,0.0,0.0,0.0,0.0,0.0,0.0,0.0,0.0,0.0,0.0,0.0,0.0,0.0,0.0,0.0,0.0,0.0,0.0,0.0,0.0,0.0,0.0,0.0,0.0,0.0,0.0,0.0,0.0,0.0,0.0,0.0,0.0,0.0,0.0,0.0,FW
Bara Sapoko Ndiaye,Senegal,Senegal,MF,18,2007,Bayern Munich,1,0,26.0,0.3,0.0,0.0,0.0,0.0,0.0,0.0,0.0,0.0,0.0,0.0,0.0,0.0,0.0,1.0,1.0,100.0,3.46,3.46,0.0,0.0,26.0,6.7,0.0,0,1,26.0,3,0.0,0.0,1.0,-1.0,-3.46,-3.96,0.0,0.0,2.0,0.0,0.0,0.0,0.0,0.0,0.0,0.0,0.0,0.0,0.0,0.0,0.0,0.0,0.0,0.0,0.0,0.0,0.0,0.0,0.0,0.0,0.0,0.0,0.0,0.0,3.4615384615384617,3.4615384615384617,0.0,0.0,0.0,0.0,0.0,MF
Cherif Ndiaye,Senegal,Senegal,"FW,MF",30,1996,Unknown Club,0,0,0.0,0.0,0.0,0.0,0.0,0.0,0.0,0.0,0.0,0.0,0.0,0.0,0.0,0.0,0.0,0.0,0.0,0.0,0.0,0.0,0.0,0.0,0.0,0.0,0.0,0,0,0.0,4,0.0,0.0,0.0,0.0,0.0,0.0,0.0,0.0,0.0,0.0,0.0,0.0,0.0,0.0,0.0,0.0,0.0,0.0,0.0,0.0,0.0,0.0,0.0,0.0,0.0,0.0,0.0,0.0,0.0,0.0,0.0,0.0,0.0,0.0,0.0,0.0,0.0,0.0,0.0,0.0,0.0,MF
El Hadji Malick Diouf,Senegal,Senegal,DF,21,2004,West Ham,3,2,171.0,1.9,0.0,0.0,0.0,0.0,0.0,0.0,0.0,0.0,0.0,0.0,0.0,0.0,0.0,0.0,0.0,0.0,0.0,0.0,0.0,0.0,57.0,43.8,72.0,1,1,28.0,1,0.0,2.0,6.0,-4.0,-2.11,-4.16,0.0,2.0,0.0,0.0,8.0,1.0,1.0,0.0,0.0,0.0,0.0,0.0,0.0,0.0,0.0,0.0,0.0,0.0,0.0,0.0,0.0,0.0,0.0,0.0,0.0,0.0,0.0,0.0,0.0,0.0,0.5263157894736842,0.5263157894736842,1.0526315789473684,4.2105263157894735,0.0,DF
Habib Diarra,Senegal,Senegal,MF,22,2004,Sunderland,3,2,143.0,1.6,2.0,0.0,2.0,2.0,0.0,0.0,0.0,0.0,1.26,0.0,1.26,1.26,1.26,4.0,2.0,50.0,2.52,1.26,0.5,1.0,48.0,36.7,64.0,0,1,15.0,1,1.0,5.0,2.0,3.0,1.89,2.62,0.0,2.0,2.0,0.0,1.0,1.0,2.0,0.0,0.0,0.0,0.0,0.0,0.0,0.0,0.0,0.0,0.0,0.0,0.0,0.0,0.0,0.0,0.0,0.0,0.0,0.0,1.2587412587412588,0.0,2.5174825174825175,1.2587412587412588,0.6293706293706294,1.2587412587412588,1.2587412587412588,0.6293706293706294,1.2587412587412588,MF
Ibrahim Mbaye,Senegal,Senegal,MF,18,2008,PSG,4,1,157.0,1.7,1.0,0.0,1.0,1.0,0.0,0.0,0.0,0.0,0.57,0.0,0.57,0.57,0.57,4.0,1.0,25.0,2.29,0.57,0.25,1.0,39.0,40.3,56.0,0,3,34.0,0,0.75,4.0,6.0,-2.0,-1.15,-2.31,0.0,0.0,2.0,0.0,9.0,1.0,0.0,0.0,0.0,0.0,0.0,0.0,0.0,0.0,0.0,0.0,0.0,0.0,0.0,0.0,0.0,0.0,0.0,0.0,0.0,0.0,0.5732484076433121,0.0,2.2929936305732483,0.5732484076433121,0.5732484076433121,0.0,0.0,5.159235668789809,0.5732484076433121,MF
Idrissa Gueye,Senegal,Senegal,MF,36,1989,Everton,4,4,361.0,4.0,0.0,0.0,0.0,0.0,0.0,0.0,0.0,0.0,0.0,0.0,0.0,0.0,0.0,5.0,1.0,20.0,1.25,0.25,0.0,0.0,90.0,92.6,90.0,2,0,0.0,0,0.75,9.0,7.0,2.0,0.5,3.6,0.0,2.0,2.0,0.0,1.0,2.0,4.0,0.0,0.0,0.0,0.0,0.0,0.0,0.0,0.0,0.0,0.0,0.0,0.0,0.0,0.0,0.0,0.0,0.0,0.0,0.0,0.0,0.0,1.2465373961218835,0.24930747922437674,0.4986149584487535,0.997229916897507,0.4986149584487535,0.24930747922437674,0.0,MF
Iliman Ndiaye,Senegal,Senegal,FW,26,2000,Everton,3,1,114.0,1.3,1.0,2.0,3.0,1.0,0.0,0.0,0.0,0.0,0.79,1.58,2.37,0.79,2.37,3.0,2.0,66.7,2.37,1.58,0.33,0.5,38.0,29.2,72.0,0,2,21.0,1,1.0,6.0,1.0,5.0,3.95,5.25,0.0,2.0,1.0,0.0,2.0,2.0,0.0,0.0,0.0,0.0,0.0,0.0,0.0,0.0,0.0,0.0,0.0,0.0,0.0,0.0,0.0,0.0,0.0,0.0,0.0,0.0,0.7894736842105263,1.5789473684210527,2.3684210526315788,1.5789473684210527,1.5789473684210527,0.0,1.5789473684210527,1.5789473684210527,2.3684210526315788,FW
Ismail Jakobs,Senegal,Senegal,DF,26,1999,Galatasaray,3,2,219.0,2.4,0.0,0.0,0.0,0.0,0.0,0.0,0.0,0.0,0.0,0.0,0.0,0.0,0.0,1.0,0.0,0.0,0.41,0.0,0.0,0.0,73.0,56.2,91.0,1,1,37.0,1,1.0,8.0,3.0,5.0,2.05,4.16,0.0,2.0,0.0,0.0,18.0,2.0,2.0,0.0,0.0,0.0,0.0,0.0,0.0,0.0,0.0,0.0,0.0,0.0,0.0,0.0,0.0,0.0,0.0,0.0,0.0,0.0,0.0,0.0,0.410958904109589,0.0,0.821917808219178,0.821917808219178,0.821917808219178,7.397260273972602,0.0,DF
Ismaila Sarr,Senegal,Senegal,"MF,FW",28,1998,Crystal Palace,4,4,364.0,4.0,4.0,1.0,5.0,4.0,0.0,0.0,0.0,0.0,0.99,0.25,1.24,0.99,1.24,17.0,6.0,35.3,4.2,1.48,0.24,0.67,91.0,93.3,91.0,2,0,0.0,0,0.75,8.0,7.0,1.0,0.25,0.25,0.0,1.0,9.0,2.0,2.0,2.0,1.0,0.0,0.0,0.0,0.0,0.0,0.0,0.0,0.0,0.0,0.0,0.0,0.0,0.0,0.0,0.0,0.0,0.0,0.0,0.0,0.989010989010989,0.24725274725274726,4.2032967032967035,1.4835164835164836,0.4945054945054945,0.24725274725274726,0.24725274725274726,0.4945054945054945,1.2362637362637363,MF
Kalidou Koulibaly,Senegal,Senegal,DF,34,1991,Al-Hilal,2,2,161.0,1.8,0.0,0.0,0.0,0.0,0.0,0.0,0.0,0.0,0.0,0.0,0.0,0.0,0.0,0.0,0.0,0.0,0.0,0.0,0.0,0.0,81.0,41.3,81.0,1,0,0.0,2,0.0,2.0,6.0,-4.0,-2.24,-4.2,0.0,0.0,0.0,0.0,0.0,2.0,1.0,0.0,0.0,0.0,0.0,0.0,0.0,0.0,0.0,0.0,0.0,0.0,0.0,0.0,0.0,0.0,0.0,0.0,0.0,0.0,0.0,0.0,0.0,0.0,1.1180124223602483,0.5590062111801242,0.0,0.0,0.0,DF
Krépin Diatta,Senegal,Senegal,DF,27,1999,Monaco,4,4,390.0,4.3,0.0,0.0,0.0,0.0,0.0,0.0,0.0,0.0,0.0,0.0,0.0,0.0,0.0,1.0,0.0,0.0,0.23,0.0,0.0,0.0,98.0,100.0,98.0,4,0,0.0,0,0.75,10.0,9.0,1.0,0.23,0.0,0.0,4.0,6.0,0.0,12.0,3.0,10.0,0.0,0.0,0.0,0.0,0.0,0.0,0.0,0.0,0.0,0.0,0.0,0.0,0.0,0.0,0.0,0.0,0.0,0.0,0.0,0.0,0.0,0.23076923076923078,0.0,0.6923076923076923,2.3076923076923075,0.9230769230769231,2.769230769230769,0.0,DF
Lamine Camara,Senegal,Senegal,MF,22,2004,Monaco,4,3,248.0,2.8,0.0,1.0,1.0,0.0,0.0,0.0,1.0,0.0,0.0,0.36,0.36,0.0,0.36,3.0,0.0,0.0,1.09,0.0,0.0,0.0,62.0,63.6,64.0,0,1,55.0,0,0.75,3.0,7.0,-4.0,-1.45,-4.62,0.0,5.0,3.0,0.0,7.0,2.0,1.0,0.0,0.0,0.0,0.0,0.0,0.0,0.0,0.0,0.0,0.0,0.0,0.0,0.0,0.0,0.0,0.0,0.0,0.0,0.0,0.0,0.3629032258064516,1.0887096774193548,0.0,0.7258064516129032,0.3629032258064516,1.814516129032258,2.540322580645161,0.3629032258064516,MF
Mamadou Sarr,Senegal,Senegal,DF,20,2005,Unknown Club,0,0,0.0,0.0,0.0,0.0,0.0,0.0,0.0,0.0,0.0,0.0,0.0,0.0,0.0,0.0,0.0,0.0,0.0,0.0,0.0,0.0,0.0,0.0,0.0,0.0,0.0,0,0,0.0,4,0.0,0.0,0.0,0.0,0.0,0.0,0.0,0.0,0.0,0.0,0.0,0.0,0.0,0.0,0.0,0.0,0.0,0.0,0.0,0.0,0.0,0.0,0.0,0.0,0.0,0.0,0.0,0.0,0.0,0.0,0.0,0.0,0.0,0.0,0.0,0.0,0.0,0.0,0.0,0.0,0.0,DF
Mory Diaw,Senegal,Senegal,GK,32,1993,Le Havre,3,2,238.0,2.6,0.0,0.0,0.0,0.0,0.0,0.0,0.0,0.0,0.0,0.0,0.0,0.0,0.0,0.0,0.0,0.0,0.0,0.0,0.0,0.0,79.0,61.0,105.0,2,1,28.0,1,1.0,8.0,3.0,5.0,1.89,4.26,0.0,0.0,2.0,0.0,0.0,0.0,0.0,0.0,3.0,2.0,238.0,3.0,1.13,7.0,4.0,57.1,1.0,0.0,1.0,1.0,50.0,1.0,1.0,0.0,0.0,0.0,0.0,0.0,0.0,0.0,0.0,0.0,0.0,0.0,0.0,GK
Moussa Niakhaté,Senegal,Senegal,DF,30,1996,Lyon,4,4,390.0,4.3,0.0,1.0,1.0,0.0,0.0,0.0,0.0,0.0,0.0,0.23,0.23,0.0,0.23,1.0,0.0,0.0,0.23,0.0,0.0,0.0,98.0,100.0,98.0,4,0,0.0,0,0.75,10.0,9.0,1.0,0.23,0.0,0.0,3.0,6.0,0.0,2.0,4.0,1.0,0.0,0.0,0.0,0.0,0.0,0.0,0.0,0.0,0.0,0.0,0.0,0.0,0.0,0.0,0.0,0.0,0.0,0.0,0.0,0.0,0.23076923076923078,0.23076923076923078,0.0,0.9230769230769231,0.23076923076923078,0.6923076923076923,0.46153846153846156,0.23076923076923078,DF
Nicolas Jackson,Senegal,Senegal,FW,24,2001,Bayern Munich,4,2,234.0,2.6,0.0,1.0,1.0,0.0,0.0,0.0,0.0,0.0,0.0,0.38,0.38,0.0,0.38,7.0,3.0,42.9,2.69,1.15,0.0,0.0,59.0,60.0,86.0,1,2,31.0,0,0.75,5.0,6.0,-1.0,-0.38,-1.54,0.0,2.0,0.0,5.0,1.0,1.0,2.0,0.0,0.0,0.0,0.0,0.0,0.0,0.0,0.0,0.0,0.0,0.0,0.0,0.0,0.0,0.0,0.0,0.0,0.0,0.0,0.0,0.38461538461538464,2.6923076923076925,1.1538461538461537,0.38461538461538464,0.7692307692307693,0.7692307692307693,0.38461538461538464,0.38461538461538464,FW
Pape Gueye,Senegal,Senegal,MF,27,1999,Villarreal,4,3,234.0,2.6,2.0,1.0,3.0,2.0,0.0,0.0,1.0,0.0,0.77,0.38,1.15,0.77,1.15,8.0,3.0,37.5,3.08,1.15,0.25,0.67,59.0,60.0,67.0,0,1,34.0,0,0.75,6.0,4.0,2.0,0.77,1.35,0.0,4.0,2.0,0.0,3.0,4.0,1.0,0.0,0.0,0.0,0.0,0.0,0.0,0.0,0.0,0.0,0.0,0.0,0.0,0.0,0.0,0.0,0.0,0.0,0.0,0.0,0.7692307692307693,0.38461538461538464,3.076923076923077,1.1538461538461537,1.5384615384615385,0.38461538461538464,1.5384615384615385,1.1538461538461537,1.153846153846154,MF
Pape Matar Sarr,Senegal,Senegal,MF,23,2002,Tottenham,2,0,67.0,0.7,0.0,0.0,0.0,0.0,0.0,0.0,0.0,0.0,0.0,0.0,0.0,0.0,0.0,4.0,0.0,0.0,5.37,0.0,0.0,0.0,34.0,17.2,0.0,0,2,34.0,2,0.0,1.0,3.0,-2.0,-2.69,-3.52,0.0,1.0,0.0,0.0,0.0,1.0,0.0,0.0,0.0,0.0,0.0,0.0,0.0,0.0,0.0,0.0,0.0,0.0,0.0,0.0,0.0,0.0,0.0,0.0,0.0,0.0,0.0,0.0,5.3731343283582085,0.0,1.3432835820895521,0.0,1.3432835820895521,0.0,0.0,MF
Pathé Ciss,Senegal,Senegal,DF,32,1994,Rayo Vallecano,4,1,184.0,2.0,0.0,0.0,0.0,0.0,0.0,0.0,0.0,0.0,0.0,0.0,0.0,0.0,0.0,2.0,1.0,50.0,0.98,0.49,0.0,0.0,46.0,47.2,120.0,1,3,21.0,0,0.75,7.0,4.0,3.0,1.47,2.34,0.0,1.0,0.0,0.0,0.0,0.0,0.0,0.0,0.0,0.0,0.0,0.0,0.0,0.0,0.0,0.0,0.0,0.0,0.0,0.0,0.0,0.0,0.0,0.0,0.0,0.0,0.0,0.0,0.9782608695652174,0.4891304347826087,0.0,0.0,0.4891304347826087,0.0,0.0,DF
Sadio Mané,Senegal,Senegal,"MF,FW",34,1992,Al-Nassr,4,4,362.0,4.0,0.0,1.0,1.0,0.0,0.0,0.0,0.0,0.0,0.0,0.25,0.25,0.0,0.25,6.0,3.0,50.0,1.49,0.75,0.0,0.0,91.0,92.8,91.0,3,0,0.0,0,0.75,10.0,8.0,2.0,0.5,3.71,0.0,4.0,10.0,3.0,13.0,3.0,2.0,0.0,0.0,0.0,0.0,0.0,0.0,0.0,0.0,0.0,0.0,0.0,0.0,0.0,0.0,0.0,0.0,0.0,0.0,0.0,0.0,0.24861878453038672,1.4917127071823204,0.7458563535911602,0.7458563535911602,0.49723756906077343,0.9944751381215469,3.2320441988950277,0.24861878453038672,MF
Yehvann Diouf,Senegal,Senegal,GK,26,1999,Unknown Club,0,0,0.0,0.0,0.0,0.0,0.0,0.0,0.0,0.0,0.0,0.0,0.0,0.0,0.0,0.0,0.0,0.0,0.0,0.0,0.0,0.0,0.0,0.0,0.0,0.0,0.0,0,0,0.0,4,0.0,0.0,0.0,0.0,0.0,0.0,0.0,0.0,0.0,0.0,0.0,0.0,0.0,0.0,0.0,0.0,0.0,0.0,0.0,0.0,0.0,0.0,0.0,0.0,0.0,0.0,0.0,0.0,0.0,0.0,0.0,0.0,0.0,0.0,0.0,0.0,0.0,0.0,0.0,0.0,0.0,GK
Édouard Mendy,Senegal,Senegal,GK,34,1992,Al-Ahli,2,2,152.0,1.7,0.0,0.0,0.0,0.0,0.0,0.0,0.0,0.0,0.0,0.0,0.0,0.0,0.0,0.0,0.0,0.0,0.0,0.0,0.0,0.0,76.0,39.0,76.0,1,0,0.0,0,0.0,2.0,6.0,-4.0,-2.37,-4.26,0.0,0.0,0.0,0.0,0.0,0.0,0.0,0.0,2.0,2.0,152.0,6.0,3.55,14.0,8.0,57.1,0.0,0.0,2.0,0.0,0.0,0.0,0.0,0.0,0.0,0.0,0.0,0.0,0.0,0.0,0.0,0.0,0.0,0.0,0.0,GK
Aubrey Modiba,South Africa,South Africa,DF,30,1995,Sundowns,4,4,346.0,3.8,0.0,0.0,0.0,0.0,0.0,0.0,1.0,0.0,0.0,0.0,0.0,0.0,0.0,5.0,1.0,20.0,1.3,0.26,0.0,0.0,87.0,96.1,87.0,3,0,0.0,0,1.0,2.0,4.0,-2.0,-0.52,-0.52,0.0,4.0,6.0,2.0,11.0,4.0,5.0,0.0,0.0,0.0,0.0,0.0,0.0,0.0,0.0,0.0,0.0,0.0,0.0,0.0,0.0,0.0,0.0,0.0,0.0,0.0,0.0,0.0,1.300578034682081,0.26011560693641617,1.0404624277456647,1.300578034682081,1.0404624277456647,2.8612716763005777,0.0,DF
Bradley Cross,South Africa,South Africa,DF,25,2001,Unknown Club,0,0,0.0,0.0,0.0,0.0,0.0,0.0,0.0,0.0,0.0,0.0,0.0,0.0,0.0,0.0,0.0,0.0,0.0,0.0,0.0,0.0,0.0,0.0,0.0,0.0,0.0,0,0,0.0,4,0.0,0.0,0.0,0.0,0.0,0.0,0.0,0.0,0.0,0.0,0.0,0.0,0.0,0.0,0.0,0.0,0.0,0.0,0.0,0.0,0.0,0.0,0.0,0.0,0.0,0.0,0.0,0.0,0.0,0.0,0.0,0.0,0.0,0.0,0.0,0.0,0.0,0.0,0.0,0.0,0.0,DF
Evidence Makgopa,South Africa,South Africa,FW,26,2000,Orlando Pirates,4,2,215.0,2.4,0.0,0.0,0.0,0.0,0.0,0.0,0.0,0.0,0.0,0.0,0.0,0.0,0.0,4.0,3.0,75.0,1.67,1.26,0.0,0.0,54.0,59.7,88.0,1,2,20.0,0,1.0,2.0,0.0,2.0,0.84,3.32,0.0,1.0,1.0,2.0,0.0,1.0,1.0,0.0,0.0,0.0,0.0,0.0,0.0,0.0,0.0,0.0,0.0,0.0,0.0,0.0,0.0,0.0,0.0,0.0,0.0,0.0,0.0,0.0,1.6744186046511627,1.255813953488372,0.41860465116279066,0.41860465116279066,0.41860465116279066,0.0,0.0,FW
Ime Okon,South Africa,South Africa,DF,22,2004,Hannover 96,4,4,360.0,4.0,0.0,0.0,0.0,0.0,0.0,0.0,0.0,0.0,0.0,0.0,0.0,0.0,0.0,1.0,0.0,0.0,0.25,0.0,0.0,0.0,90.0,100.0,90.0,4,0,0.0,0,1.0,2.0,4.0,-2.0,-0.5,0.0,0.0,1.0,0.0,0.0,0.0,5.0,2.0,0.0,0.0,0.0,0.0,0.0,0.0,0.0,0.0,0.0,0.0,0.0,0.0,0.0,0.0,0.0,0.0,0.0,0.0,0.0,0.0,0.0,0.25,0.0,1.25,0.5,0.25,0.0,0.0,DF
Iqraam Rayners,South Africa,South Africa,FW,30,1995,Sundowns,4,2,161.0,1.8,0.0,0.0,0.0,0.0,0.0,0.0,0.0,0.0,0.0,0.0,0.0,0.0,0.0,1.0,0.0,0.0,0.56,0.0,0.0,0.0,40.0,44.7,70.0,0,2,11.0,0,1.0,0.0,4.0,-4.0,-2.24,-3.14,0.0,1.0,1.0,2.0,2.0,0.0,0.0,0.0,0.0,0.0,0.0,0.0,0.0,0.0,0.0,0.0,0.0,0.0,0.0,0.0,0.0,0.0,0.0,0.0,0.0,0.0,0.0,0.0,0.5590062111801242,0.0,0.0,0.0,0.5590062111801242,1.1180124223602483,0.0,FW
Jayden Adams,South Africa,South Africa,MF,25,2001,Sundowns,3,2,116.0,1.3,0.0,0.0,0.0,0.0,0.0,0.0,0.0,0.0,0.0,0.0,0.0,0.0,0.0,0.0,0.0,0.0,0.0,0.0,0.0,0.0,39.0,32.2,53.0,0,1,11.0,1,1.33,0.0,2.0,-2.0,-1.55,-1.55,0.0,0.0,0.0,0.0,0.0,2.0,0.0,0.0,0.0,0.0,0.0,0.0,0.0,0.0,0.0,0.0,0.0,0.0,0.0,0.0,0.0,0.0,0.0,0.0,0.0,0.0,0.0,0.0,0.0,0.0,1.5517241379310345,0.0,0.0,0.0,0.0,MF
Kamogelo Sebelebele,South Africa,South Africa,"DF,MF",23,2002,Orlando Pirates,1,0,7.0,0.1,0.0,0.0,0.0,0.0,0.0,0.0,0.0,0.0,0.0,0.0,0.0,0.0,0.0,0.0,0.0,0.0,0.0,0.0,0.0,0.0,7.0,1.9,0.0,0,1,7.0,3,1.0,0.0,0.0,0.0,0.0,0.51,0.0,1.0,0.0,0.0,1.0,0.0,0.0,0.0,0.0,0.0,0.0,0.0,0.0,0.0,0.0,0.0,0.0,0.0,0.0,0.0,0.0,0.0,0.0,0.0,0.0,0.0,0.0,0.0,0.0,0.0,0.0,0.0,12.857142857142856,12.857142857142856,0.0,DF
Khuliso Mudau,South Africa,South Africa,DF,31,1995,Sundowns,4,4,360.0,4.0,0.0,0.0,0.0,0.0,0.0,0.0,0.0,0.0,0.0,0.0,0.0,0.0,0.0,0.0,0.0,0.0,0.0,0.0,0.0,0.0,90.0,100.0,90.0,4,0,0.0,0,1.0,2.0,4.0,-2.0,-0.5,0.0,0.0,4.0,10.0,1.0,3.0,11.0,8.0,0.0,0.0,0.0,0.0,0.0,0.0,0.0,0.0,0.0,0.0,0.0,0.0,0.0,0.0,0.0,0.0,0.0,0.0,0.0,0.0,0.0,0.0,0.0,2.75,2.0,1.0,0.75,0.0,DF
Khulumani Ndamane,South Africa,South Africa,DF,22,2004,Unknown Club,0,0,0.0,0.0,0.0,0.0,0.0,0.0,0.0,0.0,0.0,0.0,0.0,0.0,0.0,0.0,0.0,0.0,0.0,0.0,0.0,0.0,0.0,0.0,0.0,0.0,0.0,0,0,0.0,4,0.0,0.0,0.0,0.0,0.0,0.0,0.0,0.0,0.0,0.0,0.0,0.0,0.0,0.0,0.0,0.0,0.0,0.0,0.0,0.0,0.0,0.0,0.0,0.0,0.0,0.0,0.0,0.0,0.0,0.0,0.0,0.0,0.0,0.0,0.0,0.0,0.0,0.0,0.0,0.0,0.0,DF
Lyle Foster,South Africa,South Africa,FW,25,2000,Burnley,1,1,55.0,0.6,0.0,0.0,0.0,0.0,0.0,0.0,0.0,0.0,0.0,0.0,0.0,0.0,0.0,1.0,0.0,0.0,1.64,0.0,0.0,0.0,55.0,15.3,55.0,0,0,0.0,3,0.0,0.0,1.0,-1.0,-1.64,-1.34,0.0,0.0,1.0,0.0,0.0,0.0,0.0,0.0,0.0,0.0,0.0,0.0,0.0,0.0,0.0,0.0,0.0,0.0,0.0,0.0,0.0,0.0,0.0,0.0,0.0,0.0,0.0,0.0,1.6363636363636362,0.0,0.0,0.0,0.0,0.0,0.0,FW
Mbekezeli Mbokazi,South Africa,South Africa,DF,20,2005,Chicago Fire,4,4,360.0,4.0,0.0,0.0,0.0,0.0,0.0,0.0,0.0,0.0,0.0,0.0,0.0,0.0,0.0,4.0,1.0,25.0,1.0,0.25,0.0,0.0,90.0,100.0,90.0,4,0,0.0,0,1.0,2.0,4.0,-2.0,-0.5,0.0,0.0,3.0,5.0,1.0,3.0,4.0,5.0,0.0,0.0,0.0,0.0,0.0,0.0,0.0,0.0,0.0,0.0,0.0,0.0,0.0,0.0,0.0,0.0,0.0,0.0,0.0,0.0,0.0,1.0,0.25,1.0,1.25,0.75,0.75,0.0,DF
Nkosinathi Sibisi,South Africa,South Africa,DF,30,1995,Orlando Pirates,1,1,90.0,1.0,0.0,0.0,0.0,0.0,0.0,0.0,1.0,0.0,0.0,0.0,0.0,0.0,0.0,0.0,0.0,0.0,0.0,0.0,0.0,0.0,90.0,25.0,90.0,1,0,0.0,3,0.0,0.0,2.0,-2.0,-2.0,-2.0,0.0,1.0,0.0,0.0,0.0,1.0,0.0,0.0,0.0,0.0,0.0,0.0,0.0,0.0,0.0,0.0,0.0,0.0,0.0,0.0,0.0,0.0,0.0,0.0,0.0,0.0,0.0,0.0,0.0,0.0,1.0,0.0,1.0,0.0,0.0,DF
Olwethu Makhanya,South Africa,South Africa,DF,22,2004,Unknown Club,0,0,0.0,0.0,0.0,0.0,0.0,0.0,0.0,0.0,0.0,0.0,0.0,0.0,0.0,0.0,0.0,0.0,0.0,0.0,0.0,0.0,0.0,0.0,0.0,0.0,0.0,0,0,0.0,4,0.0,0.0,0.0,0.0,0.0,0.0,0.0,0.0,0.0,0.0,0.0,0.0,0.0,0.0,0.0,0.0,0.0,0.0,0.0,0.0,0.0,0.0,0.0,0.0,0.0,0.0,0.0,0.0,0.0,0.0,0.0,0.0,0.0,0.0,0.0,0.0,0.0,0.0,0.0,0.0,0.0,DF
Oswin Appollis,South Africa,South Africa,"MF,FW",24,2001,Orlando Pirates,4,3,255.0,2.8,0.0,0.0,0.0,0.0,0.0,0.0,0.0,0.0,0.0,0.0,0.0,0.0,0.0,4.0,1.0,25.0,1.41,0.35,0.0,0.0,64.0,70.8,80.0,2,1,14.0,0,1.0,1.0,2.0,-1.0,-0.35,0.5,0.0,1.0,2.0,0.0,8.0,1.0,3.0,0.0,0.0,0.0,0.0,0.0,0.0,0.0,0.0,0.0,0.0,0.0,0.0,0.0,0.0,0.0,0.0,0.0,0.0,0.0,0.0,0.0,1.4117647058823528,0.3529411764705882,0.3529411764705882,1.0588235294117647,0.3529411764705882,2.8235294117647056,0.0,MF
Relebohile Mofokeng,South Africa,South Africa,MF,21,2004,Orlando Pirates,3,2,169.0,1.9,0.0,0.0,0.0,0.0,0.0,0.0,0.0,0.0,0.0,0.0,0.0,0.0,0.0,3.0,1.0,33.3,1.6,0.53,0.0,0.0,56.0,46.9,62.0,0,1,45.0,1,1.33,2.0,0.0,2.0,1.07,2.95,0.0,3.0,2.0,0.0,2.0,0.0,2.0,0.0,0.0,0.0,0.0,0.0,0.0,0.0,0.0,0.0,0.0,0.0,0.0,0.0,0.0,0.0,0.0,0.0,0.0,0.0,0.0,0.0,1.5976331360946745,0.5325443786982248,0.0,1.0650887573964496,1.5976331360946745,1.0650887573964496,0.0,MF
Ricardo Goss,South Africa,South Africa,GK,32,1994,Unknown Club,0,0,0.0,0.0,0.0,0.0,0.0,0.0,0.0,0.0,0.0,0.0,0.0,0.0,0.0,0.0,0.0,0.0,0.0,0.0,0.0,0.0,0.0,0.0,0.0,0.0,0.0,0,0,0.0,4,0.0,0.0,0.0,0.0,0.0,0.0,0.0,0.0,0.0,0.0,0.0,0.0,0.0,0.0,0.0,0.0,0.0,0.0,0.0,0.0,0.0,0.0,0.0,0.0,0.0,0.0,0.0,0.0,0.0,0.0,0.0,0.0,0.0,0.0,0.0,0.0,0.0,0.0,0.0,0.0,0.0,GK
Ronwen Williams,South Africa,South Africa,GK,34,1992,Sundowns,4,4,360.0,4.0,0.0,0.0,0.0,0.0,0.0,0.0,0.0,0.0,0.0,0.0,0.0,0.0,0.0,0.0,0.0,0.0,0.0,0.0,0.0,0.0,90.0,100.0,90.0,4,0,0.0,0,1.0,2.0,4.0,-2.0,-0.5,0.0,0.0,0.0,0.0,0.0,0.0,1.0,0.0,0.0,4.0,4.0,360.0,4.0,1.0,15.0,11.0,73.3,1.0,1.0,2.0,1.0,25.0,0.0,0.0,0.0,0.0,0.0,0.0,0.0,0.0,0.0,0.25,0.0,0.0,0.0,0.0,GK
Samukele Kabini,South Africa,South Africa,DF,22,2004,Unknown Club,0,0,0.0,0.0,0.0,0.0,0.0,0.0,0.0,0.0,0.0,0.0,0.0,0.0,0.0,0.0,0.0,0.0,0.0,0.0,0.0,0.0,0.0,0.0,0.0,0.0,0.0,0,0,0.0,4,0.0,0.0,0.0,0.0,0.0,0.0,0.0,0.0,0.0,0.0,0.0,0.0,0.0,0.0,0.0,0.0,0.0,0.0,0.0,0.0,0.0,0.0,0.0,0.0,0.0,0.0,0.0,0.0,0.0,0.0,0.0,0.0,0.0,0.0,0.0,0.0,0.0,0.0,0.0,0.0,0.0,DF
Sipho Chaine,South Africa,South Africa,GK,29,1996,Unknown Club,0,0,0.0,0.0,0.0,0.0,0.0,0.0,0.0,0.0,0.0,0.0,0.0,0.0,0.0,0.0,0.0,0.0,0.0,0.0,0.0,0.0,0.0,0.0,0.0,0.0,0.0,0,0,0.0,4,0.0,0.0,0.0,0.0,0.0,0.0,0.0,0.0,0.0,0.0,0.0,0.0,0.0,0.0,0.0,0.0,0.0,0.0,0.0,0.0,0.0,0.0,0.0,0.0,0.0,0.0,0.0,0.0,0.0,0.0,0.0,0.0,0.0,0.0,0.0,0.0,0.0,0.0,0.0,0.0,0.0,GK
Sphephelo Sithole,South Africa,South Africa,MF,27,1999,Tondela,3,3,229.0,2.5,0.0,0.0,0.0,0.0,0.0,0.0,0.0,1.0,0.0,0.0,0.0,0.0,0.0,0.0,0.0,0.0,0.0,0.0,0.0,0.0,76.0,63.6,76.0,2,0,0.0,0,1.0,1.0,2.0,-1.0,-0.39,0.29,0.0,5.0,1.0,0.0,0.0,5.0,5.0,0.0,0.0,0.0,0.0,0.0,0.0,0.0,0.0,0.0,0.0,0.0,0.0,0.0,0.0,0.0,0.0,0.0,0.0,0.0,0.0,0.0,0.0,0.0,1.965065502183406,1.965065502183406,1.965065502183406,0.0,0.0,MF
Teboho Mokoena,South Africa,South Africa,MF,29,1997,Sundowns,3,3,270.0,3.0,1.0,0.0,1.0,0.0,1.0,1.0,2.0,0.0,0.33,0.0,0.33,0.0,0.0,4.0,2.0,50.0,1.33,0.67,0.0,0.0,90.0,75.0,90.0,3,0,0.0,0,0.33,1.0,4.0,-3.0,-1.0,-2.0,0.0,3.0,6.0,0.0,5.0,5.0,3.0,0.0,0.0,0.0,0.0,0.0,0.0,0.0,0.0,0.0,0.0,0.0,0.0,0.0,0.0,0.0,0.0,0.0,0.0,0.0,0.33333333333333337,0.0,1.3333333333333335,0.6666666666666667,1.6666666666666665,1.0,1.0,1.6666666666666665,0.33333333333333337,MF
Thabang Matuludi,South Africa,South Africa,DF,27,1999,Unknown Club,0,0,0.0,0.0,0.0,0.0,0.0,0.0,0.0,0.0,0.0,0.0,0.0,0.0,0.0,0.0,0.0,0.0,0.0,0.0,0.0,0.0,0.0,0.0,0.0,0.0,0.0,0,0,0.0,4,0.0,0.0,0.0,0.0,0.0,0.0,0.0,0.0,0.0,0.0,0.0,0.0,0.0,0.0,0.0,0.0,0.0,0.0,0.0,0.0,0.0,0.0,0.0,0.0,0.0,0.0,0.0,0.0,0.0,0.0,0.0,0.0,0.0,0.0,0.0,0.0,0.0,0.0,0.0,0.0,0.0,DF
Thalente Mbatha,South Africa,South Africa,MF,26,2000,Orlando Pirates,4,2,260.0,2.9,0.0,0.0,0.0,0.0,0.0,0.0,1.0,0.0,0.0,0.0,0.0,0.0,0.0,4.0,1.0,25.0,1.38,0.35,0.0,0.0,65.0,72.2,90.0,2,2,40.0,0,1.0,2.0,3.0,-1.0,-0.35,0.55,0.0,4.0,0.0,0.0,4.0,5.0,2.0,0.0,0.0,0.0,0.0,0.0,0.0,0.0,0.0,0.0,0.0,0.0,0.0,0.0,0.0,0.0,0.0,0.0,0.0,0.0,0.0,0.0,1.3846153846153846,0.34615384615384615,1.7307692307692308,0.6923076923076923,1.3846153846153846,1.3846153846153846,0.0,MF
Thapelo Maseko,South Africa,South Africa,"MF,FW",22,2003,Unknown Club,3,3,242.0,2.7,1.0,0.0,1.0,1.0,0.0,0.0,0.0,0.0,0.37,0.0,0.37,0.37,0.37,8.0,1.0,12.5,2.98,0.37,0.13,1.0,81.0,67.2,81.0,0,0,0.0,1,1.33,2.0,1.0,1.0,0.37,2.66,0.0,4.0,10.0,0.0,2.0,2.0,1.0,0.0,0.0,0.0,0.0,0.0,0.0,0.0,0.0,0.0,0.0,0.0,0.0,0.0,0.0,0.0,0.0,0.0,0.0,0.0,0.371900826446281,0.0,2.975206611570248,0.371900826446281,0.743801652892562,0.371900826446281,1.487603305785124,0.743801652892562,0.371900826446281,MF
Themba Zwane,South Africa,South Africa,"FW,MF",36,1989,Sundowns,1,0,23.0,0.3,0.0,0.0,0.0,0.0,0.0,0.0,0.0,1.0,0.0,0.0,0.0,0.0,0.0,0.0,0.0,0.0,0.0,0.0,0.0,0.0,23.0,6.4,0.0,0,1,23.0,0,0.0,0.0,1.0,-1.0,-3.91,-3.65,0.0,1.0,0.0,0.0,0.0,0.0,0.0,0.0,0.0,0.0,0.0,0.0,0.0,0.0,0.0,0.0,0.0,0.0,0.0,0.0,0.0,0.0,0.0,0.0,0.0,0.0,0.0,0.0,0.0,0.0,0.0,0.0,3.9130434782608696,0.0,0.0,MF
Tshepang Moremi,South Africa,South Africa,MF,25,2000,Orlando Pirates,2,0,34.0,0.4,0.0,1.0,1.0,0.0,0.0,0.0,0.0,0.0,0.0,2.65,2.65,0.0,2.65,0.0,0.0,0.0,0.0,0.0,0.0,0.0,17.0,9.4,0.0,0,2,17.0,2,1.5,1.0,1.0,0.0,0.0,0.55,0.0,1.0,1.0,0.0,0.0,0.0,1.0,0.0,0.0,0.0,0.0,0.0,0.0,0.0,0.0,0.0,0.0,0.0,0.0,0.0,0.0,0.0,0.0,0.0,0.0,0.0,0.0,2.6470588235294117,0.0,0.0,0.0,2.6470588235294117,2.6470588235294117,0.0,2.6470588235294117,MF
Aymeric Laporte,Spain,Spain,DF,32,1994,Athletic Club,8,8,727.0,8.1,0.0,1.0,1.0,0.0,0.0,0.0,1.0,0.0,0.0,0.12,0.12,0.0,0.12,5.0,2.0,40.0,0.62,0.25,0.0,0.0,91.0,96.9,91.0,6,0,0.0,0,2.75,13.0,1.0,12.0,1.49,-2.43,0.0,5.0,4.0,0.0,1.0,14.0,3.0,0.0,0.0,0.0,0.0,0.0,0.0,0.0,0.0,0.0,0.0,0.0,0.0,0.0,0.0,0.0,0.0,0.0,0.0,0.0,0.0,0.12379642365887208,0.6189821182943603,0.24759284731774417,1.7331499312242091,0.37138927097661617,0.6189821182943603,0.12379642365887208,0.12379642365887208,DF
Borja Iglesias,Spain,Spain,FW,33,1993,Celta Vigo,1,0,1.0,0.0,0.0,0.0,0.0,0.0,0.0,0.0,0.0,0.0,0.0,0.0,0.0,0.0,0.0,0.0,0.0,0.0,0.0,0.0,0.0,0.0,1.0,0.1,0.0,0,1,1.0,7,3.0,0.0,0.0,0.0,0.0,-1.56,0.0,0.0,0.0,0.0,0.0,0.0,0.0,0.0,0.0,0.0,0.0,0.0,0.0,0.0,0.0,0.0,0.0,0.0,0.0,0.0,0.0,0.0,0.0,0.0,0.0,0.0,0.0,0.0,0.0,0.0,0.0,0.0,0.0,0.0,0.0,FW
Dani Olmo,Spain,Spain,MF,28,1998,Barcelona,8,6,491.0,5.5,0.0,2.0,2.0,0.0,0.0,0.0,0.0,0.0,0.0,0.37,0.37,0.0,0.37,13.0,2.0,15.4,2.38,0.37,0.0,0.0,61.0,65.5,75.0,0,2,21.0,0,2.75,9.0,1.0,8.0,1.47,-0.27,0.0,6.0,10.0,0.0,1.0,1.0,5.0,0.0,0.0,0.0,0.0,0.0,0.0,0.0,0.0,0.0,0.0,0.0,0.0,0.0,0.0,0.0,0.0,0.0,0.0,0.0,0.0,0.3665987780040733,2.3828920570264764,0.3665987780040733,0.18329938900203666,0.9164969450101833,1.0997963340122199,0.18329938900203666,0.3665987780040733,MF
David Raya,Spain,Spain,GK,30,1995,Unknown Club,0,0,0.0,0.0,0.0,0.0,0.0,0.0,0.0,0.0,0.0,0.0,0.0,0.0,0.0,0.0,0.0,0.0,0.0,0.0,0.0,0.0,0.0,0.0,0.0,0.0,0.0,0,0,0.0,8,0.0,0.0,0.0,0.0,0.0,0.0,0.0,0.0,0.0,0.0,0.0,0.0,0.0,0.0,0.0,0.0,0.0,0.0,0.0,0.0,0.0,0.0,0.0,0.0,0.0,0.0,0.0,0.0,0.0,0.0,0.0,0.0,0.0,0.0,0.0,0.0,0.0,0.0,0.0,0.0,0.0,GK
Eric García,Spain,Spain,"DF,MF",25,2001,Barcelona,1,0,22.0,0.2,0.0,0.0,0.0,0.0,0.0,0.0,0.0,0.0,0.0,0.0,0.0,0.0,0.0,0.0,0.0,0.0,0.0,0.0,0.0,0.0,22.0,2.9,0.0,0,1,22.0,7,3.0,1.0,0.0,1.0,4.09,2.61,0.0,1.0,0.0,0.0,0.0,1.0,0.0,0.0,0.0,0.0,0.0,0.0,0.0,0.0,0.0,0.0,0.0,0.0,0.0,0.0,0.0,0.0,0.0,0.0,0.0,0.0,0.0,0.0,0.0,0.0,4.090909090909091,0.0,4.090909090909091,0.0,0.0,DF
Fabián Ruiz Peña,Spain,Spain,MF,30,1996,PSG,8,4,321.0,3.6,1.0,0.0,1.0,1.0,0.0,0.0,0.0,0.0,0.28,0.0,0.28,0.28,0.28,8.0,2.0,25.0,2.24,0.56,0.13,0.5,40.0,42.8,66.0,0,4,15.0,0,2.75,4.0,1.0,3.0,0.84,-1.26,0.0,1.0,3.0,0.0,9.0,4.0,3.0,0.0,0.0,0.0,0.0,0.0,0.0,0.0,0.0,0.0,0.0,0.0,0.0,0.0,0.0,0.0,0.0,0.0,0.0,0.0,0.2803738317757009,0.0,2.2429906542056073,0.5607476635514018,1.1214953271028036,0.8411214953271028,0.2803738317757009,2.5233644859813085,0.2803738317757009,MF
Ferran Torres,Spain,Spain,FW,26,2000,Barcelona,8,1,288.0,3.2,1.0,1.0,2.0,1.0,0.0,0.0,1.0,0.0,0.31,0.31,0.62,0.31,0.62,14.0,4.0,28.6,4.37,1.25,0.07,0.25,36.0,38.4,80.0,0,7,30.0,0,2.75,5.0,0.0,5.0,1.56,0.0,0.0,6.0,4.0,3.0,4.0,0.0,0.0,0.0,0.0,0.0,0.0,0.0,0.0,0.0,0.0,0.0,0.0,0.0,0.0,0.0,0.0,0.0,0.0,0.0,0.0,0.0,0.3125,0.3125,4.375,1.25,0.0,0.0,1.875,1.25,0.625,FW
Gavi,Spain,Spain,FW,21,2004,Barcelona,2,1,76.0,0.8,0.0,0.0,0.0,0.0,0.0,0.0,0.0,0.0,0.0,0.0,0.0,0.0,0.0,1.0,0.0,0.0,1.18,0.0,0.0,0.0,38.0,10.1,70.0,0,1,6.0,6,2.0,1.0,0.0,1.0,1.18,-0.42,0.0,2.0,1.0,0.0,2.0,1.0,2.0,0.0,0.0,0.0,0.0,0.0,0.0,0.0,0.0,0.0,0.0,0.0,0.0,0.0,0.0,0.0,0.0,0.0,0.0,0.0,0.0,0.0,1.1842105263157894,0.0,1.1842105263157894,2.3684210526315788,2.3684210526315788,2.3684210526315788,0.0,FW
Joan García,Spain,Spain,GK,25,2001,Unknown Club,0,0,0.0,0.0,0.0,0.0,0.0,0.0,0.0,0.0,0.0,0.0,0.0,0.0,0.0,0.0,0.0,0.0,0.0,0.0,0.0,0.0,0.0,0.0,0.0,0.0,0.0,0,0,0.0,8,0.0,0.0,0.0,0.0,0.0,0.0,0.0,0.0,0.0,0.0,0.0,0.0,0.0,0.0,0.0,0.0,0.0,0.0,0.0,0.0,0.0,0.0,0.0,0.0,0.0,0.0,0.0,0.0,0.0,0.0,0.0,0.0,0.0,0.0,0.0,0.0,0.0,0.0,0.0,0.0,0.0,GK
Lamine Yamal,Spain,Spain,"MF,FW",18,2007,Barcelona,8,7,614.0,6.8,1.0,0.0,1.0,1.0,0.0,0.0,0.0,0.0,0.15,0.0,0.15,0.15,0.15,27.0,12.0,44.4,3.96,1.76,0.04,0.08,77.0,81.9,85.0,4,1,20.0,0,2.75,12.0,1.0,11.0,1.61,0.29,0.0,14.0,9.0,7.0,34.0,2.0,9.0,0.0,0.0,0.0,0.0,0.0,0.0,0.0,0.0,0.0,0.0,0.0,0.0,0.0,0.0,0.0,0.0,0.0,0.0,0.0,0.1465798045602606,0.0,3.957654723127036,1.758957654723127,0.2931596091205212,1.3192182410423452,2.0521172638436482,4.9837133550488595,0.1465798045602606,MF
Marc Cucurella,Spain,Spain,DF,27,1998,Chelsea,8,8,750.0,8.3,0.0,2.0,2.0,0.0,0.0,0.0,1.0,0.0,0.0,0.24,0.24,0.0,0.24,5.0,3.0,60.0,0.6,0.36,0.0,0.0,94.0,100.0,94.0,8,0,0.0,0,2.75,14.0,1.0,13.0,1.56,0.0,0.0,8.0,5.0,4.0,13.0,7.0,4.0,0.0,0.0,0.0,0.0,0.0,0.0,0.0,0.0,0.0,0.0,0.0,0.0,0.0,0.0,0.0,0.0,0.0,0.0,0.0,0.0,0.24,0.6000000000000001,0.36,0.8400000000000001,0.48,0.96,1.5599999999999998,0.24,DF
Marc Pubill,Spain,Spain,DF,22,2003,Atlético Madrid,1,0,1.0,0.0,0.0,0.0,0.0,0.0,0.0,0.0,0.0,0.0,0.0,0.0,0.0,0.0,0.0,0.0,0.0,0.0,0.0,0.0,0.0,0.0,1.0,0.1,0.0,0,1,1.0,7,3.0,0.0,0.0,0.0,0.0,-1.56,0.0,0.0,0.0,0.0,0.0,0.0,0.0,0.0,0.0,0.0,0.0,0.0,0.0,0.0,0.0,0.0,0.0,0.0,0.0,0.0,0.0,0.0,0.0,0.0,0.0,0.0,0.0,0.0,0.0,0.0,0.0,0.0,0.0,0.0,0.0,DF
Marcos Llorente,Spain,Spain,DF,31,1995,Atlético Madrid,3,2,187.0,2.1,0.0,1.0,1.0,0.0,0.0,0.0,0.0,0.0,0.0,0.48,0.48,0.0,0.48,0.0,0.0,0.0,0.0,0.0,0.0,0.0,62.0,24.9,90.0,2,1,7.0,5,2.33,1.0,0.0,1.0,0.48,-1.44,0.0,2.0,1.0,0.0,4.0,1.0,6.0,0.0,0.0,0.0,0.0,0.0,0.0,0.0,0.0,0.0,0.0,0.0,0.0,0.0,0.0,0.0,0.0,0.0,0.0,0.0,0.0,0.48128342245989303,0.0,0.0,0.48128342245989303,2.8877005347593587,0.9625668449197861,1.9251336898395721,0.48128342245989303,DF
Martín Zubimendi,Spain,Spain,MF,27,1999,Arsenal,1,0,22.0,0.2,0.0,0.0,0.0,0.0,0.0,0.0,0.0,0.0,0.0,0.0,0.0,0.0,0.0,0.0,0.0,0.0,0.0,0.0,0.0,0.0,22.0,2.9,0.0,0,1,22.0,7,3.0,1.0,0.0,1.0,4.09,2.61,0.0,0.0,0.0,0.0,0.0,1.0,0.0,0.0,0.0,0.0,0.0,0.0,0.0,0.0,0.0,0.0,0.0,0.0,0.0,0.0,0.0,0.0,0.0,0.0,0.0,0.0,0.0,0.0,0.0,0.0,4.090909090909091,0.0,0.0,0.0,0.0,MF
Mikel Merino,Spain,Spain,MF,29,1996,Arsenal,8,1,199.0,2.2,2.0,0.0,2.0,2.0,0.0,0.0,0.0,0.0,0.9,0.0,0.9,0.9,0.9,5.0,3.0,60.0,2.26,1.36,0.4,0.67,25.0,26.5,59.0,0,7,20.0,0,2.75,5.0,0.0,5.0,2.26,0.95,0.0,6.0,8.0,0.0,1.0,3.0,2.0,0.0,0.0,0.0,0.0,0.0,0.0,0.0,0.0,0.0,0.0,0.0,0.0,0.0,0.0,0.0,0.0,0.0,0.0,0.0,0.9045226130653267,0.0,2.261306532663317,1.3567839195979898,1.3567839195979898,0.9045226130653267,2.7135678391959797,0.45226130653266333,0.9045226130653267,MF
Mikel Oyarzabal,Spain,Spain,FW,29,1997,Real Sociedad,8,8,601.0,6.7,5.0,1.0,6.0,4.0,1.0,1.0,0.0,0.0,0.75,0.15,0.9,0.6,0.75,23.0,12.0,52.2,3.44,1.8,0.17,0.33,75.0,80.1,75.0,2,0,0.0,0,2.75,10.0,1.0,9.0,1.35,-1.07,0.0,4.0,5.0,1.0,3.0,1.0,5.0,0.0,0.0,0.0,0.0,0.0,0.0,0.0,0.0,0.0,0.0,0.0,0.0,0.0,0.0,0.0,0.0,0.0,0.0,0.0,0.7487520798668885,0.1497504159733777,3.4442595673876872,1.7970049916805324,0.1497504159733777,0.7487520798668885,0.5990016638935108,0.4492512479201331,0.8985024958402662,FW
Nico Williams,Spain,Spain,MF,23,2002,Athletic Club,6,0,113.0,1.3,0.0,1.0,1.0,0.0,0.0,0.0,0.0,0.0,0.0,0.8,0.8,0.0,0.8,4.0,2.0,50.0,3.19,1.59,0.0,0.0,19.0,15.1,0.0,0,6,19.0,2,2.67,2.0,0.0,2.0,1.59,0.04,0.0,2.0,1.0,1.0,9.0,1.0,1.0,0.0,0.0,0.0,0.0,0.0,0.0,0.0,0.0,0.0,0.0,0.0,0.0,0.0,0.0,0.0,0.0,0.0,0.0,0.0,0.0,0.7964601769911505,3.185840707964602,1.592920353982301,0.7964601769911505,0.7964601769911505,1.592920353982301,7.168141592920354,0.7964601769911505,MF
Pau Cubarsí,Spain,Spain,DF,19,2007,Barcelona,8,8,750.0,8.3,0.0,0.0,0.0,0.0,0.0,0.0,1.0,0.0,0.0,0.0,0.0,0.0,0.0,4.0,2.0,50.0,0.48,0.24,0.0,0.0,94.0,100.0,94.0,8,0,0.0,0,2.75,14.0,1.0,13.0,1.56,0.0,0.0,4.0,5.0,0.0,1.0,4.0,4.0,0.0,0.0,0.0,0.0,0.0,0.0,0.0,0.0,0.0,0.0,0.0,0.0,0.0,0.0,0.0,0.0,0.0,0.0,0.0,0.0,0.0,0.48,0.24,0.48,0.48,0.48,0.12,0.0,DF
Pedri,Spain,Spain,MF,23,2002,Barcelona,8,5,499.0,5.5,0.0,0.0,0.0,0.0,0.0,0.0,1.0,0.0,0.0,0.0,0.0,0.0,0.0,5.0,2.0,40.0,0.9,0.36,0.0,0.0,62.0,66.5,78.0,1,3,36.0,0,2.75,10.0,0.0,10.0,1.8,0.73,0.0,4.0,5.0,1.0,13.0,10.0,8.0,0.0,0.0,0.0,0.0,0.0,0.0,0.0,0.0,0.0,0.0,0.0,0.0,0.0,0.0,0.0,0.0,0.0,0.0,0.0,0.0,0.0,0.9018036072144289,0.3607214428857715,1.8036072144288577,1.442885771543086,0.721442885771543,2.344689378757515,0.0,MF
Pedro Porro,Spain,Spain,DF,26,1999,Tottenham,6,6,563.0,6.3,2.0,0.0,2.0,2.0,0.0,0.0,0.0,0.0,0.32,0.0,0.32,0.32,0.32,7.0,3.0,42.9,1.12,0.48,0.29,0.67,94.0,75.1,94.0,5,0,0.0,2,3.0,13.0,1.0,12.0,1.92,1.44,0.0,10.0,9.0,0.0,24.0,8.0,11.0,0.0,0.0,0.0,0.0,0.0,0.0,0.0,0.0,0.0,0.0,0.0,0.0,0.0,0.0,0.0,0.0,0.0,0.0,0.0,0.3197158081705151,0.0,1.119005328596803,0.47957371225577267,1.2788632326820604,1.7584369449378332,1.5985790408525753,3.8365896980461813,0.3197158081705151,DF
Rodri,Spain,Spain,MF,29,1996,Manchester City,8,8,724.0,8.0,0.0,0.0,0.0,0.0,0.0,0.0,0.0,0.0,0.0,0.0,0.0,0.0,0.0,7.0,0.0,0.0,0.87,0.0,0.0,0.0,91.0,96.5,91.0,6,0,0.0,0,2.75,13.0,1.0,12.0,1.49,-1.97,0.0,11.0,9.0,1.0,4.0,3.0,20.0,0.0,0.0,0.0,0.0,0.0,0.0,0.0,0.0,0.0,0.0,0.0,0.0,0.0,0.0,0.0,0.0,0.0,0.0,0.0,0.0,0.0,0.8701657458563535,0.0,0.3729281767955801,2.4861878453038675,1.367403314917127,0.49723756906077343,0.0,MF
Unai Simón,Spain,Spain,GK,29,1997,Athletic Club,8,8,750.0,8.3,0.0,0.0,0.0,0.0,0.0,0.0,0.0,0.0,0.0,0.0,0.0,0.0,0.0,0.0,0.0,0.0,0.0,0.0,0.0,0.0,94.0,100.0,94.0,8,0,0.0,0,2.75,14.0,1.0,13.0,1.56,0.0,0.0,0.0,3.0,0.0,0.0,0.0,0.0,0.0,8.0,8.0,750.0,1.0,0.12,11.0,9.0,90.9,7.0,1.0,0.0,7.0,87.5,0.0,0.0,0.0,0.0,0.0,0.0,0.0,0.0,0.0,0.0,0.0,0.0,0.0,0.0,GK
Víctor Muñoz,Spain,Spain,MF,22,2003,Unknown Club,0,0,0.0,0.0,0.0,0.0,0.0,0.0,0.0,0.0,0.0,0.0,0.0,0.0,0.0,0.0,0.0,0.0,0.0,0.0,0.0,0.0,0.0,0.0,0.0,0.0,0.0,0,0,0.0,8,0.0,0.0,0.0,0.0,0.0,0.0,0.0,0.0,0.0,0.0,0.0,0.0,0.0,0.0,0.0,0.0,0.0,0.0,0.0,0.0,0.0,0.0,0.0,0.0,0.0,0.0,0.0,0.0,0.0,0.0,0.0,0.0,0.0,0.0,0.0,0.0,0.0,0.0,0.0,0.0,0.0,MF
Yéremy Pino,Spain,Spain,"FW,MF",23,2002,Crystal Palace,2,0,70.0,0.8,0.0,0.0,0.0,0.0,0.0,0.0,0.0,0.0,0.0,0.0,0.0,0.0,0.0,0.0,0.0,0.0,0.0,0.0,0.0,0.0,35.0,9.3,0.0,0,2,35.0,6,3.0,1.0,0.0,1.0,1.29,-0.3,0.0,2.0,0.0,1.0,1.0,0.0,0.0,0.0,0.0,0.0,0.0,0.0,0.0,0.0,0.0,0.0,0.0,0.0,0.0,0.0,0.0,0.0,0.0,0.0,0.0,0.0,0.0,0.0,0.0,0.0,0.0,0.0,2.571428571428571,1.2857142857142856,0.0,MF
Álex Baena,Spain,Spain,"MF,FW",24,2001,Atlético Madrid,7,7,481.0,5.3,1.0,1.0,2.0,1.0,0.0,0.0,1.0,0.0,0.19,0.19,0.37,0.19,0.37,12.0,5.0,41.7,2.25,0.94,0.08,0.2,69.0,64.1,69.0,0,0,0.0,1,3.0,10.0,1.0,9.0,1.68,0.35,0.0,13.0,7.0,2.0,41.0,2.0,5.0,0.0,0.0,0.0,0.0,0.0,0.0,0.0,0.0,0.0,0.0,0.0,0.0,0.0,0.0,0.0,0.0,0.0,0.0,0.0,0.18711018711018712,0.18711018711018712,2.2453222453222454,0.9355509355509356,0.37422037422037424,0.9355509355509356,2.4324324324324325,7.671517671517672,0.37422037422037424,MF
Álex Grimaldo,Spain,Spain,"DF,MF",30,1995,Unknown Club,0,0,0.0,0.0,0.0,0.0,0.0,0.0,0.0,0.0,0.0,0.0,0.0,0.0,0.0,0.0,0.0,0.0,0.0,0.0,0.0,0.0,0.0,0.0,0.0,0.0,0.0,0,0,0.0,8,0.0,0.0,0.0,0.0,0.0,0.0,0.0,0.0,0.0,0.0,0.0,0.0,0.0,0.0,0.0,0.0,0.0,0.0,0.0,0.0,0.0,0.0,0.0,0.0,0.0,0.0,0.0,0.0,0.0,0.0,0.0,0.0,0.0,0.0,0.0,0.0,0.0,0.0,0.0,0.0,0.0,DF
Alexander Bernhardsson,Sweden,Sweden,MF,27,1998,Holstein Kiel,3,3,217.0,2.4,0.0,0.0,0.0,0.0,0.0,0.0,0.0,0.0,0.0,0.0,0.0,0.0,0.0,1.0,1.0,100.0,0.41,0.41,0.0,0.0,72.0,60.3,72.0,0,0,0.0,1,1.33,5.0,6.0,-1.0,-0.41,0.84,0.0,2.0,4.0,0.0,3.0,2.0,2.0,0.0,0.0,0.0,0.0,0.0,0.0,0.0,0.0,0.0,0.0,0.0,0.0,0.0,0.0,0.0,0.0,0.0,0.0,0.0,0.0,0.0,0.4147465437788018,0.4147465437788018,0.8294930875576036,0.8294930875576036,0.8294930875576036,1.2442396313364057,0.0,MF
Alexander Isak,Sweden,Sweden,FW,26,1999,Liverpool,4,4,357.0,4.0,1.0,3.0,4.0,1.0,0.0,0.0,0.0,0.0,0.25,0.76,1.01,0.25,1.01,8.0,6.0,75.0,2.02,1.51,0.13,0.17,89.0,99.2,89.0,2,0,0.0,0,1.0,6.0,10.0,-4.0,-1.01,-31.01,0.0,4.0,1.0,5.0,3.0,0.0,2.0,0.0,0.0,0.0,0.0,0.0,0.0,0.0,0.0,0.0,0.0,0.0,0.0,0.0,0.0,0.0,0.0,0.0,0.0,0.0,0.25210084033613445,0.7563025210084033,2.0168067226890756,1.5126050420168067,0.0,0.5042016806722689,1.0084033613445378,0.7563025210084033,1.0084033613445378,FW
Anthony Elanga,Sweden,Sweden,"MF,FW",24,2002,Newcastle,4,2,217.0,2.4,2.0,0.0,2.0,2.0,0.0,0.0,0.0,0.0,0.83,0.0,0.83,0.83,0.83,3.0,3.0,100.0,1.24,1.24,0.67,0.67,54.0,60.3,90.0,2,2,19.0,0,1.0,3.0,5.0,-2.0,-0.83,-0.2,0.0,0.0,7.0,1.0,12.0,2.0,0.0,0.0,0.0,0.0,0.0,0.0,0.0,0.0,0.0,0.0,0.0,0.0,0.0,0.0,0.0,0.0,0.0,0.0,0.0,0.0,0.8294930875576036,0.0,1.2442396313364057,1.2442396313364057,0.8294930875576036,0.0,0.0,4.976958525345623,0.8294930875576036,MF
Benjamin Nygren,Sweden,Sweden,MF,24,2001,Celtic,4,2,130.0,1.4,0.0,0.0,0.0,0.0,0.0,0.0,0.0,0.0,0.0,0.0,0.0,0.0,0.0,1.0,0.0,0.0,0.69,0.0,0.0,0.0,33.0,36.1,59.0,0,2,6.0,0,1.0,3.0,5.0,-2.0,-1.38,-0.99,0.0,3.0,0.0,0.0,5.0,0.0,0.0,0.0,0.0,0.0,0.0,0.0,0.0,0.0,0.0,0.0,0.0,0.0,0.0,0.0,0.0,0.0,0.0,0.0,0.0,0.0,0.0,0.0,0.6923076923076923,0.0,0.0,0.0,2.076923076923077,3.4615384615384617,0.0,MF
Besfort Zeneli,Sweden,Sweden,MF,23,2002,Union SG,2,0,60.0,0.7,0.0,0.0,0.0,0.0,0.0,0.0,0.0,0.0,0.0,0.0,0.0,0.0,0.0,1.0,1.0,100.0,1.5,1.5,0.0,0.0,30.0,16.7,0.0,0,2,30.0,2,0.0,1.0,2.0,-1.0,-1.5,-0.9,0.0,1.0,0.0,0.0,1.0,1.0,0.0,0.0,0.0,0.0,0.0,0.0,0.0,0.0,0.0,0.0,0.0,0.0,0.0,0.0,0.0,0.0,0.0,0.0,0.0,0.0,0.0,0.0,1.5,1.5,1.5,0.0,1.5,1.5,0.0,MF
Carl Starfelt,Sweden,Sweden,DF,31,1995,Celta Vigo,1,0,4.0,0.0,0.0,0.0,0.0,0.0,0.0,0.0,0.0,0.0,0.0,0.0,0.0,0.0,0.0,0.0,0.0,0.0,0.0,0.0,0.0,0.0,4.0,1.1,0.0,0,1,4.0,3,1.0,0.0,0.0,0.0,0.0,0.76,0.0,0.0,0.0,0.0,0.0,0.0,0.0,0.0,0.0,0.0,0.0,0.0,0.0,0.0,0.0,0.0,0.0,0.0,0.0,0.0,0.0,0.0,0.0,0.0,0.0,0.0,0.0,0.0,0.0,0.0,0.0,0.0,0.0,0.0,0.0,DF
Daniel Svensson,Sweden,Sweden,DF,24,2002,Dortmund,3,1,98.0,1.1,0.0,0.0,0.0,0.0,0.0,0.0,0.0,0.0,0.0,0.0,0.0,0.0,0.0,1.0,0.0,0.0,0.92,0.0,0.0,0.0,33.0,27.2,81.0,0,2,9.0,1,1.33,1.0,3.0,-2.0,-1.84,-1.49,0.0,0.0,0.0,1.0,2.0,1.0,2.0,0.0,0.0,0.0,0.0,0.0,0.0,0.0,0.0,0.0,0.0,0.0,0.0,0.0,0.0,0.0,0.0,0.0,0.0,0.0,0.0,0.0,0.9183673469387754,0.0,0.9183673469387754,1.8367346938775508,0.0,1.8367346938775508,0.0,DF
Elliot Stroud,Sweden,Sweden,MF,23,2002,Mjällby,4,2,166.0,1.8,0.0,0.0,0.0,0.0,0.0,0.0,0.0,0.0,0.0,0.0,0.0,0.0,0.0,1.0,0.0,0.0,0.54,0.0,0.0,0.0,42.0,46.1,70.0,0,2,14.0,0,1.0,3.0,3.0,0.0,0.0,1.39,0.0,3.0,1.0,0.0,4.0,3.0,0.0,0.0,0.0,0.0,0.0,0.0,0.0,0.0,0.0,0.0,0.0,0.0,0.0,0.0,0.0,0.0,0.0,0.0,0.0,0.0,0.0,0.0,0.5421686746987953,0.0,1.6265060240963856,0.0,1.6265060240963856,2.168674698795181,0.0,MF
Eric Smith,Sweden,Sweden,"DF,MF",29,1997,Unknown Club,0,0,0.0,0.0,0.0,0.0,0.0,0.0,0.0,0.0,0.0,0.0,0.0,0.0,0.0,0.0,0.0,0.0,0.0,0.0,0.0,0.0,0.0,0.0,0.0,0.0,0.0,0,0,0.0,4,0.0,0.0,0.0,0.0,0.0,0.0,0.0,0.0,0.0,0.0,0.0,0.0,0.0,0.0,0.0,0.0,0.0,0.0,0.0,0.0,0.0,0.0,0.0,0.0,0.0,0.0,0.0,0.0,0.0,0.0,0.0,0.0,0.0,0.0,0.0,0.0,0.0,0.0,0.0,0.0,0.0,DF
Gabriel Gudmundsson,Sweden,Sweden,"MF,DF",27,1999,Leeds United,4,4,330.0,3.7,0.0,0.0,0.0,0.0,0.0,0.0,1.0,0.0,0.0,0.0,0.0,0.0,0.0,0.0,0.0,0.0,0.0,0.0,0.0,0.0,83.0,91.7,83.0,1,0,0.0,0,1.0,5.0,10.0,-5.0,-1.36,-7.36,0.0,5.0,7.0,0.0,4.0,5.0,3.0,0.0,0.0,0.0,0.0,0.0,0.0,0.0,0.0,0.0,0.0,0.0,0.0,0.0,0.0,0.0,0.0,0.0,0.0,0.0,0.0,0.0,0.0,0.0,1.3636363636363638,0.8181818181818181,1.3636363636363638,1.0909090909090908,0.0,DF
Gustaf Lagerbielke,Sweden,Sweden,DF,26,2000,Braga,4,4,360.0,4.0,0.0,0.0,0.0,0.0,0.0,0.0,0.0,0.0,0.0,0.0,0.0,0.0,0.0,3.0,1.0,33.3,0.75,0.25,0.0,0.0,90.0,100.0,90.0,4,0,0.0,0,1.0,7.0,10.0,-3.0,-0.75,0.0,0.0,1.0,3.0,1.0,1.0,5.0,5.0,0.0,0.0,0.0,0.0,0.0,0.0,0.0,0.0,0.0,0.0,0.0,0.0,0.0,0.0,0.0,0.0,0.0,0.0,0.0,0.0,0.0,0.75,0.25,1.25,1.25,0.25,0.25,0.0,DF
Gustaf Nilsson,Sweden,Sweden,FW,29,1997,Club Brugge,1,0,2.0,0.0,0.0,0.0,0.0,0.0,0.0,0.0,0.0,0.0,0.0,0.0,0.0,0.0,0.0,1.0,0.0,0.0,45.0,0.0,0.0,0.0,2.0,0.6,0.0,0,1,2.0,3,0.0,0.0,0.0,0.0,0.0,0.75,0.0,0.0,0.0,0.0,0.0,0.0,0.0,0.0,0.0,0.0,0.0,0.0,0.0,0.0,0.0,0.0,0.0,0.0,0.0,0.0,0.0,0.0,0.0,0.0,0.0,0.0,0.0,0.0,45.0,0.0,0.0,0.0,0.0,0.0,0.0,FW
Herman Johansson,Sweden,Sweden,MF,28,1997,Unknown Club,0,0,0.0,0.0,0.0,0.0,0.0,0.0,0.0,0.0,0.0,0.0,0.0,0.0,0.0,0.0,0.0,0.0,0.0,0.0,0.0,0.0,0.0,0.0,0.0,0.0,0.0,0,0,0.0,4,0.0,0.0,0.0,0.0,0.0,0.0,0.0,0.0,0.0,0.0,0.0,0.0,0.0,0.0,0.0,0.0,0.0,0.0,0.0,0.0,0.0,0.0,0.0,0.0,0.0,0.0,0.0,0.0,0.0,0.0,0.0,0.0,0.0,0.0,0.0,0.0,0.0,0.0,0.0,0.0,0.0,MF
Hjalmar Ekdal,Sweden,Sweden,DF,27,1998,Unknown Club,0,0,0.0,0.0,0.0,0.0,0.0,0.0,0.0,0.0,0.0,0.0,0.0,0.0,0.0,0.0,0.0,0.0,0.0,0.0,0.0,0.0,0.0,0.0,0.0,0.0,0.0,0,0,0.0,4,0.0,0.0,0.0,0.0,0.0,0.0,0.0,0.0,0.0,0.0,0.0,0.0,0.0,0.0,0.0,0.0,0.0,0.0,0.0,0.0,0.0,0.0,0.0,0.0,0.0,0.0,0.0,0.0,0.0,0.0,0.0,0.0,0.0,0.0,0.0,0.0,0.0,0.0,0.0,0.0,0.0,DF
Isak Hien,Sweden,Sweden,DF,27,1999,Atalanta,3,3,216.0,2.4,0.0,0.0,0.0,0.0,0.0,0.0,1.0,0.0,0.0,0.0,0.0,0.0,0.0,0.0,0.0,0.0,0.0,0.0,0.0,0.0,72.0,60.0,72.0,2,0,0.0,0,1.33,6.0,6.0,0.0,0.0,1.87,0.0,3.0,3.0,0.0,0.0,1.0,3.0,0.0,0.0,0.0,0.0,0.0,0.0,0.0,0.0,0.0,0.0,0.0,0.0,0.0,0.0,0.0,0.0,0.0,0.0,0.0,0.0,0.0,0.0,0.0,0.41666666666666663,1.25,1.25,0.0,0.0,DF
Jacob Widell Zetterström,Sweden,Sweden,GK,27,1998,Derby County,2,2,180.0,2.0,0.0,0.0,0.0,0.0,0.0,0.0,0.0,0.0,0.0,0.0,0.0,0.0,0.0,0.0,0.0,0.0,0.0,0.0,0.0,0.0,90.0,50.0,90.0,2,0,0.0,2,0.5,1.0,4.0,-3.0,-1.5,-1.5,0.0,0.0,0.0,0.0,0.0,0.0,0.0,0.0,2.0,2.0,180.0,4.0,2.0,15.0,11.0,73.3,0.0,1.0,1.0,0.0,0.0,0.0,0.0,0.0,0.0,0.0,0.0,0.0,0.0,0.0,0.0,0.0,0.0,0.0,0.0,GK
Jesper Karlström,Sweden,Sweden,MF,30,1995,Udinese,2,2,138.0,1.5,0.0,0.0,0.0,0.0,0.0,0.0,0.0,0.0,0.0,0.0,0.0,0.0,0.0,1.0,0.0,0.0,0.65,0.0,0.0,0.0,69.0,38.3,69.0,0,0,0.0,2,1.5,4.0,5.0,-1.0,-0.65,0.16,0.0,3.0,0.0,0.0,0.0,1.0,3.0,0.0,0.0,0.0,0.0,0.0,0.0,0.0,0.0,0.0,0.0,0.0,0.0,0.0,0.0,0.0,0.0,0.0,0.0,0.0,0.0,0.0,0.6521739130434783,0.0,0.6521739130434783,1.9565217391304348,1.9565217391304348,0.0,0.0,MF
Ken Sema,Sweden,Sweden,"FW,MF",32,1993,Unknown Club,1,0,16.0,0.2,0.0,0.0,0.0,0.0,0.0,0.0,0.0,0.0,0.0,0.0,0.0,0.0,0.0,1.0,0.0,0.0,5.63,0.0,0.0,0.0,16.0,4.4,0.0,0,1,16.0,3,1.0,0.0,0.0,0.0,0.0,0.78,0.0,0.0,1.0,0.0,0.0,0.0,1.0,0.0,0.0,0.0,0.0,0.0,0.0,0.0,0.0,0.0,0.0,0.0,0.0,0.0,0.0,0.0,0.0,0.0,0.0,0.0,0.0,0.0,5.625,0.0,0.0,5.625,0.0,0.0,0.0,MF
Kristoffer Nordfeldt,Sweden,Sweden,GK,36,1989,AIK Stockholm,2,2,180.0,2.0,0.0,0.0,0.0,0.0,0.0,0.0,0.0,0.0,0.0,0.0,0.0,0.0,0.0,0.0,0.0,0.0,0.0,0.0,0.0,0.0,90.0,50.0,90.0,2,0,0.0,2,1.5,6.0,6.0,0.0,0.0,1.5,0.0,0.0,0.0,0.0,0.0,0.0,0.0,0.0,2.0,2.0,180.0,6.0,3.0,9.0,3.0,33.3,1.0,0.0,1.0,0.0,0.0,0.0,0.0,0.0,0.0,0.0,0.0,0.0,0.0,0.0,0.0,0.0,0.0,0.0,0.0,GK
Lucas Bergvall,Sweden,Sweden,MF,20,2006,Tottenham,4,1,181.0,2.0,0.0,1.0,1.0,0.0,0.0,0.0,1.0,0.0,0.0,0.5,0.5,0.0,0.5,2.0,0.0,0.0,0.99,0.0,0.0,0.0,45.0,50.3,65.0,0,3,39.0,0,1.0,4.0,4.0,0.0,0.0,1.51,0.0,7.0,4.0,0.0,3.0,2.0,2.0,0.0,0.0,0.0,0.0,0.0,0.0,0.0,0.0,0.0,0.0,0.0,0.0,0.0,0.0,0.0,0.0,0.0,0.0,0.0,0.0,0.49723756906077343,0.9944751381215469,0.0,0.9944751381215469,0.9944751381215469,3.480662983425414,1.4917127071823204,0.49723756906077343,MF
Mattias Svanberg,Sweden,Sweden,MF,27,1999,Wolfsburg,2,0,16.0,0.2,1.0,0.0,1.0,1.0,0.0,0.0,0.0,0.0,5.63,0.0,5.63,5.63,5.63,3.0,2.0,66.7,16.88,11.25,0.33,0.5,8.0,4.4,0.0,0,2,8.0,2,1.5,1.0,0.0,1.0,5.63,6.67,0.0,0.0,1.0,0.0,0.0,1.0,1.0,0.0,0.0,0.0,0.0,0.0,0.0,0.0,0.0,0.0,0.0,0.0,0.0,0.0,0.0,0.0,0.0,0.0,0.0,0.0,5.625,0.0,16.875,11.25,5.625,5.625,0.0,0.0,5.625,MF
Taha Ali,Sweden,Sweden,"FW,MF",27,1998,Malmö,2,0,37.0,0.4,0.0,0.0,0.0,0.0,0.0,0.0,0.0,0.0,0.0,0.0,0.0,0.0,0.0,0.0,0.0,0.0,0.0,0.0,0.0,0.0,19.0,10.3,0.0,0,2,19.0,2,0.0,0.0,2.0,-2.0,-4.86,-4.59,0.0,0.0,2.0,0.0,1.0,0.0,0.0,0.0,0.0,0.0,0.0,0.0,0.0,0.0,0.0,0.0,0.0,0.0,0.0,0.0,0.0,0.0,0.0,0.0,0.0,0.0,0.0,0.0,0.0,0.0,0.0,0.0,0.0,2.4324324324324325,0.0,MF
Victor Lindelöf,Sweden,Sweden,"DF,MF",31,1994,Aston Villa,4,4,356.0,4.0,0.0,0.0,0.0,0.0,0.0,0.0,0.0,0.0,0.0,0.0,0.0,0.0,0.0,2.0,0.0,0.0,0.51,0.0,0.0,0.0,89.0,98.9,89.0,3,0,0.0,0,1.0,7.0,10.0,-3.0,-0.76,-0.76,0.0,3.0,0.0,0.0,0.0,4.0,1.0,0.0,0.0,0.0,0.0,0.0,0.0,0.0,0.0,0.0,0.0,0.0,0.0,0.0,0.0,0.0,0.0,0.0,0.0,0.0,0.0,0.0,0.5056179775280899,0.0,1.0112359550561798,0.25280898876404495,0.7584269662921348,0.0,0.0,DF
Viktor Gyökeres,Sweden,Sweden,FW,28,1998,Arsenal,4,4,360.0,4.0,1.0,2.0,3.0,1.0,0.0,0.0,1.0,0.0,0.25,0.5,0.75,0.25,0.75,12.0,6.0,50.0,3.0,1.5,0.08,0.17,90.0,100.0,90.0,4,0,0.0,0,1.0,7.0,10.0,-3.0,-0.75,0.0,0.0,4.0,7.0,1.0,1.0,0.0,1.0,0.0,0.0,0.0,0.0,0.0,0.0,0.0,0.0,0.0,0.0,0.0,0.0,0.0,0.0,0.0,0.0,0.0,0.0,0.0,0.25,0.5,3.0,1.5,0.0,0.25,1.0,0.25,0.75,FW
Viktor Johansson,Sweden,Sweden,GK,27,1998,Unknown Club,0,0,0.0,0.0,0.0,0.0,0.0,0.0,0.0,0.0,0.0,0.0,0.0,0.0,0.0,0.0,0.0,0.0,0.0,0.0,0.0,0.0,0.0,0.0,0.0,0.0,0.0,0,0,0.0,4,0.0,0.0,0.0,0.0,0.0,0.0,0.0,0.0,0.0,0.0,0.0,0.0,0.0,0.0,0.0,0.0,0.0,0.0,0.0,0.0,0.0,0.0,0.0,0.0,0.0,0.0,0.0,0.0,0.0,0.0,0.0,0.0,0.0,0.0,0.0,0.0,0.0,0.0,0.0,0.0,0.0,GK
Yasin Ayari,Sweden,Sweden,MF,22,2003,Brighton,4,4,339.0,3.8,2.0,0.0,2.0,2.0,0.0,0.0,1.0,0.0,0.53,0.0,0.53,0.53,0.53,7.0,3.0,42.9,1.86,0.8,0.29,0.67,85.0,94.2,85.0,2,0,0.0,0,1.0,7.0,9.0,-2.0,-0.53,3.75,0.0,4.0,8.0,0.0,19.0,3.0,4.0,0.0,0.0,0.0,0.0,0.0,0.0,0.0,0.0,0.0,0.0,0.0,0.0,0.0,0.0,0.0,0.0,0.0,0.0,0.0,0.5309734513274336,0.0,1.8584070796460177,0.7964601769911505,0.7964601769911505,1.0619469026548671,1.0619469026548671,5.04424778761062,0.5309734513274336,MF
Ardon Jashari,Switzerland,Switzerland,MF,23,2002,Milan,3,1,72.0,0.8,0.0,0.0,0.0,0.0,0.0,0.0,0.0,0.0,0.0,0.0,0.0,0.0,0.0,2.0,0.0,0.0,2.5,0.0,0.0,0.0,24.0,12.0,45.0,0,2,14.0,3,0.67,0.0,3.0,-3.0,-3.75,-4.94,0.0,2.0,1.0,0.0,1.0,0.0,0.0,0.0,0.0,0.0,0.0,0.0,0.0,0.0,0.0,0.0,0.0,0.0,0.0,0.0,0.0,0.0,0.0,0.0,0.0,0.0,0.0,0.0,2.5,0.0,0.0,0.0,2.5,1.25,0.0,MF
Aurèle Amenda,Switzerland,Switzerland,DF,22,2003,Unknown Club,0,0,0.0,0.0,0.0,0.0,0.0,0.0,0.0,0.0,0.0,0.0,0.0,0.0,0.0,0.0,0.0,0.0,0.0,0.0,0.0,0.0,0.0,0.0,0.0,0.0,0.0,0,0,0.0,6,0.0,0.0,0.0,0.0,0.0,0.0,0.0,0.0,0.0,0.0,0.0,0.0,0.0,0.0,0.0,0.0,0.0,0.0,0.0,0.0,0.0,0.0,0.0,0.0,0.0,0.0,0.0,0.0,0.0,0.0,0.0,0.0,0.0,0.0,0.0,0.0,0.0,0.0,0.0,0.0,0.0,DF
Breel Embolo,Switzerland,Switzerland,FW,29,1997,Rennes,6,6,501.0,5.6,2.0,2.0,4.0,1.0,1.0,1.0,2.0,1.0,0.36,0.36,0.72,0.18,0.54,10.0,5.0,50.0,1.8,0.9,0.1,0.2,84.0,83.5,84.0,1,0,0.0,0,1.83,8.0,3.0,5.0,0.9,1.81,1.0,9.0,11.0,4.0,1.0,2.0,0.0,0.0,0.0,0.0,0.0,0.0,0.0,0.0,0.0,0.0,0.0,0.0,0.0,0.0,0.0,0.0,0.0,0.0,0.0,0.0,0.35928143712574845,0.35928143712574845,1.7964071856287425,0.8982035928143712,0.35928143712574845,0.0,1.6167664670658681,0.17964071856287422,0.7185628742514969,FW
Cedric Itten,Switzerland,Switzerland,"FW,MF",29,1996,Düsseldorf,3,0,42.0,0.5,0.0,0.0,0.0,0.0,0.0,0.0,0.0,0.0,0.0,0.0,0.0,0.0,0.0,0.0,0.0,0.0,0.0,0.0,0.0,0.0,14.0,7.0,0.0,0,3,14.0,3,2.33,2.0,1.0,1.0,2.14,1.66,0.0,4.0,2.0,0.0,1.0,0.0,0.0,0.0,0.0,0.0,0.0,0.0,0.0,0.0,0.0,0.0,0.0,0.0,0.0,0.0,0.0,0.0,0.0,0.0,0.0,0.0,0.0,0.0,0.0,0.0,0.0,0.0,8.571428571428571,2.142857142857143,0.0,MF
Christian Fassnacht,Switzerland,Switzerland,"FW,MF",32,1993,Young Boys,1,0,6.0,0.1,0.0,0.0,0.0,0.0,0.0,0.0,0.0,0.0,0.0,0.0,0.0,0.0,0.0,0.0,0.0,0.0,0.0,0.0,0.0,0.0,6.0,1.0,0.0,0,1,6.0,5,3.0,0.0,0.0,0.0,0.0,-0.61,0.0,0.0,0.0,0.0,0.0,0.0,1.0,0.0,0.0,0.0,0.0,0.0,0.0,0.0,0.0,0.0,0.0,0.0,0.0,0.0,0.0,0.0,0.0,0.0,0.0,0.0,0.0,0.0,0.0,0.0,0.0,15.0,0.0,0.0,0.0,MF
Dan Ndoye,Switzerland,Switzerland,"MF,FW",25,2000,Nottingham,6,5,406.0,4.5,2.0,0.0,2.0,2.0,0.0,0.0,0.0,0.0,0.44,0.0,0.44,0.44,0.44,16.0,8.0,50.0,3.55,1.77,0.13,0.25,68.0,67.7,79.0,0,1,11.0,0,1.83,4.0,1.0,3.0,0.67,0.2,0.0,5.0,16.0,4.0,11.0,4.0,5.0,0.0,0.0,0.0,0.0,0.0,0.0,0.0,0.0,0.0,0.0,0.0,0.0,0.0,0.0,0.0,0.0,0.0,0.0,0.0,0.4433497536945813,0.0,3.5467980295566504,1.7733990147783252,0.8866995073891626,1.1083743842364533,1.1083743842364533,2.438423645320197,0.4433497536945813,MF
Denis Zakaria,Switzerland,Switzerland,DF,29,1996,Monaco,4,4,357.0,4.0,0.0,0.0,0.0,0.0,0.0,0.0,2.0,0.0,0.0,0.0,0.0,0.0,0.0,5.0,2.0,40.0,1.26,0.5,0.0,0.0,89.0,59.5,89.0,1,0,0.0,2,1.25,4.0,2.0,2.0,0.5,-0.24,0.0,4.0,0.0,1.0,13.0,9.0,5.0,0.0,0.0,0.0,0.0,0.0,0.0,0.0,0.0,0.0,0.0,0.0,0.0,0.0,0.0,0.0,0.0,0.0,0.0,0.0,0.0,0.0,1.2605042016806722,0.5042016806722689,2.26890756302521,1.2605042016806722,1.0084033613445378,3.2773109243697482,0.0,DF
Djibril Sow,Switzerland,Switzerland,MF,29,1997,Sevilla,4,2,253.0,2.8,0.0,0.0,0.0,0.0,0.0,0.0,0.0,0.0,0.0,0.0,0.0,0.0,0.0,2.0,1.0,50.0,0.71,0.36,0.0,0.0,63.0,42.2,79.0,0,2,48.0,2,1.75,7.0,2.0,5.0,1.78,2.04,0.0,5.0,4.0,0.0,3.0,2.0,1.0,0.0,0.0,0.0,0.0,0.0,0.0,0.0,0.0,0.0,0.0,0.0,0.0,0.0,0.0,0.0,0.0,0.0,0.0,0.0,0.0,0.0,0.7114624505928854,0.3557312252964427,0.7114624505928854,0.3557312252964427,1.7786561264822134,1.067193675889328,0.0,MF
Eray Cömert,Switzerland,Switzerland,DF,28,1998,Valencia,1,0,31.0,0.3,0.0,0.0,0.0,0.0,0.0,0.0,0.0,0.0,0.0,0.0,0.0,0.0,0.0,0.0,0.0,0.0,0.0,0.0,0.0,0.0,31.0,5.2,0.0,0,1,31.0,5,0.0,0.0,2.0,-2.0,-5.81,-6.76,0.0,0.0,0.0,0.0,0.0,0.0,0.0,0.0,0.0,0.0,0.0,0.0,0.0,0.0,0.0,0.0,0.0,0.0,0.0,0.0,0.0,0.0,0.0,0.0,0.0,0.0,0.0,0.0,0.0,0.0,0.0,0.0,0.0,0.0,0.0,DF
Fabian Rieder,Switzerland,Switzerland,"MF,FW",24,2002,Augsburg,5,3,302.0,3.4,0.0,0.0,0.0,0.0,0.0,0.0,0.0,0.0,0.0,0.0,0.0,0.0,0.0,7.0,2.0,28.6,2.09,0.6,0.0,0.0,60.0,50.3,86.0,0,2,23.0,1,1.6,1.0,2.0,-1.0,-0.3,-1.81,0.0,3.0,6.0,0.0,13.0,1.0,3.0,0.0,0.0,0.0,0.0,0.0,0.0,0.0,0.0,0.0,0.0,0.0,0.0,0.0,0.0,0.0,0.0,0.0,0.0,0.0,0.0,0.0,2.0860927152317883,0.5960264900662252,0.2980132450331126,0.8940397350993378,0.8940397350993378,3.8741721854304636,0.0,MF
Granit Xhaka,Switzerland,Switzerland,MF,33,1992,Sunderland,6,6,600.0,6.7,1.0,0.0,1.0,0.0,1.0,1.0,2.0,0.0,0.15,0.0,0.15,0.0,0.0,9.0,2.0,22.2,1.35,0.3,0.0,0.0,100.0,100.0,100.0,6,0,0.0,0,1.83,10.0,6.0,4.0,0.6,0.0,0.0,4.0,12.0,0.0,4.0,4.0,4.0,0.0,0.0,0.0,0.0,0.0,0.0,0.0,0.0,0.0,0.0,0.0,0.0,0.0,0.0,0.0,0.0,0.0,0.0,0.0,0.15000000000000002,0.0,1.3499999999999999,0.30000000000000004,0.6000000000000001,0.6000000000000001,0.6000000000000001,0.6000000000000001,0.15000000000000002,MF
Gregor Kobel,Switzerland,Switzerland,GK,28,1997,Dortmund,6,6,600.0,6.7,0.0,0.0,0.0,0.0,0.0,0.0,0.0,0.0,0.0,0.0,0.0,0.0,0.0,0.0,0.0,0.0,0.0,0.0,0.0,0.0,100.0,100.0,100.0,6,0,0.0,0,1.83,10.0,6.0,4.0,0.6,0.0,0.0,0.0,3.0,0.0,0.0,0.0,0.0,0.0,6.0,6.0,600.0,6.0,0.9,26.0,20.0,76.9,3.0,2.0,1.0,2.0,33.3,0.0,0.0,0.0,0.0,0.0,0.0,0.0,0.0,0.0,0.0,0.0,0.0,0.0,0.0,GK
Johan Manzambi,Switzerland,Switzerland,"MF,FW",20,2005,Freiburg,4,2,199.0,2.2,3.0,2.0,5.0,3.0,0.0,0.0,0.0,0.0,1.36,0.9,2.26,1.36,2.26,6.0,3.0,50.0,2.71,1.36,0.5,1.0,50.0,33.2,77.0,0,2,23.0,0,2.5,8.0,3.0,5.0,2.26,2.49,0.0,3.0,3.0,1.0,3.0,0.0,0.0,0.0,0.0,0.0,0.0,0.0,0.0,0.0,0.0,0.0,0.0,0.0,0.0,0.0,0.0,0.0,0.0,0.0,0.0,0.0,1.3567839195979898,0.9045226130653267,2.7135678391959797,1.3567839195979898,0.0,0.0,1.3567839195979898,1.3567839195979898,2.2613065326633164,MF
Luca Jaquez,Switzerland,Switzerland,DF,23,2003,Stuttgart,2,1,78.0,0.9,0.0,0.0,0.0,0.0,0.0,0.0,0.0,0.0,0.0,0.0,0.0,0.0,0.0,0.0,0.0,0.0,0.0,0.0,0.0,0.0,39.0,13.0,73.0,0,1,5.0,2,3.0,4.0,1.0,3.0,3.46,3.29,0.0,3.0,1.0,0.0,2.0,1.0,0.0,0.0,0.0,0.0,0.0,0.0,0.0,0.0,0.0,0.0,0.0,0.0,0.0,0.0,0.0,0.0,0.0,0.0,0.0,0.0,0.0,0.0,0.0,0.0,1.1538461538461537,0.0,3.4615384615384617,2.3076923076923075,0.0,DF
Manuel Akanji,Switzerland,Switzerland,DF,30,1995,Inter,6,6,600.0,6.7,0.0,0.0,0.0,0.0,0.0,0.0,0.0,0.0,0.0,0.0,0.0,0.0,0.0,1.0,1.0,100.0,0.15,0.15,0.0,0.0,100.0,100.0,100.0,6,0,0.0,0,1.83,10.0,6.0,4.0,0.6,0.0,0.0,4.0,4.0,0.0,0.0,6.0,9.0,0.0,0.0,0.0,0.0,0.0,0.0,0.0,0.0,0.0,0.0,0.0,0.0,0.0,0.0,0.0,0.0,0.0,0.0,0.0,0.0,0.0,0.15000000000000002,0.15000000000000002,0.9,1.3499999999999999,0.6000000000000001,0.0,0.0,DF
Marvin Keller,Switzerland,Switzerland,GK,23,2002,Unknown Club,0,0,0.0,0.0,0.0,0.0,0.0,0.0,0.0,0.0,0.0,0.0,0.0,0.0,0.0,0.0,0.0,0.0,0.0,0.0,0.0,0.0,0.0,0.0,0.0,0.0,0.0,0,0,0.0,6,0.0,0.0,0.0,0.0,0.0,0.0,0.0,0.0,0.0,0.0,0.0,0.0,0.0,0.0,0.0,0.0,0.0,0.0,0.0,0.0,0.0,0.0,0.0,0.0,0.0,0.0,0.0,0.0,0.0,0.0,0.0,0.0,0.0,0.0,0.0,0.0,0.0,0.0,0.0,0.0,0.0,GK
Michel Aebischer,Switzerland,Switzerland,"MF,FW",29,1997,Pisa,4,2,156.0,1.7,0.0,0.0,0.0,0.0,0.0,0.0,0.0,0.0,0.0,0.0,0.0,0.0,0.0,2.0,1.0,50.0,1.15,0.58,0.0,0.0,39.0,26.0,68.0,0,2,11.0,1,2.5,1.0,1.0,0.0,0.0,-0.81,0.0,3.0,2.0,0.0,6.0,0.0,1.0,0.0,0.0,0.0,0.0,0.0,0.0,0.0,0.0,0.0,0.0,0.0,0.0,0.0,0.0,0.0,0.0,0.0,0.0,0.0,0.0,0.0,1.1538461538461537,0.5769230769230769,0.0,0.5769230769230769,1.7307692307692308,3.4615384615384617,0.0,MF
Miro Muheim,Switzerland,Switzerland,"DF,MF",28,1998,Hamburger SV,3,0,87.0,1.0,0.0,0.0,0.0,0.0,0.0,0.0,1.0,0.0,0.0,0.0,0.0,0.0,0.0,0.0,0.0,0.0,0.0,0.0,0.0,0.0,29.0,14.5,0.0,0,3,29.0,1,0.67,0.0,3.0,-3.0,-3.1,-4.33,0.0,1.0,3.0,0.0,2.0,2.0,1.0,0.0,0.0,0.0,0.0,0.0,0.0,0.0,0.0,0.0,0.0,0.0,0.0,0.0,0.0,0.0,0.0,0.0,0.0,0.0,0.0,0.0,0.0,0.0,2.0689655172413794,1.0344827586206897,1.0344827586206897,2.0689655172413794,0.0,DF
Nico Elvedi,Switzerland,Switzerland,DF,29,1996,Gladbach,6,6,600.0,6.7,0.0,0.0,0.0,0.0,0.0,0.0,1.0,0.0,0.0,0.0,0.0,0.0,0.0,3.0,0.0,0.0,0.45,0.0,0.0,0.0,100.0,100.0,100.0,6,0,0.0,0,1.83,10.0,6.0,4.0,0.6,0.0,0.0,5.0,6.0,0.0,0.0,6.0,2.0,0.0,0.0,0.0,0.0,0.0,0.0,0.0,0.0,0.0,0.0,0.0,0.0,0.0,0.0,0.0,0.0,0.0,0.0,0.0,0.0,0.0,0.45,0.0,0.9,0.30000000000000004,0.75,0.0,0.0,DF
Noah Okafor,Switzerland,Switzerland,"FW,MF",26,2000,Leeds United,1,0,20.0,0.2,0.0,0.0,0.0,0.0,0.0,0.0,0.0,0.0,0.0,0.0,0.0,0.0,0.0,1.0,0.0,0.0,4.5,0.0,0.0,0.0,20.0,3.3,0.0,0,1,20.0,5,3.0,0.0,0.0,0.0,0.0,-0.62,0.0,0.0,0.0,0.0,0.0,0.0,1.0,0.0,0.0,0.0,0.0,0.0,0.0,0.0,0.0,0.0,0.0,0.0,0.0,0.0,0.0,0.0,0.0,0.0,0.0,0.0,0.0,0.0,4.5,0.0,0.0,4.5,0.0,0.0,0.0,MF
Remo Freuler,Switzerland,Switzerland,MF,34,1992,Bologna,6,6,592.0,6.6,0.0,0.0,0.0,0.0,0.0,0.0,0.0,0.0,0.0,0.0,0.0,0.0,0.0,2.0,1.0,50.0,0.3,0.15,0.0,0.0,99.0,98.7,99.0,4,0,0.0,0,1.83,10.0,4.0,6.0,0.91,23.41,0.0,8.0,3.0,1.0,5.0,8.0,5.0,0.0,0.0,0.0,0.0,0.0,0.0,0.0,0.0,0.0,0.0,0.0,0.0,0.0,0.0,0.0,0.0,0.0,0.0,0.0,0.0,0.0,0.30405405405405406,0.15202702702702703,1.2162162162162162,0.7601351351351352,1.2162162162162162,0.7601351351351352,0.0,MF
Ricardo Rodríguez,Switzerland,Switzerland,DF,33,1992,Real Betis,6,6,517.0,5.7,0.0,1.0,1.0,0.0,0.0,0.0,0.0,0.0,0.0,0.17,0.17,0.0,0.17,1.0,0.0,0.0,0.17,0.0,0.0,0.0,86.0,86.2,86.0,3,0,0.0,0,1.83,10.0,3.0,7.0,1.22,4.47,0.0,11.0,2.0,0.0,19.0,4.0,7.0,0.0,0.0,0.0,0.0,0.0,0.0,0.0,0.0,0.0,0.0,0.0,0.0,0.0,0.0,0.0,0.0,0.0,0.0,0.0,0.0,0.17408123791102514,0.17408123791102514,0.0,0.6963249516441006,1.2185686653771761,1.9148936170212765,3.307543520309478,0.17408123791102514,DF
Ruben Vargas,Switzerland,Switzerland,MF,27,1998,Sevilla,6,3,284.0,3.2,2.0,1.0,3.0,2.0,0.0,0.0,0.0,0.0,0.63,0.32,0.95,0.63,0.95,6.0,4.0,66.7,1.9,1.27,0.33,0.5,47.0,47.3,76.0,0,3,19.0,0,1.83,9.0,3.0,6.0,1.9,2.47,0.0,6.0,6.0,2.0,23.0,2.0,2.0,0.0,0.0,0.0,0.0,0.0,0.0,0.0,0.0,0.0,0.0,0.0,0.0,0.0,0.0,0.0,0.0,0.0,0.0,0.0,0.6338028169014085,0.31690140845070425,1.9014084507042253,1.267605633802817,0.6338028169014085,0.6338028169014085,1.9014084507042253,7.288732394366198,0.9507042253521127,MF
Silvan Widmer,Switzerland,Switzerland,DF,33,1993,Mainz 05,5,1,175.0,1.9,0.0,0.0,0.0,0.0,0.0,0.0,0.0,0.0,0.0,0.0,0.0,0.0,0.0,0.0,0.0,0.0,0.0,0.0,0.0,0.0,35.0,29.2,85.0,0,4,23.0,1,2.0,2.0,3.0,-1.0,-0.51,-1.57,0.0,2.0,0.0,0.0,4.0,1.0,4.0,0.0,0.0,0.0,0.0,0.0,0.0,0.0,0.0,0.0,0.0,0.0,0.0,0.0,0.0,0.0,0.0,0.0,0.0,0.0,0.0,0.0,0.0,0.0,0.5142857142857142,2.057142857142857,1.0285714285714285,2.057142857142857,0.0,DF
Yvon Mvogo,Switzerland,Switzerland,GK,32,1994,Unknown Club,0,0,0.0,0.0,0.0,0.0,0.0,0.0,0.0,0.0,0.0,0.0,0.0,0.0,0.0,0.0,0.0,0.0,0.0,0.0,0.0,0.0,0.0,0.0,0.0,0.0,0.0,0,0,0.0,6,0.0,0.0,0.0,0.0,0.0,0.0,0.0,0.0,0.0,0.0,0.0,0.0,0.0,0.0,0.0,0.0,0.0,0.0,0.0,0.0,0.0,0.0,0.0,0.0,0.0,0.0,0.0,0.0,0.0,0.0,0.0,0.0,0.0,0.0,0.0,0.0,0.0,0.0,0.0,0.0,0.0,GK
Zeki Amdouni,Switzerland,Switzerland,"FW,MF",25,2000,Burnley,4,0,73.0,0.8,0.0,0.0,0.0,0.0,0.0,0.0,0.0,0.0,0.0,0.0,0.0,0.0,0.0,1.0,0.0,0.0,1.23,0.0,0.0,0.0,18.0,12.2,0.0,0,4,18.0,2,1.25,0.0,3.0,-3.0,-3.7,-4.89,0.0,5.0,4.0,0.0,0.0,0.0,1.0,0.0,0.0,0.0,0.0,0.0,0.0,0.0,0.0,0.0,0.0,0.0,0.0,0.0,0.0,0.0,0.0,0.0,0.0,0.0,0.0,0.0,1.2328767123287672,0.0,0.0,1.2328767123287672,6.164383561643835,0.0,0.0,MF
Adem Arous,Tunisia,Tunisia,DF,21,2004,Unknown Club,0,0,0.0,0.0,0.0,0.0,0.0,0.0,0.0,0.0,0.0,0.0,0.0,0.0,0.0,0.0,0.0,0.0,0.0,0.0,0.0,0.0,0.0,0.0,0.0,0.0,0.0,0,0,0.0,2,0.0,0.0,0.0,0.0,0.0,0.0,0.0,0.0,0.0,0.0,0.0,0.0,0.0,0.0,0.0,0.0,0.0,0.0,0.0,0.0,0.0,0.0,0.0,0.0,0.0,0.0,0.0,0.0,0.0,0.0,0.0,0.0,0.0,0.0,0.0,0.0,0.0,0.0,0.0,0.0,0.0,DF
Ali Abdi,Tunisia,Tunisia,DF,32,1993,Nice,3,3,269.0,3.0,0.0,0.0,0.0,0.0,0.0,0.0,0.0,0.0,0.0,0.0,0.0,0.0,0.0,1.0,0.0,0.0,0.33,0.0,0.0,0.0,90.0,99.6,90.0,2,0,0.0,0,0.0,2.0,12.0,-10.0,-3.35,-3.35,0.0,4.0,1.0,0.0,4.0,4.0,8.0,0.0,0.0,0.0,0.0,0.0,0.0,0.0,0.0,0.0,0.0,0.0,0.0,0.0,0.0,0.0,0.0,0.0,0.0,0.0,0.0,0.0,0.33457249070631967,0.0,1.3382899628252787,2.6765799256505574,1.3382899628252787,1.3382899628252787,0.0,DF
Anis Ben Slimane,Tunisia,Tunisia,"MF,FW",25,2001,Norwich City,3,3,240.0,2.7,0.0,0.0,0.0,0.0,0.0,0.0,0.0,0.0,0.0,0.0,0.0,0.0,0.0,1.0,1.0,100.0,0.37,0.37,0.0,0.0,80.0,88.9,80.0,1,0,0.0,0,0.0,2.0,11.0,-9.0,-3.38,-0.38,0.0,0.0,0.0,2.0,6.0,2.0,2.0,0.0,0.0,0.0,0.0,0.0,0.0,0.0,0.0,0.0,0.0,0.0,0.0,0.0,0.0,0.0,0.0,0.0,0.0,0.0,0.0,0.0,0.375,0.375,0.75,0.75,0.0,2.25,0.0,MF
Aymen Dahmen,Tunisia,Tunisia,GK,29,1997,Unknown Club,2,2,180.0,2.0,0.0,0.0,0.0,0.0,0.0,0.0,0.0,0.0,0.0,0.0,0.0,0.0,0.0,0.0,0.0,0.0,0.0,0.0,0.0,0.0,90.0,66.7,90.0,2,0,0.0,1,0.0,1.0,7.0,-6.0,-3.0,1.0,0.0,0.0,1.0,0.0,0.0,0.0,0.0,0.0,2.0,2.0,180.0,7.0,3.5,12.0,5.0,41.7,0.0,0.0,2.0,0.0,0.0,0.0,0.0,0.0,0.0,0.0,0.0,0.0,0.0,0.0,0.0,0.0,0.0,0.0,0.0,GK
Dylan Bronn,Tunisia,Tunisia,DF,30,1995,Servette FC,1,1,45.0,0.5,0.0,0.0,0.0,0.0,0.0,0.0,0.0,0.0,0.0,0.0,0.0,0.0,0.0,0.0,0.0,0.0,0.0,0.0,0.0,0.0,45.0,16.7,45.0,0,0,0.0,2,0.0,0.0,2.0,-2.0,-4.0,-0.8,0.0,1.0,0.0,0.0,0.0,1.0,0.0,0.0,0.0,0.0,0.0,0.0,0.0,0.0,0.0,0.0,0.0,0.0,0.0,0.0,0.0,0.0,0.0,0.0,0.0,0.0,0.0,0.0,0.0,0.0,2.0,0.0,2.0,0.0,0.0,DF
Elias Achouri,Tunisia,Tunisia,"FW,MF",27,1999,FC Copenhagen,3,0,43.0,0.5,0.0,0.0,0.0,0.0,0.0,0.0,0.0,0.0,0.0,0.0,0.0,0.0,0.0,3.0,1.0,33.3,6.28,2.09,0.0,0.0,14.0,15.9,0.0,0,3,14.0,0,0.0,0.0,2.0,-2.0,-4.19,-1.01,0.0,0.0,1.0,1.0,0.0,0.0,2.0,0.0,0.0,0.0,0.0,0.0,0.0,0.0,0.0,0.0,0.0,0.0,0.0,0.0,0.0,0.0,0.0,0.0,0.0,0.0,0.0,0.0,6.27906976744186,2.0930232558139537,0.0,4.186046511627907,0.0,0.0,0.0,MF
Elias Saad,Tunisia,Tunisia,"MF,FW",26,1999,Hannover 96,2,2,116.0,1.3,0.0,0.0,0.0,0.0,0.0,0.0,0.0,0.0,0.0,0.0,0.0,0.0,0.0,1.0,0.0,0.0,0.78,0.0,0.0,0.0,58.0,43.0,58.0,0,0,0.0,1,0.0,1.0,5.0,-4.0,-3.1,0.4,0.0,1.0,3.0,1.0,2.0,0.0,1.0,0.0,0.0,0.0,0.0,0.0,0.0,0.0,0.0,0.0,0.0,0.0,0.0,0.0,0.0,0.0,0.0,0.0,0.0,0.0,0.0,0.0,0.7758620689655172,0.0,0.0,0.7758620689655172,0.7758620689655172,1.5517241379310345,0.0,MF
Ellyes Skhiri,Tunisia,Tunisia,"MF,DF",31,1995,Frankfurt,3,3,250.0,2.8,0.0,0.0,0.0,0.0,0.0,0.0,0.0,0.0,0.0,0.0,0.0,0.0,0.0,0.0,0.0,0.0,0.0,0.0,0.0,0.0,83.0,92.6,83.0,1,0,0.0,0,0.0,2.0,10.0,-8.0,-2.88,6.12,0.0,0.0,1.0,0.0,0.0,2.0,1.0,1.0,0.0,0.0,0.0,0.0,0.0,0.0,0.0,0.0,0.0,0.0,0.0,0.0,0.0,0.0,0.0,0.0,0.0,0.0,0.0,0.0,0.0,0.0,0.72,0.36,0.0,0.0,0.0,DF
Firas Chaouat,Tunisia,Tunisia,FW,30,1996,Unknown Club,3,0,49.0,0.5,0.0,0.0,0.0,0.0,0.0,0.0,0.0,0.0,0.0,0.0,0.0,0.0,0.0,0.0,0.0,0.0,0.0,0.0,0.0,0.0,16.0,18.1,0.0,0,3,16.0,0,0.0,0.0,3.0,-3.0,-5.51,-2.66,0.0,1.0,2.0,3.0,0.0,0.0,0.0,0.0,0.0,0.0,0.0,0.0,0.0,0.0,0.0,0.0,0.0,0.0,0.0,0.0,0.0,0.0,0.0,0.0,0.0,0.0,0.0,0.0,0.0,0.0,0.0,0.0,1.8367346938775508,0.0,0.0,FW
Hadj Mahmoud,Tunisia,Tunisia,MF,26,2000,Lugano,2,0,43.0,0.5,0.0,0.0,0.0,0.0,0.0,0.0,0.0,0.0,0.0,0.0,0.0,0.0,0.0,0.0,0.0,0.0,0.0,0.0,0.0,0.0,22.0,15.9,0.0,0,2,22.0,1,0.0,0.0,2.0,-2.0,-4.19,-1.01,0.0,2.0,0.0,0.0,0.0,0.0,2.0,0.0,0.0,0.0,0.0,0.0,0.0,0.0,0.0,0.0,0.0,0.0,0.0,0.0,0.0,0.0,0.0,0.0,0.0,0.0,0.0,0.0,0.0,0.0,0.0,4.186046511627907,4.186046511627907,0.0,0.0,MF
Hannibal Mejbri,Tunisia,Tunisia,MF,23,2003,Burnley,3,3,270.0,3.0,0.0,2.0,2.0,0.0,0.0,0.0,0.0,0.0,0.0,0.67,0.67,0.0,0.67,3.0,1.0,33.3,1.0,0.33,0.0,0.0,90.0,100.0,90.0,3,0,0.0,0,0.0,2.0,12.0,-10.0,-3.33,0.0,0.0,4.0,15.0,0.0,10.0,1.0,4.0,0.0,0.0,0.0,0.0,0.0,0.0,0.0,0.0,0.0,0.0,0.0,0.0,0.0,0.0,0.0,0.0,0.0,0.0,0.0,0.0,0.6666666666666667,1.0,0.33333333333333337,0.33333333333333337,1.3333333333333335,1.3333333333333335,3.333333333333333,0.6666666666666667,MF
Hazem Mastouri,Tunisia,Tunisia,FW,28,1997,D. Makhachkala,1,1,89.0,1.0,1.0,0.0,1.0,1.0,0.0,0.0,0.0,0.0,1.01,0.0,1.01,1.01,1.01,3.0,2.0,66.7,3.03,2.02,0.33,0.5,89.0,33.0,89.0,0,0,0.0,2,0.0,1.0,3.0,-2.0,-2.02,1.96,0.0,2.0,2.0,0.0,1.0,1.0,0.0,0.0,0.0,0.0,0.0,0.0,0.0,0.0,0.0,0.0,0.0,0.0,0.0,0.0,0.0,0.0,0.0,0.0,0.0,0.0,1.0112359550561798,0.0,3.033707865168539,2.0224719101123596,1.0112359550561798,0.0,2.0224719101123596,1.0112359550561798,1.0112359550561798,FW
Ismaël Gharbi,Tunisia,Tunisia,MF,22,2004,Augsburg,3,1,127.0,1.4,0.0,0.0,0.0,0.0,0.0,0.0,0.0,0.0,0.0,0.0,0.0,0.0,0.0,3.0,0.0,0.0,2.13,0.0,0.0,0.0,42.0,47.0,74.0,0,2,27.0,0,0.0,1.0,7.0,-6.0,-4.25,-1.73,0.0,0.0,2.0,0.0,1.0,1.0,1.0,0.0,0.0,0.0,0.0,0.0,0.0,0.0,0.0,0.0,0.0,0.0,0.0,0.0,0.0,0.0,0.0,0.0,0.0,0.0,0.0,0.0,2.1259842519685037,0.0,0.7086614173228346,0.7086614173228346,0.0,0.7086614173228346,0.0,MF
Khalil Ayari,Tunisia,Tunisia,FW,21,2005,Unknown Club,0,0,0.0,0.0,0.0,0.0,0.0,0.0,0.0,0.0,0.0,0.0,0.0,0.0,0.0,0.0,0.0,0.0,0.0,0.0,0.0,0.0,0.0,0.0,0.0,0.0,0.0,0,0,0.0,3,0.0,0.0,0.0,0.0,0.0,0.0,0.0,0.0,0.0,0.0,0.0,0.0,0.0,0.0,0.0,0.0,0.0,0.0,0.0,0.0,0.0,0.0,0.0,0.0,0.0,0.0,0.0,0.0,0.0,0.0,0.0,0.0,0.0,0.0,0.0,0.0,0.0,0.0,0.0,0.0,0.0,FW
Mohamed Amine Ben Hamida,Tunisia,Tunisia,DF,30,1995,Unknown Club,3,2,202.0,2.2,0.0,0.0,0.0,0.0,0.0,0.0,0.0,0.0,0.0,0.0,0.0,0.0,0.0,0.0,0.0,0.0,0.0,0.0,0.0,0.0,67.0,74.8,79.0,1,1,45.0,0,0.0,2.0,10.0,-8.0,-3.56,-0.92,0.0,3.0,1.0,0.0,1.0,1.0,9.0,0.0,0.0,0.0,0.0,0.0,0.0,0.0,0.0,0.0,0.0,0.0,0.0,0.0,0.0,0.0,0.0,0.0,0.0,0.0,0.0,0.0,0.0,0.0,0.44554455445544555,4.00990099009901,1.3366336633663365,0.44554455445544555,0.0,DF
Montassar Talbi,Tunisia,Tunisia,DF,28,1998,Lorient,3,3,270.0,3.0,0.0,0.0,0.0,0.0,0.0,0.0,0.0,0.0,0.0,0.0,0.0,0.0,0.0,1.0,0.0,0.0,0.33,0.0,0.0,0.0,90.0,100.0,90.0,3,0,0.0,0,0.0,2.0,12.0,-10.0,-3.33,0.0,0.0,1.0,1.0,0.0,0.0,5.0,2.0,0.0,0.0,0.0,0.0,0.0,0.0,0.0,0.0,0.0,0.0,0.0,0.0,0.0,0.0,0.0,0.0,0.0,0.0,0.0,0.0,0.0,0.33333333333333337,0.0,1.6666666666666665,0.6666666666666667,0.33333333333333337,0.0,0.0,DF
Mortadha Ben Ouanes,Tunisia,Tunisia,"DF,MF",31,1994,Kasımpaşa,1,0,23.0,0.3,0.0,0.0,0.0,0.0,0.0,0.0,0.0,0.0,0.0,0.0,0.0,0.0,0.0,0.0,0.0,0.0,0.0,0.0,0.0,0.0,23.0,8.5,0.0,0,1,23.0,2,0.0,0.0,0.0,0.0,0.0,3.64,0.0,0.0,1.0,0.0,0.0,0.0,0.0,0.0,0.0,0.0,0.0,0.0,0.0,0.0,0.0,0.0,0.0,0.0,0.0,0.0,0.0,0.0,0.0,0.0,0.0,0.0,0.0,0.0,0.0,0.0,0.0,0.0,0.0,0.0,0.0,DF
Mouhib Chamakh,Tunisia,Tunisia,GK,24,2001,Unknown Club,1,1,90.0,1.0,0.0,0.0,0.0,0.0,0.0,0.0,0.0,0.0,0.0,0.0,0.0,0.0,0.0,0.0,0.0,0.0,0.0,0.0,0.0,0.0,90.0,33.3,90.0,1,0,0.0,2,0.0,1.0,5.0,-4.0,-4.0,-1.0,0.0,0.0,0.0,0.0,0.0,0.0,0.0,0.0,1.0,1.0,90.0,5.0,5.0,6.0,1.0,16.7,0.0,0.0,1.0,0.0,0.0,0.0,0.0,0.0,0.0,0.0,0.0,0.0,0.0,0.0,0.0,0.0,0.0,0.0,0.0,GK
Moutaz Neffati,Tunisia,Tunisia,DF,21,2004,Unknown Club,0,0,0.0,0.0,0.0,0.0,0.0,0.0,0.0,0.0,0.0,0.0,0.0,0.0,0.0,0.0,0.0,0.0,0.0,0.0,0.0,0.0,0.0,0.0,0.0,0.0,0.0,0,0,0.0,2,0.0,0.0,0.0,0.0,0.0,0.0,0.0,0.0,0.0,0.0,0.0,0.0,0.0,0.0,0.0,0.0,0.0,0.0,0.0,0.0,0.0,0.0,0.0,0.0,0.0,0.0,0.0,0.0,0.0,0.0,0.0,0.0,0.0,0.0,0.0,0.0,0.0,0.0,0.0,0.0,0.0,DF
Omar Rekik,Tunisia,Tunisia,DF,24,2001,Unknown Club,2,2,180.0,2.0,1.0,0.0,1.0,1.0,0.0,0.0,0.0,0.0,0.5,0.0,0.5,0.5,0.5,1.0,1.0,100.0,0.5,0.5,1.0,1.0,90.0,66.7,90.0,2,0,0.0,1,0.0,1.0,9.0,-8.0,-4.0,-2.0,0.0,0.0,1.0,1.0,1.0,3.0,2.0,0.0,0.0,0.0,0.0,0.0,0.0,0.0,0.0,0.0,0.0,0.0,0.0,0.0,0.0,0.0,0.0,0.0,0.0,0.0,0.5,0.0,0.5,0.5,1.5,1.0,0.0,0.5,0.5,DF
Raed Chikhaoui,Tunisia,Tunisia,DF,22,2004,Unknown Club,0,0,0.0,0.0,0.0,0.0,0.0,0.0,0.0,0.0,0.0,0.0,0.0,0.0,0.0,0.0,0.0,0.0,0.0,0.0,0.0,0.0,0.0,0.0,0.0,0.0,0.0,0,0,0.0,3,0.0,0.0,0.0,0.0,0.0,0.0,0.0,0.0,0.0,0.0,0.0,0.0,0.0,0.0,0.0,0.0,0.0,0.0,0.0,0.0,0.0,0.0,0.0,0.0,0.0,0.0,0.0,0.0,0.0,0.0,0.0,0.0,0.0,0.0,0.0,0.0,0.0,0.0,0.0,0.0,0.0,DF
Rani Khedira,Tunisia,Tunisia,MF,32,1994,Union Berlin,3,2,149.0,1.7,0.0,0.0,0.0,0.0,0.0,0.0,1.0,0.0,0.0,0.0,0.0,0.0,0.0,1.0,0.0,0.0,0.6,0.0,0.0,0.0,50.0,55.2,74.0,0,1,1.0,0,0.0,2.0,6.0,-4.0,-2.42,2.05,0.0,3.0,0.0,0.0,0.0,2.0,1.0,0.0,0.0,0.0,0.0,0.0,0.0,0.0,0.0,0.0,0.0,0.0,0.0,0.0,0.0,0.0,0.0,0.0,0.0,0.0,0.0,0.0,0.6040268456375839,0.0,1.2080536912751678,0.6040268456375839,1.8120805369127515,0.0,0.0,MF
Rayan Elloumi,Tunisia,Tunisia,FW,18,2007,Unknown Club,0,0,0.0,0.0,0.0,0.0,0.0,0.0,0.0,0.0,0.0,0.0,0.0,0.0,0.0,0.0,0.0,0.0,0.0,0.0,0.0,0.0,0.0,0.0,0.0,0.0,0.0,0,0,0.0,3,0.0,0.0,0.0,0.0,0.0,0.0,0.0,0.0,0.0,0.0,0.0,0.0,0.0,0.0,0.0,0.0,0.0,0.0,0.0,0.0,0.0,0.0,0.0,0.0,0.0,0.0,0.0,0.0,0.0,0.0,0.0,0.0,0.0,0.0,0.0,0.0,0.0,0.0,0.0,0.0,0.0,FW
Sabri Ben Hassen,Tunisia,Tunisia,GK,30,1996,Unknown Club,0,0,0.0,0.0,0.0,0.0,0.0,0.0,0.0,0.0,0.0,0.0,0.0,0.0,0.0,0.0,0.0,0.0,0.0,0.0,0.0,0.0,0.0,0.0,0.0,0.0,0.0,0,0,0.0,3,0.0,0.0,0.0,0.0,0.0,0.0,0.0,0.0,0.0,0.0,0.0,0.0,0.0,0.0,0.0,0.0,0.0,0.0,0.0,0.0,0.0,0.0,0.0,0.0,0.0,0.0,0.0,0.0,0.0,0.0,0.0,0.0,0.0,0.0,0.0,0.0,0.0,0.0,0.0,0.0,0.0,GK
Sebastian Tounekti,Tunisia,Tunisia,FW,23,2002,Celtic,3,1,84.0,0.9,0.0,0.0,0.0,0.0,0.0,0.0,0.0,0.0,0.0,0.0,0.0,0.0,0.0,0.0,0.0,0.0,0.0,0.0,0.0,0.0,28.0,31.1,64.0,0,2,10.0,0,0.0,0.0,4.0,-4.0,-4.29,-1.38,0.0,1.0,0.0,0.0,3.0,0.0,0.0,0.0,0.0,0.0,0.0,0.0,0.0,0.0,0.0,0.0,0.0,0.0,0.0,0.0,0.0,0.0,0.0,0.0,0.0,0.0,0.0,0.0,0.0,0.0,0.0,0.0,1.0714285714285714,3.214285714285714,0.0,FW
Yan Valery,Tunisia,Tunisia,DF,27,1999,Young Boys,3,3,251.0,2.8,0.0,0.0,0.0,0.0,0.0,0.0,0.0,0.0,0.0,0.0,0.0,0.0,0.0,0.0,0.0,0.0,0.0,0.0,0.0,0.0,84.0,93.0,84.0,2,0,0.0,0,0.0,2.0,10.0,-8.0,-2.87,6.61,0.0,4.0,0.0,1.0,7.0,4.0,1.0,0.0,0.0,0.0,0.0,0.0,0.0,0.0,0.0,0.0,0.0,0.0,0.0,0.0,0.0,0.0,0.0,0.0,0.0,0.0,0.0,0.0,0.0,0.0,1.4342629482071714,0.35856573705179284,1.4342629482071714,2.50996015936255,0.0,DF
Abdülkerim Bardakcı,Türkiye,Turkey,DF,31,1994,Galatasaray,3,3,265.0,2.9,0.0,0.0,0.0,0.0,0.0,0.0,0.0,0.0,0.0,0.0,0.0,0.0,0.0,3.0,1.0,33.3,1.02,0.34,0.0,0.0,88.0,98.1,88.0,2,0,0.0,0,1.0,3.0,5.0,-2.0,-0.68,-0.68,0.0,1.0,3.0,0.0,7.0,2.0,5.0,0.0,0.0,0.0,0.0,0.0,0.0,0.0,0.0,0.0,0.0,0.0,0.0,0.0,0.0,0.0,0.0,0.0,0.0,0.0,0.0,0.0,1.0188679245283019,0.33962264150943394,0.6792452830188679,1.6981132075471697,0.33962264150943394,2.3773584905660377,0.0,DF
Altay Bayındır,Türkiye,Turkey,GK,28,1998,Unknown Club,0,0,0.0,0.0,0.0,0.0,0.0,0.0,0.0,0.0,0.0,0.0,0.0,0.0,0.0,0.0,0.0,0.0,0.0,0.0,0.0,0.0,0.0,0.0,0.0,0.0,0.0,0,0,0.0,3,0.0,0.0,0.0,0.0,0.0,0.0,0.0,0.0,0.0,0.0,0.0,0.0,0.0,0.0,0.0,0.0,0.0,0.0,0.0,0.0,0.0,0.0,0.0,0.0,0.0,0.0,0.0,0.0,0.0,0.0,0.0,0.0,0.0,0.0,0.0,0.0,0.0,0.0,0.0,0.0,0.0,GK
Arda Güler,Türkiye,Turkey,MF,21,2005,Real Madrid,3,3,270.0,3.0,1.0,0.0,1.0,1.0,0.0,0.0,0.0,0.0,0.33,0.0,0.33,0.33,0.33,12.0,4.0,33.3,4.0,1.33,0.08,0.25,90.0,100.0,90.0,3,0,0.0,0,1.0,3.0,5.0,-2.0,-0.67,0.0,0.0,3.0,10.0,2.0,14.0,2.0,3.0,0.0,0.0,0.0,0.0,0.0,0.0,0.0,0.0,0.0,0.0,0.0,0.0,0.0,0.0,0.0,0.0,0.0,0.0,0.0,0.33333333333333337,0.0,4.0,1.3333333333333335,0.6666666666666667,1.0,1.0,4.666666666666667,0.33333333333333337,MF
Barış Alper Yılmaz,Türkiye,Turkey,"MF,FW",26,2000,Galatasaray,3,2,179.0,2.0,1.0,1.0,2.0,1.0,0.0,0.0,0.0,0.0,0.5,0.5,1.01,0.5,1.01,2.0,1.0,50.0,1.01,0.5,0.5,1.0,60.0,66.3,67.0,0,1,45.0,0,1.0,2.0,3.0,-1.0,-0.5,0.49,0.0,4.0,1.0,2.0,15.0,0.0,0.0,0.0,0.0,0.0,0.0,0.0,0.0,0.0,0.0,0.0,0.0,0.0,0.0,0.0,0.0,0.0,0.0,0.0,0.0,0.0,0.5027932960893855,0.5027932960893855,1.005586592178771,0.5027932960893855,0.0,0.0,2.011173184357542,7.541899441340782,1.005586592178771,MF
Can Uzun,Türkiye,Turkey,MF,20,2005,Frankfurt,2,0,38.0,0.4,0.0,1.0,1.0,0.0,0.0,0.0,0.0,0.0,0.0,2.37,2.37,0.0,2.37,4.0,1.0,25.0,9.47,2.37,0.0,0.0,19.0,14.1,0.0,0,2,19.0,1,1.5,1.0,0.0,1.0,2.37,3.53,0.0,0.0,1.0,0.0,0.0,0.0,0.0,0.0,0.0,0.0,0.0,0.0,0.0,0.0,0.0,0.0,0.0,0.0,0.0,0.0,0.0,0.0,0.0,0.0,0.0,0.0,0.0,2.3684210526315788,9.473684210526315,2.3684210526315788,0.0,0.0,0.0,0.0,2.3684210526315788,MF
Deniz Gül,Türkiye,Turkey,FW,21,2004,Porto,2,0,37.0,0.4,0.0,0.0,0.0,0.0,0.0,0.0,0.0,0.0,0.0,0.0,0.0,0.0,0.0,2.0,1.0,50.0,4.86,2.43,0.0,0.0,19.0,13.7,0.0,0,2,19.0,1,0.0,0.0,0.0,0.0,0.0,0.77,0.0,2.0,0.0,0.0,0.0,0.0,0.0,0.0,0.0,0.0,0.0,0.0,0.0,0.0,0.0,0.0,0.0,0.0,0.0,0.0,0.0,0.0,0.0,0.0,0.0,0.0,0.0,0.0,4.864864864864865,2.4324324324324325,0.0,0.0,4.864864864864865,0.0,0.0,FW
Eren Elmalı,Türkiye,Turkey,DF,25,2000,Galatasaray,2,1,111.0,1.2,0.0,0.0,0.0,0.0,0.0,0.0,1.0,0.0,0.0,0.0,0.0,0.0,0.0,0.0,0.0,0.0,0.0,0.0,0.0,0.0,56.0,41.1,90.0,1,1,21.0,1,1.5,3.0,2.0,1.0,0.81,2.51,0.0,2.0,1.0,0.0,1.0,2.0,1.0,0.0,0.0,0.0,0.0,0.0,0.0,0.0,0.0,0.0,0.0,0.0,0.0,0.0,0.0,0.0,0.0,0.0,0.0,0.0,0.0,0.0,0.0,0.0,1.6216216216216217,0.8108108108108109,1.6216216216216217,0.8108108108108109,0.0,DF
Ferdi Kadioglu,Türkiye,Turkey,DF,26,1999,Brighton,2,2,159.0,1.8,0.0,0.0,0.0,0.0,0.0,0.0,0.0,0.0,0.0,0.0,0.0,0.0,0.0,1.0,0.0,0.0,0.57,0.0,0.0,0.0,80.0,58.9,80.0,1,0,0.0,1,0.0,0.0,3.0,-3.0,-1.7,-2.51,0.0,0.0,3.0,0.0,4.0,1.0,2.0,0.0,0.0,0.0,0.0,0.0,0.0,0.0,0.0,0.0,0.0,0.0,0.0,0.0,0.0,0.0,0.0,0.0,0.0,0.0,0.0,0.0,0.5660377358490566,0.0,0.5660377358490566,1.1320754716981132,0.0,2.2641509433962264,0.0,DF
Hakan Çalhanoğlu,Türkiye,Turkey,MF,32,1994,Inter,2,2,180.0,2.0,0.0,0.0,0.0,0.0,0.0,0.0,0.0,0.0,0.0,0.0,0.0,0.0,0.0,11.0,2.0,18.2,5.5,1.0,0.0,0.0,90.0,66.7,90.0,2,0,0.0,1,0.0,0.0,3.0,-3.0,-1.5,-2.5,0.0,2.0,1.0,0.0,10.0,1.0,3.0,0.0,0.0,0.0,0.0,0.0,0.0,0.0,0.0,0.0,0.0,0.0,0.0,0.0,0.0,0.0,0.0,0.0,0.0,0.0,0.0,0.0,5.5,1.0,0.5,1.5,1.0,5.0,0.0,MF
Kaan Ayhan,Türkiye,Turkey,"DF,MF",31,1994,Galatasaray,1,0,3.0,0.0,1.0,0.0,1.0,1.0,0.0,0.0,0.0,0.0,30.0,0.0,30.0,30.0,30.0,1.0,1.0,100.0,30.0,30.0,1.0,1.0,3.0,1.1,0.0,0,1,3.0,2,3.0,1.0,0.0,1.0,30.0,31.01,0.0,0.0,0.0,0.0,0.0,0.0,0.0,0.0,0.0,0.0,0.0,0.0,0.0,0.0,0.0,0.0,0.0,0.0,0.0,0.0,0.0,0.0,0.0,0.0,0.0,0.0,30.0,0.0,30.0,30.0,0.0,0.0,0.0,0.0,30.0,DF
Kenan Yıldız,Türkiye,Turkey,MF,21,2005,Juventus,3,2,218.0,2.4,0.0,0.0,0.0,0.0,0.0,0.0,0.0,0.0,0.0,0.0,0.0,0.0,0.0,14.0,1.0,7.1,5.78,0.41,0.0,0.0,73.0,80.7,87.0,1,1,45.0,0,1.0,2.0,4.0,-2.0,-0.83,-0.83,0.0,2.0,4.0,0.0,6.0,1.0,2.0,0.0,0.0,0.0,0.0,0.0,0.0,0.0,0.0,0.0,0.0,0.0,0.0,0.0,0.0,0.0,0.0,0.0,0.0,0.0,0.0,0.0,5.779816513761468,0.41284403669724773,0.41284403669724773,0.8256880733944955,0.8256880733944955,2.4770642201834865,0.0,MF
Kerem Aktürkoğlu,Türkiye,Turkey,FW,27,1998,Fenerbahçe,2,2,129.0,1.4,0.0,0.0,0.0,0.0,0.0,0.0,0.0,0.0,0.0,0.0,0.0,0.0,0.0,3.0,1.0,33.3,2.09,0.7,0.0,0.0,65.0,47.8,65.0,0,0,0.0,1,0.0,0.0,3.0,-3.0,-2.09,-2.73,0.0,0.0,2.0,0.0,1.0,0.0,1.0,0.0,0.0,0.0,0.0,0.0,0.0,0.0,0.0,0.0,0.0,0.0,0.0,0.0,0.0,0.0,0.0,0.0,0.0,0.0,0.0,0.0,2.0930232558139537,0.6976744186046512,0.0,0.6976744186046512,0.0,0.6976744186046512,0.0,FW
Merih Demiral,Türkiye,Turkey,DF,28,1998,Al-Ahli,2,2,180.0,2.0,0.0,0.0,0.0,0.0,0.0,0.0,0.0,0.0,0.0,0.0,0.0,0.0,0.0,6.0,2.0,33.3,3.0,1.0,0.0,0.0,90.0,66.7,90.0,2,0,0.0,1,0.0,0.0,3.0,-3.0,-1.5,-2.5,0.0,2.0,1.0,3.0,1.0,1.0,1.0,0.0,0.0,0.0,0.0,0.0,0.0,0.0,0.0,0.0,0.0,0.0,0.0,0.0,0.0,0.0,0.0,0.0,0.0,0.0,0.0,0.0,3.0,1.0,0.5,0.5,1.0,0.5,0.0,DF
Mert Günok,Türkiye,Turkey,GK,37,1989,Unknown Club,0,0,0.0,0.0,0.0,0.0,0.0,0.0,0.0,0.0,0.0,0.0,0.0,0.0,0.0,0.0,0.0,0.0,0.0,0.0,0.0,0.0,0.0,0.0,0.0,0.0,0.0,0,0,0.0,3,0.0,0.0,0.0,0.0,0.0,0.0,0.0,0.0,0.0,0.0,0.0,0.0,0.0,0.0,0.0,0.0,0.0,0.0,0.0,0.0,0.0,0.0,0.0,0.0,0.0,0.0,0.0,0.0,0.0,0.0,0.0,0.0,0.0,0.0,0.0,0.0,0.0,0.0,0.0,0.0,0.0,GK
Mert Müldür,Türkiye,Turkey,DF,27,1999,Fenerbahçe,3,1,101.0,1.1,0.0,0.0,0.0,0.0,0.0,0.0,0.0,0.0,0.0,0.0,0.0,0.0,0.0,3.0,0.0,0.0,2.67,0.0,0.0,0.0,34.0,37.4,90.0,1,2,6.0,0,1.0,1.0,1.0,0.0,0.0,1.07,0.0,1.0,2.0,0.0,6.0,1.0,2.0,0.0,0.0,0.0,0.0,0.0,0.0,0.0,0.0,0.0,0.0,0.0,0.0,0.0,0.0,0.0,0.0,0.0,0.0,0.0,0.0,0.0,2.673267326732673,0.0,0.8910891089108911,1.7821782178217822,0.8910891089108911,5.346534653465346,0.0,DF
Orkun Kökçü,Türkiye,Turkey,MF,25,2000,Beşiktaş,3,2,153.0,1.7,0.0,1.0,1.0,0.0,0.0,0.0,0.0,0.0,0.0,0.59,0.59,0.0,0.59,3.0,0.0,0.0,1.76,0.0,0.0,0.0,51.0,56.7,74.0,0,1,5.0,0,1.0,2.0,3.0,-1.0,-0.59,0.18,0.0,2.0,4.0,0.0,6.0,0.0,1.0,0.0,0.0,0.0,0.0,0.0,0.0,0.0,0.0,0.0,0.0,0.0,0.0,0.0,0.0,0.0,0.0,0.0,0.0,0.0,0.0,0.5882352941176471,1.7647058823529411,0.0,0.0,0.5882352941176471,1.1764705882352942,3.5294117647058822,0.5882352941176471,MF
Ozan Kabak,Türkiye,Turkey,DF,26,2000,Hoffenheim,1,1,90.0,1.0,0.0,0.0,0.0,0.0,0.0,0.0,0.0,0.0,0.0,0.0,0.0,0.0,0.0,0.0,0.0,0.0,0.0,0.0,0.0,0.0,90.0,33.3,90.0,1,0,0.0,2,3.0,3.0,2.0,1.0,1.0,2.5,0.0,3.0,0.0,0.0,1.0,0.0,2.0,0.0,0.0,0.0,0.0,0.0,0.0,0.0,0.0,0.0,0.0,0.0,0.0,0.0,0.0,0.0,0.0,0.0,0.0,0.0,0.0,0.0,0.0,0.0,0.0,2.0,3.0,1.0,0.0,DF
Oğuz Aydın,Türkiye,Turkey,DF,25,2000,Fenerbahçe,1,1,89.0,1.0,0.0,0.0,0.0,0.0,0.0,0.0,0.0,0.0,0.0,0.0,0.0,0.0,0.0,0.0,0.0,0.0,0.0,0.0,0.0,0.0,89.0,33.0,89.0,0,0,0.0,2,3.0,2.0,2.0,0.0,0.0,0.99,0.0,0.0,2.0,0.0,3.0,0.0,6.0,0.0,0.0,0.0,0.0,0.0,0.0,0.0,0.0,0.0,0.0,0.0,0.0,0.0,0.0,0.0,0.0,0.0,0.0,0.0,0.0,0.0,0.0,0.0,0.0,6.067415730337078,0.0,3.033707865168539,0.0,DF
Salih Özcan,Türkiye,Turkey,MF,28,1998,Dortmund,2,1,100.0,1.1,0.0,0.0,0.0,0.0,0.0,0.0,0.0,0.0,0.0,0.0,0.0,0.0,0.0,0.0,0.0,0.0,0.0,0.0,0.0,0.0,50.0,37.0,90.0,1,1,10.0,1,1.5,3.0,2.0,1.0,0.9,2.49,0.0,2.0,2.0,0.0,1.0,4.0,1.0,0.0,0.0,0.0,0.0,0.0,0.0,0.0,0.0,0.0,0.0,0.0,0.0,0.0,0.0,0.0,0.0,0.0,0.0,0.0,0.0,0.0,0.0,0.0,3.6,0.9,1.8,0.9,0.0,MF
Samet Akaydın,Türkiye,Turkey,DF,32,1994,Unknown Club,0,0,0.0,0.0,0.0,0.0,0.0,0.0,0.0,0.0,0.0,0.0,0.0,0.0,0.0,0.0,0.0,0.0,0.0,0.0,0.0,0.0,0.0,0.0,0.0,0.0,0.0,0,0,0.0,3,0.0,0.0,0.0,0.0,0.0,0.0,0.0,0.0,0.0,0.0,0.0,0.0,0.0,0.0,0.0,0.0,0.0,0.0,0.0,0.0,0.0,0.0,0.0,0.0,0.0,0.0,0.0,0.0,0.0,0.0,0.0,0.0,0.0,0.0,0.0,0.0,0.0,0.0,0.0,0.0,0.0,DF
Uğurcan Çakır,Türkiye,Turkey,GK,30,1996,Galatasaray,3,3,270.0,3.0,0.0,0.0,0.0,0.0,0.0,0.0,0.0,0.0,0.0,0.0,0.0,0.0,0.0,0.0,0.0,0.0,0.0,0.0,0.0,0.0,90.0,100.0,90.0,3,0,0.0,0,1.0,3.0,5.0,-2.0,-0.67,0.0,0.0,0.0,0.0,0.0,0.0,0.0,0.0,0.0,3.0,3.0,270.0,5.0,1.67,13.0,8.0,61.5,1.0,0.0,2.0,0.0,0.0,0.0,0.0,0.0,0.0,0.0,0.0,0.0,0.0,0.0,0.0,0.0,0.0,0.0,0.0,GK
Yunus Akgün,Türkiye,Turkey,MF,25,2000,Galatasaray,2,1,88.0,1.0,0.0,0.0,0.0,0.0,0.0,0.0,1.0,0.0,0.0,0.0,0.0,0.0,0.0,0.0,0.0,0.0,0.0,0.0,0.0,0.0,44.0,32.6,59.0,0,1,29.0,1,0.0,0.0,2.0,-2.0,-2.05,-2.05,0.0,2.0,1.0,0.0,2.0,0.0,0.0,0.0,0.0,0.0,0.0,0.0,0.0,0.0,0.0,0.0,0.0,0.0,0.0,0.0,0.0,0.0,0.0,0.0,0.0,0.0,0.0,0.0,0.0,0.0,0.0,0.0,2.0454545454545454,2.0454545454545454,0.0,MF
Zeki Çelik,Türkiye,Turkey,DF,29,1997,Roma,2,2,163.0,1.8,0.0,0.0,0.0,0.0,0.0,0.0,0.0,0.0,0.0,0.0,0.0,0.0,0.0,1.0,1.0,100.0,0.55,0.55,0.0,0.0,82.0,60.4,82.0,0,0,0.0,1,1.5,2.0,4.0,-2.0,-1.1,-1.1,0.0,1.0,0.0,0.0,1.0,1.0,3.0,0.0,0.0,0.0,0.0,0.0,0.0,0.0,0.0,0.0,0.0,0.0,0.0,0.0,0.0,0.0,0.0,0.0,0.0,0.0,0.0,0.0,0.5521472392638037,0.5521472392638037,0.5521472392638037,1.6564417177914113,0.5521472392638037,0.5521472392638037,0.0,DF
Çağlar Söyüncü,Türkiye,Turkey,DF,30,1996,Fenerbahçe,1,0,7.0,0.1,0.0,0.0,0.0,0.0,0.0,0.0,0.0,0.0,0.0,0.0,0.0,0.0,0.0,0.0,0.0,0.0,0.0,0.0,0.0,0.0,7.0,2.6,0.0,0,1,7.0,2,3.0,1.0,0.0,1.0,12.86,13.88,0.0,0.0,0.0,0.0,0.0,0.0,0.0,0.0,0.0,0.0,0.0,0.0,0.0,0.0,0.0,0.0,0.0,0.0,0.0,0.0,0.0,0.0,0.0,0.0,0.0,0.0,0.0,0.0,0.0,0.0,0.0,0.0,0.0,0.0,0.0,DF
İrfan Can Kahveci,Türkiye,Turkey,MF,30,1995,Kasımpaşa,1,0,1.0,0.0,0.0,0.0,0.0,0.0,0.0,0.0,0.0,0.0,0.0,0.0,0.0,0.0,0.0,0.0,0.0,0.0,0.0,0.0,0.0,0.0,1.0,0.4,0.0,0,1,1.0,2,3.0,1.0,0.0,1.0,90.0,91.0,0.0,0.0,0.0,0.0,0.0,0.0,1.0,0.0,0.0,0.0,0.0,0.0,0.0,0.0,0.0,0.0,0.0,0.0,0.0,0.0,0.0,0.0,0.0,0.0,0.0,0.0,0.0,0.0,0.0,0.0,0.0,90.0,0.0,0.0,0.0,MF
İsmail Yüksek,Türkiye,Turkey,MF,27,1999,Fenerbahçe,2,2,139.0,1.5,0.0,0.0,0.0,0.0,0.0,0.0,0.0,0.0,0.0,0.0,0.0,0.0,0.0,5.0,0.0,0.0,3.24,0.0,0.0,0.0,70.0,51.5,70.0,0,0,0.0,1,0.0,0.0,3.0,-3.0,-1.94,-2.63,0.0,2.0,0.0,0.0,0.0,2.0,5.0,0.0,0.0,0.0,0.0,0.0,0.0,0.0,0.0,0.0,0.0,0.0,0.0,0.0,0.0,0.0,0.0,0.0,0.0,0.0,0.0,0.0,3.237410071942446,0.0,1.2949640287769786,3.237410071942446,1.2949640287769786,0.0,0.0,MF
Alejandro Zendejas,United States,United States,"FW,MF",28,1998,América,1,0,14.0,0.2,0.0,0.0,0.0,0.0,0.0,0.0,0.0,0.0,0.0,0.0,0.0,0.0,0.0,1.0,0.0,0.0,6.43,0.0,0.0,0.0,14.0,3.1,0.0,0,1,14.0,4,0.0,0.0,1.0,-1.0,-6.43,-7.25,0.0,1.0,0.0,0.0,1.0,0.0,1.0,0.0,0.0,0.0,0.0,0.0,0.0,0.0,0.0,0.0,0.0,0.0,0.0,0.0,0.0,0.0,0.0,0.0,0.0,0.0,0.0,0.0,6.428571428571428,0.0,0.0,6.428571428571428,6.428571428571428,6.428571428571428,0.0,MF
Alex Freeman,United States,United States,DF,21,2004,Villarreal,5,4,374.0,4.2,1.0,1.0,2.0,1.0,0.0,0.0,0.0,0.0,0.24,0.24,0.48,0.24,0.48,4.0,1.0,25.0,0.96,0.24,0.25,1.0,75.0,83.1,90.0,4,1,14.0,0,1.8,9.0,6.0,3.0,0.72,0.72,0.0,1.0,1.0,0.0,4.0,7.0,6.0,0.0,0.0,0.0,0.0,0.0,0.0,0.0,0.0,0.0,0.0,0.0,0.0,0.0,0.0,0.0,0.0,0.0,0.0,0.0,0.24064171122994651,0.24064171122994651,0.9625668449197861,0.24064171122994651,1.6844919786096255,1.4438502673796794,0.24064171122994651,0.9625668449197861,0.48128342245989303,DF
Antonee Robinson,United States,United States,"DF,MF",28,1997,Fulham,4,4,348.0,3.9,0.0,0.0,0.0,0.0,0.0,0.0,1.0,0.0,0.0,0.0,0.0,0.0,0.0,0.0,0.0,0.0,0.0,0.0,0.0,0.0,87.0,77.3,87.0,2,0,0.0,1,2.25,9.0,4.0,5.0,1.29,3.06,0.0,4.0,1.0,0.0,18.0,6.0,4.0,0.0,0.0,0.0,0.0,0.0,0.0,0.0,0.0,0.0,0.0,0.0,0.0,0.0,0.0,0.0,0.0,0.0,0.0,0.0,0.0,0.0,0.0,0.0,1.5517241379310345,1.0344827586206897,1.0344827586206897,4.655172413793103,0.0,DF
Auston Trusty,United States,United States,DF,27,1998,Celtic,2,1,101.0,1.1,1.0,0.0,1.0,1.0,0.0,0.0,0.0,0.0,0.89,0.0,0.89,0.89,0.89,3.0,2.0,66.7,2.67,1.78,0.33,0.5,51.0,22.4,90.0,1,1,11.0,3,1.5,2.0,3.0,-1.0,-0.89,-1.92,0.0,2.0,0.0,0.0,2.0,4.0,1.0,0.0,0.0,0.0,0.0,0.0,0.0,0.0,0.0,0.0,0.0,0.0,0.0,0.0,0.0,0.0,0.0,0.0,0.0,0.0,0.8910891089108911,0.0,2.673267326732673,1.7821782178217822,3.5643564356435644,0.8910891089108911,1.7821782178217822,1.7821782178217822,0.8910891089108911,DF
Brenden Aaronson,United States,United States,MF,25,2000,Leeds United,1,1,76.0,0.8,0.0,0.0,0.0,0.0,0.0,0.0,0.0,0.0,0.0,0.0,0.0,0.0,0.0,3.0,1.0,33.3,3.55,1.18,0.0,0.0,76.0,16.9,76.0,0,0,0.0,4,0.0,2.0,2.0,0.0,0.0,-0.72,0.0,2.0,1.0,0.0,1.0,0.0,1.0,0.0,0.0,0.0,0.0,0.0,0.0,0.0,0.0,0.0,0.0,0.0,0.0,0.0,0.0,0.0,0.0,0.0,0.0,0.0,0.0,0.0,3.552631578947368,1.1842105263157894,0.0,1.1842105263157894,2.3684210526315788,1.1842105263157894,0.0,MF
Chris Brady,United States,United States,GK,22,2004,Unknown Club,0,0,0.0,0.0,0.0,0.0,0.0,0.0,0.0,0.0,0.0,0.0,0.0,0.0,0.0,0.0,0.0,0.0,0.0,0.0,0.0,0.0,0.0,0.0,0.0,0.0,0.0,0,0,0.0,5,0.0,0.0,0.0,0.0,0.0,0.0,0.0,0.0,0.0,0.0,0.0,0.0,0.0,0.0,0.0,0.0,0.0,0.0,0.0,0.0,0.0,0.0,0.0,0.0,0.0,0.0,0.0,0.0,0.0,0.0,0.0,0.0,0.0,0.0,0.0,0.0,0.0,0.0,0.0,0.0,0.0,GK
Chris Richards,United States,United States,DF,26,2000,Crystal Palace,4,4,360.0,4.0,0.0,0.0,0.0,0.0,0.0,0.0,1.0,0.0,0.0,0.0,0.0,0.0,0.0,1.0,0.0,0.0,0.25,0.0,0.0,0.0,90.0,80.0,90.0,4,0,0.0,1,2.25,9.0,5.0,4.0,1.0,2.0,0.0,8.0,3.0,0.0,0.0,4.0,3.0,0.0,0.0,0.0,0.0,0.0,0.0,0.0,0.0,0.0,0.0,0.0,0.0,0.0,0.0,0.0,0.0,0.0,0.0,0.0,0.0,0.0,0.25,0.0,1.0,0.75,2.0,0.0,0.0,DF
Christian Pulisic,United States,United States,MF,27,1998,Milan,4,3,223.0,2.5,0.0,1.0,1.0,0.0,0.0,0.0,0.0,0.0,0.0,0.4,0.4,0.0,0.4,4.0,2.0,50.0,1.61,0.81,0.0,0.0,56.0,49.6,63.0,0,1,33.0,0,1.5,6.0,4.0,2.0,0.81,0.41,0.0,1.0,8.0,2.0,4.0,0.0,1.0,0.0,0.0,0.0,0.0,0.0,0.0,0.0,0.0,0.0,0.0,0.0,0.0,0.0,0.0,0.0,0.0,0.0,0.0,0.0,0.0,0.40358744394618834,1.6143497757847534,0.8071748878923767,0.0,0.40358744394618834,0.40358744394618834,1.6143497757847534,0.40358744394618834,MF
Cristian Roldan,United States,United States,MF,31,1995,Unknown Club,0,0,0.0,0.0,0.0,0.0,0.0,0.0,0.0,0.0,0.0,0.0,0.0,0.0,0.0,0.0,0.0,0.0,0.0,0.0,0.0,0.0,0.0,0.0,0.0,0.0,0.0,0,0,0.0,2,0.0,0.0,0.0,0.0,0.0,0.0,0.0,0.0,0.0,0.0,0.0,0.0,0.0,0.0,0.0,0.0,0.0,0.0,0.0,0.0,0.0,0.0,0.0,0.0,0.0,0.0,0.0,0.0,0.0,0.0,0.0,0.0,0.0,0.0,0.0,0.0,0.0,0.0,0.0,0.0,0.0,MF
Folarin Balogun,United States,United States,FW,24,2001,Monaco,4,4,312.0,3.5,3.0,0.0,3.0,3.0,0.0,0.0,1.0,1.0,0.87,0.0,0.87,0.87,0.87,14.0,5.0,35.7,4.04,1.44,0.21,0.6,78.0,69.3,78.0,0,0,0.0,1,2.25,7.0,3.0,4.0,1.15,1.81,0.0,3.0,8.0,3.0,0.0,1.0,0.0,0.0,0.0,0.0,0.0,0.0,0.0,0.0,0.0,0.0,0.0,0.0,0.0,0.0,0.0,0.0,0.0,0.0,0.0,0.0,0.8653846153846154,0.0,4.038461538461538,1.442307692307692,0.28846153846153844,0.0,0.8653846153846154,0.0,0.8653846153846154,FW
Gio Reyna,United States,United States,MF,23,2002,Gladbach,5,1,131.0,1.5,1.0,0.0,1.0,1.0,0.0,0.0,0.0,0.0,0.69,0.0,0.69,0.69,0.69,2.0,1.0,50.0,1.37,0.69,0.5,1.0,26.0,29.1,75.0,0,4,14.0,0,1.8,3.0,4.0,-1.0,-0.69,-1.82,0.0,1.0,3.0,0.0,1.0,0.0,0.0,0.0,0.0,0.0,0.0,0.0,0.0,0.0,0.0,0.0,0.0,0.0,0.0,0.0,0.0,0.0,0.0,0.0,0.0,0.0,0.6870229007633587,0.0,1.3740458015267174,0.6870229007633587,0.0,0.0,0.6870229007633587,0.6870229007633587,0.6870229007633587,MF
Haji Wright,United States,United States,"FW,MF",28,1998,Coventry City,2,0,2.0,0.0,0.0,0.0,0.0,0.0,0.0,0.0,0.0,0.0,0.0,0.0,0.0,0.0,0.0,0.0,0.0,0.0,0.0,0.0,0.0,0.0,1.0,0.4,0.0,0,2,1.0,3,1.5,0.0,1.0,-1.0,-45.0,-45.8,0.0,0.0,0.0,1.0,0.0,0.0,0.0,0.0,0.0,0.0,0.0,0.0,0.0,0.0,0.0,0.0,0.0,0.0,0.0,0.0,0.0,0.0,0.0,0.0,0.0,0.0,0.0,0.0,0.0,0.0,0.0,0.0,0.0,0.0,0.0,MF
Joe Scally,United States,United States,DF,23,2002,Gladbach,2,1,87.0,1.0,0.0,0.0,0.0,0.0,0.0,0.0,0.0,0.0,0.0,0.0,0.0,0.0,0.0,0.0,0.0,0.0,0.0,0.0,0.0,0.0,44.0,19.3,76.0,0,1,11.0,3,1.5,2.0,2.0,0.0,0.0,-0.74,0.0,0.0,2.0,1.0,4.0,1.0,1.0,0.0,0.0,0.0,0.0,0.0,0.0,0.0,0.0,0.0,0.0,0.0,0.0,0.0,0.0,0.0,0.0,0.0,0.0,0.0,0.0,0.0,0.0,0.0,1.0344827586206897,1.0344827586206897,0.0,4.137931034482759,0.0,DF
Malik Tillman,United States,United States,MF,24,2002,Leverkusen,5,4,356.0,4.0,2.0,1.0,3.0,2.0,0.0,0.0,1.0,0.0,0.51,0.25,0.76,0.51,0.76,8.0,4.0,50.0,2.02,1.01,0.25,0.5,71.0,79.1,88.0,3,1,5.0,0,1.8,8.0,6.0,2.0,0.51,-0.45,0.0,3.0,13.0,0.0,14.0,5.0,7.0,0.0,0.0,0.0,0.0,0.0,0.0,0.0,0.0,0.0,0.0,0.0,0.0,0.0,0.0,0.0,0.0,0.0,0.0,0.0,0.5056179775280899,0.25280898876404495,2.0224719101123596,1.0112359550561798,1.2640449438202246,1.7696629213483146,0.7584269662921348,3.539325842696629,0.7584269662921348,MF
Mark McKenzie,United States,United States,DF,27,1999,Toulouse,1,1,90.0,1.0,0.0,0.0,0.0,0.0,0.0,0.0,0.0,0.0,0.0,0.0,0.0,0.0,0.0,0.0,0.0,0.0,0.0,0.0,0.0,0.0,90.0,20.0,90.0,1,0,0.0,3,0.0,2.0,3.0,-1.0,-1.0,-2.0,0.0,1.0,1.0,0.0,0.0,1.0,1.0,0.0,0.0,0.0,0.0,0.0,0.0,0.0,0.0,0.0,0.0,0.0,0.0,0.0,0.0,0.0,0.0,0.0,0.0,0.0,0.0,0.0,0.0,0.0,1.0,1.0,1.0,0.0,0.0,DF
Matt Freese,United States,United States,GK,27,1998,NYCFC,4,4,360.0,4.0,0.0,0.0,0.0,0.0,0.0,0.0,0.0,0.0,0.0,0.0,0.0,0.0,0.0,0.0,0.0,0.0,0.0,0.0,0.0,0.0,90.0,80.0,90.0,4,0,0.0,1,2.25,9.0,5.0,4.0,1.0,2.0,0.0,0.0,2.0,0.0,0.0,0.0,0.0,0.0,4.0,4.0,360.0,5.0,1.25,13.0,8.0,61.5,3.0,0.0,1.0,2.0,50.0,0.0,0.0,0.0,0.0,0.0,0.0,0.0,0.0,0.0,0.0,0.0,0.0,0.0,0.0,GK
Matt Turner,United States,United States,GK,31,1994,NE Revolution,1,1,90.0,1.0,0.0,0.0,0.0,0.0,0.0,0.0,0.0,0.0,0.0,0.0,0.0,0.0,0.0,0.0,0.0,0.0,0.0,0.0,0.0,0.0,90.0,20.0,90.0,1,0,0.0,4,0.0,2.0,3.0,-1.0,-1.0,-2.0,0.0,0.0,0.0,0.0,0.0,0.0,0.0,0.0,1.0,1.0,90.0,3.0,3.0,3.0,0.0,0.0,0.0,0.0,1.0,0.0,0.0,0.0,0.0,0.0,0.0,0.0,0.0,0.0,0.0,0.0,0.0,0.0,0.0,0.0,0.0,GK
Max Arfsten,United States,United States,MF,25,2001,Columbus Crew,1,0,1.0,0.0,0.0,0.0,0.0,0.0,0.0,0.0,0.0,0.0,0.0,0.0,0.0,0.0,0.0,0.0,0.0,0.0,0.0,0.0,0.0,0.0,1.0,0.2,0.0,0,1,1.0,4,0.0,0.0,1.0,-1.0,-90.0,-90.8,0.0,0.0,0.0,0.0,0.0,0.0,0.0,0.0,0.0,0.0,0.0,0.0,0.0,0.0,0.0,0.0,0.0,0.0,0.0,0.0,0.0,0.0,0.0,0.0,0.0,0.0,0.0,0.0,0.0,0.0,0.0,0.0,0.0,0.0,0.0,MF
Miles Robinson,United States,United States,DF,29,1997,FC Cincinnati,1,1,90.0,1.0,0.0,0.0,0.0,0.0,0.0,0.0,0.0,0.0,0.0,0.0,0.0,0.0,0.0,1.0,0.0,0.0,1.0,0.0,0.0,0.0,90.0,20.0,90.0,1,0,0.0,4,0.0,2.0,3.0,-1.0,-1.0,-2.0,0.0,2.0,0.0,0.0,0.0,1.0,1.0,0.0,0.0,0.0,0.0,0.0,0.0,0.0,0.0,0.0,0.0,0.0,0.0,0.0,0.0,0.0,0.0,0.0,0.0,0.0,0.0,0.0,1.0,0.0,1.0,1.0,2.0,0.0,0.0,DF
Ricardo Pepi,United States,United States,FW,23,2003,PSV,5,2,204.0,2.3,0.0,0.0,0.0,0.0,0.0,0.0,0.0,0.0,0.0,0.0,0.0,0.0,0.0,5.0,0.0,0.0,2.21,0.0,0.0,0.0,41.0,45.3,82.0,1,3,14.0,0,1.8,5.0,5.0,0.0,0.0,-1.1,0.0,5.0,3.0,2.0,0.0,1.0,1.0,0.0,0.0,0.0,0.0,0.0,0.0,0.0,0.0,0.0,0.0,0.0,0.0,0.0,0.0,0.0,0.0,0.0,0.0,0.0,0.0,0.0,2.2058823529411766,0.0,0.4411764705882353,0.4411764705882353,2.2058823529411766,0.0,0.0,FW
Sebastian Berhalter,United States,United States,MF,25,2001,Vancouver,5,1,187.0,2.1,1.0,1.0,2.0,1.0,0.0,0.0,1.0,0.0,0.48,0.48,0.96,0.48,0.96,3.0,1.0,33.3,1.44,0.48,0.33,1.0,37.0,41.6,90.0,1,4,24.0,0,1.8,3.0,5.0,-2.0,-0.96,-2.67,0.0,5.0,6.0,0.0,11.0,3.0,0.0,0.0,0.0,0.0,0.0,0.0,0.0,0.0,0.0,0.0,0.0,0.0,0.0,0.0,0.0,0.0,0.0,0.0,0.0,0.0,0.48128342245989303,0.48128342245989303,1.4438502673796794,0.48128342245989303,1.4438502673796794,0.0,2.406417112299465,5.294117647058823,0.9625668449197861,MF
Sergiño Dest,United States,United States,MF,25,2000,PSV,5,4,297.0,3.3,0.0,0.0,0.0,0.0,0.0,0.0,0.0,0.0,0.0,0.0,0.0,0.0,0.0,3.0,1.0,33.3,0.91,0.3,0.0,0.0,59.0,66.0,71.0,0,1,15.0,0,1.8,8.0,3.0,5.0,1.52,2.69,0.0,2.0,4.0,0.0,3.0,5.0,1.0,0.0,0.0,0.0,0.0,0.0,0.0,0.0,0.0,0.0,0.0,0.0,0.0,0.0,0.0,0.0,0.0,0.0,0.0,0.0,0.0,0.0,0.9090909090909092,0.30303030303030304,1.5151515151515151,0.30303030303030304,0.6060606060606061,0.9090909090909092,0.0,MF
Tim Ream,United States,United States,DF,38,1987,Charlotte,4,4,360.0,4.0,0.0,0.0,0.0,0.0,0.0,0.0,0.0,0.0,0.0,0.0,0.0,0.0,0.0,0.0,0.0,0.0,0.0,0.0,0.0,0.0,90.0,80.0,90.0,4,0,0.0,1,2.25,9.0,5.0,4.0,1.0,2.0,0.0,0.0,2.0,0.0,0.0,6.0,1.0,0.0,0.0,0.0,0.0,0.0,0.0,0.0,0.0,0.0,0.0,0.0,0.0,0.0,0.0,0.0,0.0,0.0,0.0,0.0,0.0,0.0,0.0,0.0,1.5,0.25,0.0,0.0,0.0,DF
Timothy Weah,United States,United States,MF,26,2000,Marseille,2,1,76.0,0.8,0.0,0.0,0.0,0.0,0.0,0.0,0.0,0.0,0.0,0.0,0.0,0.0,0.0,2.0,0.0,0.0,2.37,0.0,0.0,0.0,38.0,16.9,57.0,0,1,19.0,3,1.5,3.0,3.0,0.0,0.0,-0.72,0.0,2.0,0.0,2.0,0.0,0.0,0.0,0.0,0.0,0.0,0.0,0.0,0.0,0.0,0.0,0.0,0.0,0.0,0.0,0.0,0.0,0.0,0.0,0.0,0.0,0.0,0.0,0.0,2.3684210526315788,0.0,0.0,0.0,2.3684210526315788,0.0,0.0,MF
Tyler Adams,United States,United States,MF,27,1999,Bournemouth,4,4,341.0,3.8,0.0,0.0,0.0,0.0,0.0,0.0,1.0,0.0,0.0,0.0,0.0,0.0,0.0,0.0,0.0,0.0,0.0,0.0,0.0,0.0,85.0,75.8,85.0,3,0,0.0,1,2.25,9.0,4.0,5.0,1.32,2.97,0.0,5.0,6.0,0.0,0.0,8.0,5.0,0.0,0.0,0.0,0.0,0.0,0.0,0.0,0.0,0.0,0.0,0.0,0.0,0.0,0.0,0.0,0.0,0.0,0.0,0.0,0.0,0.0,0.0,0.0,2.1114369501466275,1.3196480938416424,1.3196480938416424,0.0,0.0,MF
Weston McKennie,United States,United States,MF,27,1998,Juventus,5,5,443.0,4.9,0.0,0.0,0.0,0.0,0.0,0.0,1.0,0.0,0.0,0.0,0.0,0.0,0.0,5.0,1.0,20.0,1.02,0.2,0.0,0.0,89.0,98.4,89.0,2,0,0.0,0,1.8,11.0,7.0,4.0,0.81,13.67,0.0,8.0,2.0,0.0,11.0,7.0,7.0,0.0,0.0,0.0,0.0,0.0,0.0,0.0,0.0,0.0,0.0,0.0,0.0,0.0,0.0,0.0,0.0,0.0,0.0,0.0,0.0,0.0,1.0158013544018059,0.20316027088036115,1.4221218961625284,1.4221218961625284,1.6252821670428892,2.234762979683973,0.0,MF
Agustín Canobbio,Uruguay,Uruguay,FW,27,1998,Fluminense,3,2,224.0,2.5,1.0,0.0,1.0,1.0,0.0,0.0,0.0,1.0,0.4,0.0,0.4,0.4,0.4,4.0,1.0,25.0,1.61,0.4,0.25,1.0,75.0,83.0,90.0,1,1,45.0,0,0.67,3.0,3.0,0.0,0.0,1.96,0.0,7.0,5.0,1.0,8.0,2.0,3.0,0.0,0.0,0.0,0.0,0.0,0.0,0.0,0.0,0.0,0.0,0.0,0.0,0.0,0.0,0.0,0.0,0.0,0.0,0.0,0.40178571428571425,0.0,1.607142857142857,0.40178571428571425,0.8035714285714285,1.2053571428571428,2.8125,3.214285714285714,0.40178571428571425,FW
Brian Rodríguez,Uruguay,Uruguay,"FW,MF",26,2000,América,3,0,41.0,0.5,0.0,0.0,0.0,0.0,0.0,0.0,0.0,0.0,0.0,0.0,0.0,0.0,0.0,3.0,1.0,33.3,6.59,2.2,0.0,0.0,14.0,15.2,0.0,0,3,14.0,0,0.67,0.0,0.0,0.0,0.0,0.39,0.0,0.0,1.0,0.0,13.0,0.0,0.0,0.0,0.0,0.0,0.0,0.0,0.0,0.0,0.0,0.0,0.0,0.0,0.0,0.0,0.0,0.0,0.0,0.0,0.0,0.0,0.0,0.0,6.585365853658536,2.1951219512195124,0.0,0.0,0.0,28.536585365853657,0.0,MF
Darwin Núñez,Uruguay,Uruguay,FW,26,1999,Al-Hilal,3,2,156.0,1.7,0.0,0.0,0.0,0.0,0.0,0.0,0.0,0.0,0.0,0.0,0.0,0.0,0.0,2.0,0.0,0.0,1.15,0.0,0.0,0.0,52.0,57.8,68.0,1,1,21.0,0,0.67,0.0,2.0,-2.0,-1.15,-1.94,0.0,1.0,1.0,2.0,1.0,2.0,1.0,0.0,0.0,0.0,0.0,0.0,0.0,0.0,0.0,0.0,0.0,0.0,0.0,0.0,0.0,0.0,0.0,0.0,0.0,0.0,0.0,0.0,1.1538461538461537,0.0,1.1538461538461537,0.5769230769230769,0.5769230769230769,0.5769230769230769,0.0,FW
Emiliano Martínez,Uruguay,Uruguay,MF,26,1999,Unknown Club,0,0,0.0,0.0,0.0,0.0,0.0,0.0,0.0,0.0,0.0,0.0,0.0,0.0,0.0,0.0,0.0,0.0,0.0,0.0,0.0,0.0,0.0,0.0,0.0,0.0,0.0,0,0,0.0,3,0.0,0.0,0.0,0.0,0.0,0.0,0.0,0.0,0.0,0.0,0.0,0.0,0.0,0.0,0.0,0.0,0.0,0.0,0.0,0.0,0.0,0.0,0.0,0.0,0.0,0.0,0.0,0.0,0.0,0.0,0.0,0.0,0.0,0.0,0.0,0.0,0.0,0.0,0.0,0.0,0.0,MF
Facundo Pellistri,Uruguay,Uruguay,"FW,MF",24,2001,Unknown Club,0,0,0.0,0.0,0.0,0.0,0.0,0.0,0.0,0.0,0.0,0.0,0.0,0.0,0.0,0.0,0.0,0.0,0.0,0.0,0.0,0.0,0.0,0.0,0.0,0.0,0.0,0,0,0.0,3,0.0,0.0,0.0,0.0,0.0,0.0,0.0,0.0,0.0,0.0,0.0,0.0,0.0,0.0,0.0,0.0,0.0,0.0,0.0,0.0,0.0,0.0,0.0,0.0,0.0,0.0,0.0,0.0,0.0,0.0,0.0,0.0,0.0,0.0,0.0,0.0,0.0,0.0,0.0,0.0,0.0,MF
Federico Valverde,Uruguay,Uruguay,MF,27,1998,Real Madrid,3,3,236.0,2.6,0.0,0.0,0.0,0.0,0.0,0.0,0.0,0.0,0.0,0.0,0.0,0.0,0.0,10.0,2.0,20.0,3.81,0.76,0.0,0.0,79.0,87.4,79.0,2,0,0.0,0,0.67,3.0,4.0,-1.0,-0.38,-0.38,0.0,1.0,0.0,0.0,11.0,3.0,2.0,0.0,0.0,0.0,0.0,0.0,0.0,0.0,0.0,0.0,0.0,0.0,0.0,0.0,0.0,0.0,0.0,0.0,0.0,0.0,0.0,0.0,3.813559322033898,0.7627118644067796,1.1440677966101696,0.7627118644067796,0.3813559322033898,4.194915254237288,0.0,MF
Federico Viñas,Uruguay,Uruguay,FW,27,1998,Oviedo,3,2,192.0,2.1,0.0,0.0,0.0,0.0,0.0,0.0,0.0,0.0,0.0,0.0,0.0,0.0,0.0,6.0,3.0,50.0,2.81,1.41,0.0,0.0,64.0,71.1,79.0,0,1,34.0,0,0.67,3.0,3.0,0.0,0.0,1.15,0.0,3.0,3.0,3.0,0.0,1.0,2.0,0.0,0.0,0.0,0.0,0.0,0.0,0.0,0.0,0.0,0.0,0.0,0.0,0.0,0.0,0.0,0.0,0.0,0.0,0.0,0.0,0.0,2.8125,1.40625,0.46875,0.9375,1.40625,0.0,0.0,FW
Fernando Muslera,Uruguay,Uruguay,GK,39,1986,Galatasaray,3,3,225.0,2.5,0.0,0.0,0.0,0.0,0.0,0.0,0.0,0.0,0.0,0.0,0.0,0.0,0.0,0.0,0.0,0.0,0.0,0.0,0.0,0.0,75.0,83.3,75.0,2,0,0.0,0,0.67,3.0,4.0,-1.0,-0.4,-0.4,0.0,0.0,0.0,0.0,0.0,0.0,0.0,0.0,3.0,3.0,225.0,4.0,1.6,8.0,4.0,50.0,0.0,2.0,1.0,0.0,0.0,0.0,0.0,0.0,0.0,0.0,0.0,0.0,0.0,0.0,0.0,0.0,0.0,0.0,0.0,GK
Giorgian de Arrascaeta,Uruguay,Uruguay,"FW,MF",32,1994,Unknown Club,0,0,0.0,0.0,0.0,0.0,0.0,0.0,0.0,0.0,0.0,0.0,0.0,0.0,0.0,0.0,0.0,0.0,0.0,0.0,0.0,0.0,0.0,0.0,0.0,0.0,0.0,0,0,0.0,1,0.0,0.0,0.0,0.0,0.0,0.0,0.0,0.0,0.0,0.0,0.0,0.0,0.0,0.0,0.0,0.0,0.0,0.0,0.0,0.0,0.0,0.0,0.0,0.0,0.0,0.0,0.0,0.0,0.0,0.0,0.0,0.0,0.0,0.0,0.0,0.0,0.0,0.0,0.0,0.0,0.0,MF
Guillermo Varela,Uruguay,Uruguay,DF,33,1993,Flamengo,3,3,270.0,3.0,0.0,0.0,0.0,0.0,0.0,0.0,1.0,0.0,0.0,0.0,0.0,0.0,0.0,2.0,0.0,0.0,0.67,0.0,0.0,0.0,90.0,100.0,90.0,3,0,0.0,0,0.67,3.0,4.0,-1.0,-0.33,0.0,0.0,1.0,1.0,0.0,9.0,7.0,1.0,0.0,0.0,0.0,0.0,0.0,0.0,0.0,0.0,0.0,0.0,0.0,0.0,0.0,0.0,0.0,0.0,0.0,0.0,0.0,0.0,0.0,0.6666666666666667,0.0,2.3333333333333335,0.33333333333333337,0.33333333333333337,3.0,0.0,DF
Joaquín Piquerez,Uruguay,Uruguay,"DF,MF",27,1998,Unknown Club,0,0,0.0,0.0,0.0,0.0,0.0,0.0,0.0,0.0,0.0,0.0,0.0,0.0,0.0,0.0,0.0,0.0,0.0,0.0,0.0,0.0,0.0,0.0,0.0,0.0,0.0,0,0,0.0,3,0.0,0.0,0.0,0.0,0.0,0.0,0.0,0.0,0.0,0.0,0.0,0.0,0.0,0.0,0.0,0.0,0.0,0.0,0.0,0.0,0.0,0.0,0.0,0.0,0.0,0.0,0.0,0.0,0.0,0.0,0.0,0.0,0.0,0.0,0.0,0.0,0.0,0.0,0.0,0.0,0.0,DF
José María Giménez,Uruguay,Uruguay,DF,31,1995,Unknown Club,0,0,0.0,0.0,0.0,0.0,0.0,0.0,0.0,0.0,0.0,0.0,0.0,0.0,0.0,0.0,0.0,0.0,0.0,0.0,0.0,0.0,0.0,0.0,0.0,0.0,0.0,0,0,0.0,3,0.0,0.0,0.0,0.0,0.0,0.0,0.0,0.0,0.0,0.0,0.0,0.0,0.0,0.0,0.0,0.0,0.0,0.0,0.0,0.0,0.0,0.0,0.0,0.0,0.0,0.0,0.0,0.0,0.0,0.0,0.0,0.0,0.0,0.0,0.0,0.0,0.0,0.0,0.0,0.0,0.0,DF
Juan Manuel Sanabria,Uruguay,Uruguay,DF,26,2000,Atlético San Luis,3,2,204.0,2.3,0.0,0.0,0.0,0.0,0.0,0.0,1.0,0.0,0.0,0.0,0.0,0.0,0.0,3.0,0.0,0.0,1.32,0.0,0.0,0.0,68.0,75.6,80.0,1,1,45.0,0,0.67,3.0,3.0,0.0,0.0,1.36,0.0,1.0,0.0,1.0,15.0,1.0,4.0,0.0,0.0,0.0,0.0,0.0,0.0,0.0,0.0,0.0,0.0,0.0,0.0,0.0,0.0,0.0,0.0,0.0,0.0,0.0,0.0,0.0,1.3235294117647058,0.0,0.4411764705882353,1.7647058823529411,0.4411764705882353,6.61764705882353,0.0,DF
Manuel Ugarte,Uruguay,Uruguay,MF,25,2001,Manchester Utd,3,3,184.0,2.0,0.0,0.0,0.0,0.0,0.0,0.0,0.0,0.0,0.0,0.0,0.0,0.0,0.0,3.0,1.0,33.3,1.47,0.49,0.0,0.0,61.0,68.1,61.0,0,0,0.0,0,0.67,2.0,4.0,-2.0,-0.98,-2.02,0.0,1.0,0.0,0.0,0.0,3.0,1.0,0.0,0.0,0.0,0.0,0.0,0.0,0.0,0.0,0.0,0.0,0.0,0.0,0.0,0.0,0.0,0.0,0.0,0.0,0.0,0.0,0.0,1.467391304347826,0.4891304347826087,1.467391304347826,0.4891304347826087,0.4891304347826087,0.0,0.0,MF
Mathías Olivera,Uruguay,Uruguay,DF,28,1997,Napoli,3,3,270.0,3.0,0.0,0.0,0.0,0.0,0.0,0.0,1.0,0.0,0.0,0.0,0.0,0.0,0.0,1.0,0.0,0.0,0.33,0.0,0.0,0.0,90.0,100.0,90.0,3,0,0.0,0,0.67,3.0,4.0,-1.0,-0.33,0.0,0.0,3.0,0.0,0.0,5.0,2.0,4.0,0.0,0.0,0.0,0.0,0.0,0.0,0.0,0.0,0.0,0.0,0.0,0.0,0.0,0.0,0.0,0.0,0.0,0.0,0.0,0.0,0.0,0.33333333333333337,0.0,0.6666666666666667,1.3333333333333335,1.0,1.6666666666666665,0.0,DF
Matías Viña,Uruguay,Uruguay,DF,28,1997,Flamengo,1,1,45.0,0.5,0.0,0.0,0.0,0.0,0.0,0.0,0.0,0.0,0.0,0.0,0.0,0.0,0.0,0.0,0.0,0.0,0.0,0.0,0.0,0.0,45.0,16.7,45.0,0,0,0.0,2,1.0,0.0,1.0,-1.0,-2.0,-2.0,0.0,0.0,1.0,1.0,2.0,0.0,0.0,0.0,0.0,0.0,0.0,0.0,0.0,0.0,0.0,0.0,0.0,0.0,0.0,0.0,0.0,0.0,0.0,0.0,0.0,0.0,0.0,0.0,0.0,0.0,0.0,0.0,0.0,4.0,0.0,DF
Maxi Araújo,Uruguay,Uruguay,"FW,MF",26,2000,Sporting CP,3,3,250.0,2.8,2.0,1.0,3.0,2.0,0.0,0.0,0.0,0.0,0.72,0.36,1.08,0.72,1.08,4.0,3.0,75.0,1.44,1.08,0.5,0.67,83.0,92.6,83.0,1,0,0.0,0,0.67,3.0,4.0,-1.0,-0.36,-0.36,0.0,2.0,7.0,6.0,18.0,0.0,0.0,0.0,0.0,0.0,0.0,0.0,0.0,0.0,0.0,0.0,0.0,0.0,0.0,0.0,0.0,0.0,0.0,0.0,0.0,0.0,0.72,0.36,1.44,1.08,0.0,0.0,0.72,6.4799999999999995,1.08,MF
Nicolás De La Cruz,Uruguay,Uruguay,MF,29,1997,Flamengo,3,0,86.0,1.0,0.0,0.0,0.0,0.0,0.0,0.0,1.0,0.0,0.0,0.0,0.0,0.0,0.0,4.0,2.0,50.0,4.19,2.09,0.0,0.0,29.0,31.9,0.0,0,3,29.0,0,0.67,1.0,0.0,1.0,1.05,2.02,0.0,2.0,3.0,0.0,5.0,2.0,1.0,0.0,0.0,0.0,0.0,0.0,0.0,0.0,0.0,0.0,0.0,0.0,0.0,0.0,0.0,0.0,0.0,0.0,0.0,0.0,0.0,0.0,4.186046511627907,2.0930232558139537,2.0930232558139537,1.0465116279069768,2.0930232558139537,5.232558139534883,0.0,MF
Rodrigo Aguirre,Uruguay,Uruguay,FW,31,1994,América,1,0,1.0,0.0,0.0,0.0,0.0,0.0,0.0,0.0,0.0,0.0,0.0,0.0,0.0,0.0,0.0,0.0,0.0,0.0,0.0,0.0,0.0,0.0,1.0,0.4,0.0,0,1,1.0,2,1.0,0.0,0.0,0.0,0.0,0.33,0.0,0.0,0.0,0.0,0.0,0.0,0.0,0.0,0.0,0.0,0.0,0.0,0.0,0.0,0.0,0.0,0.0,0.0,0.0,0.0,0.0,0.0,0.0,0.0,0.0,0.0,0.0,0.0,0.0,0.0,0.0,0.0,0.0,0.0,0.0,FW
Rodrigo Bentancur,Uruguay,Uruguay,MF,28,1997,Tottenham,3,3,270.0,3.0,0.0,0.0,0.0,0.0,0.0,0.0,1.0,0.0,0.0,0.0,0.0,0.0,0.0,4.0,0.0,0.0,1.33,0.0,0.0,0.0,90.0,100.0,90.0,3,0,0.0,0,0.67,3.0,4.0,-1.0,-0.33,0.0,0.0,7.0,5.0,0.0,4.0,7.0,5.0,0.0,0.0,0.0,0.0,0.0,0.0,0.0,0.0,0.0,0.0,0.0,0.0,0.0,0.0,0.0,0.0,0.0,0.0,0.0,0.0,0.0,1.3333333333333335,0.0,2.3333333333333335,1.6666666666666665,2.3333333333333335,1.3333333333333335,0.0,MF
Rodrigo Zalazar,Uruguay,Uruguay,"FW,MF",26,1999,Unknown Club,0,0,0.0,0.0,0.0,0.0,0.0,0.0,0.0,0.0,0.0,0.0,0.0,0.0,0.0,0.0,0.0,0.0,0.0,0.0,0.0,0.0,0.0,0.0,0.0,0.0,0.0,0,0,0.0,3,0.0,0.0,0.0,0.0,0.0,0.0,0.0,0.0,0.0,0.0,0.0,0.0,0.0,0.0,0.0,0.0,0.0,0.0,0.0,0.0,0.0,0.0,0.0,0.0,0.0,0.0,0.0,0.0,0.0,0.0,0.0,0.0,0.0,0.0,0.0,0.0,0.0,0.0,0.0,0.0,0.0,MF
Ronald Araújo,Uruguay,Uruguay,DF,27,1999,Unknown Club,0,0,0.0,0.0,0.0,0.0,0.0,0.0,0.0,0.0,0.0,0.0,0.0,0.0,0.0,0.0,0.0,0.0,0.0,0.0,0.0,0.0,0.0,0.0,0.0,0.0,0.0,0,0,0.0,1,0.0,0.0,0.0,0.0,0.0,0.0,0.0,0.0,0.0,0.0,0.0,0.0,0.0,0.0,0.0,0.0,0.0,0.0,0.0,0.0,0.0,0.0,0.0,0.0,0.0,0.0,0.0,0.0,0.0,0.0,0.0,0.0,0.0,0.0,0.0,0.0,0.0,0.0,0.0,0.0,0.0,DF
Santiago Bueno,Uruguay,Uruguay,DF,27,1998,Unknown Club,0,0,0.0,0.0,0.0,0.0,0.0,0.0,0.0,0.0,0.0,0.0,0.0,0.0,0.0,0.0,0.0,0.0,0.0,0.0,0.0,0.0,0.0,0.0,0.0,0.0,0.0,0,0,0.0,3,0.0,0.0,0.0,0.0,0.0,0.0,0.0,0.0,0.0,0.0,0.0,0.0,0.0,0.0,0.0,0.0,0.0,0.0,0.0,0.0,0.0,0.0,0.0,0.0,0.0,0.0,0.0,0.0,0.0,0.0,0.0,0.0,0.0,0.0,0.0,0.0,0.0,0.0,0.0,0.0,0.0,DF
Santiago Mele,Uruguay,Uruguay,GK,28,1997,Unknown Club,0,0,0.0,0.0,0.0,0.0,0.0,0.0,0.0,0.0,0.0,0.0,0.0,0.0,0.0,0.0,0.0,0.0,0.0,0.0,0.0,0.0,0.0,0.0,0.0,0.0,0.0,0,0,0.0,3,0.0,0.0,0.0,0.0,0.0,0.0,0.0,0.0,0.0,0.0,0.0,0.0,0.0,0.0,0.0,0.0,0.0,0.0,0.0,0.0,0.0,0.0,0.0,0.0,0.0,0.0,0.0,0.0,0.0,0.0,0.0,0.0,0.0,0.0,0.0,0.0,0.0,0.0,0.0,0.0,0.0,GK
Sebastián Cáceres,Uruguay,Uruguay,DF,26,1999,América,3,3,270.0,3.0,0.0,0.0,0.0,0.0,0.0,0.0,0.0,0.0,0.0,0.0,0.0,0.0,0.0,3.0,0.0,0.0,1.0,0.0,0.0,0.0,90.0,100.0,90.0,3,0,0.0,0,0.67,3.0,4.0,-1.0,-0.33,0.0,0.0,2.0,2.0,0.0,1.0,2.0,1.0,0.0,0.0,0.0,0.0,0.0,0.0,0.0,0.0,0.0,0.0,0.0,0.0,0.0,0.0,0.0,0.0,0.0,0.0,0.0,0.0,0.0,1.0,0.0,0.6666666666666667,0.33333333333333337,0.6666666666666667,0.33333333333333337,0.0,DF
Sergio Rochet,Uruguay,Uruguay,GK,33,1993,Internacional,1,0,45.0,0.5,0.0,0.0,0.0,0.0,0.0,0.0,0.0,0.0,0.0,0.0,0.0,0.0,0.0,0.0,0.0,0.0,0.0,0.0,0.0,0.0,45.0,16.7,0.0,0,1,45.0,2,0.0,0.0,0.0,0.0,0.0,0.4,0.0,0.0,0.0,0.0,0.0,0.0,0.0,0.0,1.0,0.0,45.0,0.0,0.0,0.0,0.0,0.0,0.0,0.0,0.0,0.0,0.0,0.0,0.0,0.0,0.0,0.0,0.0,0.0,0.0,0.0,0.0,0.0,0.0,0.0,0.0,GK
Abbosbek Fayzullayev,Uzbekistan,Uzbekistan,MF,22,2003,Başakşehir,3,3,220.0,2.4,1.0,0.0,1.0,1.0,0.0,0.0,0.0,0.0,0.41,0.0,0.41,0.41,0.41,3.0,2.0,66.7,1.23,0.82,0.33,0.5,73.0,81.5,73.0,0,0,0.0,0,0.0,2.0,7.0,-5.0,-2.05,5.15,0.0,6.0,4.0,0.0,10.0,1.0,6.0,0.0,0.0,0.0,0.0,0.0,0.0,0.0,0.0,0.0,0.0,0.0,0.0,0.0,0.0,0.0,0.0,0.0,0.0,0.0,0.40909090909090906,0.0,1.2272727272727273,0.8181818181818181,0.40909090909090906,2.4545454545454546,2.4545454545454546,4.090909090909091,0.40909090909090906,MF
Abdukodir Khusanov,Uzbekistan,Uzbekistan,DF,22,2004,Manchester City,3,3,270.0,3.0,0.0,0.0,0.0,0.0,0.0,0.0,2.0,0.0,0.0,0.0,0.0,0.0,0.0,0.0,0.0,0.0,0.0,0.0,0.0,0.0,90.0,100.0,90.0,3,0,0.0,0,0.0,2.0,11.0,-9.0,-3.0,0.0,0.0,6.0,0.0,0.0,0.0,5.0,3.0,0.0,0.0,0.0,0.0,0.0,0.0,0.0,0.0,0.0,0.0,0.0,0.0,0.0,0.0,0.0,0.0,0.0,0.0,0.0,0.0,0.0,0.0,0.0,1.6666666666666665,1.0,2.0,0.0,0.0,DF
Abdulla Abdullaev,Uzbekistan,Uzbekistan,DF,28,1997,Unknown Club,2,2,180.0,2.0,0.0,0.0,0.0,0.0,0.0,0.0,0.0,0.0,0.0,0.0,0.0,0.0,0.0,0.0,0.0,0.0,0.0,0.0,0.0,0.0,90.0,66.7,90.0,2,0,0.0,1,0.0,1.0,8.0,-7.0,-3.5,-1.5,0.0,5.0,1.0,0.0,0.0,3.0,2.0,0.0,0.0,0.0,0.0,0.0,0.0,0.0,0.0,0.0,0.0,0.0,0.0,0.0,0.0,0.0,0.0,0.0,0.0,0.0,0.0,0.0,0.0,0.0,1.5,1.0,2.5,0.0,0.0,DF
Abduvohid Nematov,Uzbekistan,Uzbekistan,GK,25,2001,Unknown Club,2,2,180.0,2.0,0.0,0.0,0.0,0.0,0.0,0.0,0.0,0.0,0.0,0.0,0.0,0.0,0.0,0.0,0.0,0.0,0.0,0.0,0.0,0.0,90.0,66.7,90.0,2,0,0.0,1,0.0,1.0,8.0,-7.0,-3.5,-1.5,0.0,0.0,0.0,0.0,0.0,0.0,0.0,1.0,2.0,2.0,180.0,8.0,4.0,13.0,5.0,38.5,0.0,0.0,2.0,0.0,0.0,1.0,1.0,0.0,0.0,0.0,0.0,0.0,0.0,0.0,0.0,0.0,0.0,0.0,0.0,GK
Akmal Mozgovoy,Uzbekistan,Uzbekistan,MF,27,1999,Unknown Club,3,2,216.0,2.4,0.0,1.0,1.0,0.0,0.0,0.0,0.0,0.0,0.0,0.42,0.42,0.0,0.42,1.0,0.0,0.0,0.42,0.0,0.0,0.0,72.0,80.0,86.0,1,1,45.0,0,0.0,2.0,7.0,-5.0,-2.08,4.58,0.0,0.0,3.0,0.0,0.0,2.0,0.0,0.0,0.0,0.0,0.0,0.0,0.0,0.0,0.0,0.0,0.0,0.0,0.0,0.0,0.0,0.0,0.0,0.0,0.0,0.0,0.0,0.41666666666666663,0.41666666666666663,0.0,0.8333333333333333,0.0,0.0,0.0,0.41666666666666663,MF
Avazbek Ulmasaliev,Uzbekistan,Uzbekistan,DF,26,2000,Unknown Club,0,0,0.0,0.0,0.0,0.0,0.0,0.0,0.0,0.0,0.0,0.0,0.0,0.0,0.0,0.0,0.0,0.0,0.0,0.0,0.0,0.0,0.0,0.0,0.0,0.0,0.0,0,0,0.0,3,0.0,0.0,0.0,0.0,0.0,0.0,0.0,0.0,0.0,0.0,0.0,0.0,0.0,0.0,0.0,0.0,0.0,0.0,0.0,0.0,0.0,0.0,0.0,0.0,0.0,0.0,0.0,0.0,0.0,0.0,0.0,0.0,0.0,0.0,0.0,0.0,0.0,0.0,0.0,0.0,0.0,DF
Aziz Gʻaniyev,Uzbekistan,Uzbekistan,MF,28,1998,Unknown Club,2,1,122.0,1.4,0.0,0.0,0.0,0.0,0.0,0.0,0.0,0.0,0.0,0.0,0.0,0.0,0.0,1.0,0.0,0.0,0.74,0.0,0.0,0.0,61.0,45.2,90.0,1,1,32.0,1,0.0,0.0,8.0,-8.0,-5.9,-5.29,0.0,2.0,1.0,0.0,6.0,0.0,6.0,0.0,0.0,0.0,0.0,0.0,0.0,0.0,0.0,0.0,0.0,0.0,0.0,0.0,0.0,0.0,0.0,0.0,0.0,0.0,0.0,0.0,0.7377049180327869,0.0,0.0,4.426229508196721,1.4754098360655739,4.426229508196721,0.0,MF
Azizbek Amonov,Uzbekistan,Uzbekistan,FW,28,1997,Unknown Club,1,0,14.0,0.2,0.0,0.0,0.0,0.0,0.0,0.0,0.0,0.0,0.0,0.0,0.0,0.0,0.0,1.0,0.0,0.0,6.43,0.0,0.0,0.0,14.0,5.2,0.0,0,1,14.0,2,0.0,0.0,1.0,-1.0,-6.43,-3.62,0.0,0.0,0.0,0.0,1.0,0.0,0.0,0.0,0.0,0.0,0.0,0.0,0.0,0.0,0.0,0.0,0.0,0.0,0.0,0.0,0.0,0.0,0.0,0.0,0.0,0.0,0.0,0.0,6.428571428571428,0.0,0.0,0.0,0.0,6.428571428571428,0.0,FW
Bekhruz Karimov,Uzbekistan,Uzbekistan,DF,18,2007,Unknown Club,2,2,179.0,2.0,0.0,0.0,0.0,0.0,0.0,0.0,0.0,0.0,0.0,0.0,0.0,0.0,0.0,2.0,0.0,0.0,1.01,0.0,0.0,0.0,90.0,66.3,90.0,1,0,0.0,1,0.0,1.0,8.0,-7.0,-3.52,-1.54,0.0,8.0,4.0,0.0,2.0,3.0,5.0,0.0,0.0,0.0,0.0,0.0,0.0,0.0,0.0,0.0,0.0,0.0,0.0,0.0,0.0,0.0,0.0,0.0,0.0,0.0,0.0,0.0,1.005586592178771,0.0,1.5083798882681565,2.513966480446927,4.022346368715084,1.005586592178771,0.0,DF
Botirali Ergashev,Uzbekistan,Uzbekistan,GK,30,1995,Unknown Club,0,0,0.0,0.0,0.0,0.0,0.0,0.0,0.0,0.0,0.0,0.0,0.0,0.0,0.0,0.0,0.0,0.0,0.0,0.0,0.0,0.0,0.0,0.0,0.0,0.0,0.0,0,0,0.0,3,0.0,0.0,0.0,0.0,0.0,0.0,0.0,0.0,0.0,0.0,0.0,0.0,0.0,0.0,0.0,0.0,0.0,0.0,0.0,0.0,0.0,0.0,0.0,0.0,0.0,0.0,0.0,0.0,0.0,0.0,0.0,0.0,0.0,0.0,0.0,0.0,0.0,0.0,0.0,0.0,0.0,GK
Dostonbek Khamdamov,Uzbekistan,Uzbekistan,MF,29,1996,Unknown Club,2,1,103.0,1.1,0.0,0.0,0.0,0.0,0.0,0.0,0.0,0.0,0.0,0.0,0.0,0.0,0.0,2.0,0.0,0.0,1.75,0.0,0.0,0.0,52.0,38.1,58.0,0,1,45.0,1,0.0,2.0,2.0,0.0,0.0,4.85,0.0,1.0,0.0,1.0,5.0,2.0,4.0,0.0,0.0,0.0,0.0,0.0,0.0,0.0,0.0,0.0,0.0,0.0,0.0,0.0,0.0,0.0,0.0,0.0,0.0,0.0,0.0,0.0,1.7475728155339805,0.0,1.7475728155339805,3.495145631067961,0.8737864077669902,4.368932038834951,0.0,MF
Eldor Shomurodov,Uzbekistan,Uzbekistan,FW,30,1995,Başakşehir,3,3,269.0,3.0,1.0,0.0,1.0,1.0,0.0,0.0,0.0,0.0,0.33,0.0,0.33,0.33,0.33,4.0,2.0,50.0,1.34,0.67,0.25,0.5,90.0,99.6,90.0,2,0,0.0,0,0.0,2.0,10.0,-8.0,-2.68,87.32,0.0,8.0,4.0,1.0,1.0,0.0,4.0,0.0,0.0,0.0,0.0,0.0,0.0,0.0,0.0,0.0,0.0,0.0,0.0,0.0,0.0,0.0,0.0,0.0,0.0,0.0,0.33457249070631967,0.0,1.3382899628252787,0.6691449814126393,0.0,1.3382899628252787,2.6765799256505574,0.33457249070631967,0.33457249070631967,FW
Farrukh Sayfiev,Uzbekistan,Uzbekistan,"DF,MF",35,1991,Unknown Club,1,0,45.0,0.5,0.0,0.0,0.0,0.0,0.0,0.0,0.0,0.0,0.0,0.0,0.0,0.0,0.0,0.0,0.0,0.0,0.0,0.0,0.0,0.0,45.0,16.7,0.0,0,1,45.0,2,0.0,1.0,2.0,-1.0,-2.0,1.2,0.0,0.0,2.0,0.0,2.0,0.0,0.0,0.0,0.0,0.0,0.0,0.0,0.0,0.0,0.0,0.0,0.0,0.0,0.0,0.0,0.0,0.0,0.0,0.0,0.0,0.0,0.0,0.0,0.0,0.0,0.0,0.0,0.0,4.0,0.0,DF
Igor Sergeev,Uzbekistan,Uzbekistan,FW,33,1993,Persepolis,3,0,28.0,0.3,0.0,0.0,0.0,0.0,0.0,0.0,0.0,0.0,0.0,0.0,0.0,0.0,0.0,0.0,0.0,0.0,0.0,0.0,0.0,0.0,9.0,10.4,0.0,0,3,9.0,0,0.0,0.0,3.0,-3.0,-9.64,-7.41,0.0,0.0,0.0,1.0,0.0,0.0,0.0,0.0,0.0,0.0,0.0,0.0,0.0,0.0,0.0,0.0,0.0,0.0,0.0,0.0,0.0,0.0,0.0,0.0,0.0,0.0,0.0,0.0,0.0,0.0,0.0,0.0,0.0,0.0,0.0,FW
Jakhongir Urozov,Uzbekistan,Uzbekistan,DF,22,2004,Unknown Club,2,1,95.0,1.1,0.0,0.0,0.0,0.0,0.0,0.0,0.0,0.0,0.0,0.0,0.0,0.0,0.0,0.0,0.0,0.0,0.0,0.0,0.0,0.0,48.0,35.2,81.0,0,1,14.0,1,0.0,1.0,3.0,-2.0,-1.89,1.71,0.0,0.0,0.0,0.0,0.0,1.0,0.0,0.0,0.0,0.0,0.0,0.0,0.0,0.0,0.0,0.0,0.0,0.0,0.0,0.0,0.0,0.0,0.0,0.0,0.0,0.0,0.0,0.0,0.0,0.0,0.9473684210526315,0.0,0.0,0.0,0.0,DF
Jamshid Iskanderov,Uzbekistan,Uzbekistan,"FW,MF",32,1993,Unknown Club,1,0,9.0,0.1,0.0,0.0,0.0,0.0,0.0,0.0,0.0,0.0,0.0,0.0,0.0,0.0,0.0,0.0,0.0,0.0,0.0,0.0,0.0,0.0,9.0,3.3,0.0,0,1,9.0,2,0.0,0.0,1.0,-1.0,-10.0,-7.24,0.0,0.0,0.0,0.0,1.0,0.0,0.0,0.0,0.0,0.0,0.0,0.0,0.0,0.0,0.0,0.0,0.0,0.0,0.0,0.0,0.0,0.0,0.0,0.0,0.0,0.0,0.0,0.0,0.0,0.0,0.0,0.0,0.0,10.0,0.0,MF
Khojiakbar Alijonov,Uzbekistan,Uzbekistan,MF,29,1997,Unknown Club,2,1,135.0,1.5,0.0,0.0,0.0,0.0,0.0,0.0,0.0,0.0,0.0,0.0,0.0,0.0,0.0,0.0,0.0,0.0,0.0,0.0,0.0,0.0,68.0,50.0,90.0,1,1,45.0,1,0.0,1.0,5.0,-4.0,-2.67,0.67,0.0,2.0,1.0,0.0,5.0,5.0,2.0,0.0,0.0,0.0,0.0,0.0,0.0,0.0,0.0,0.0,0.0,0.0,0.0,0.0,0.0,0.0,0.0,0.0,0.0,0.0,0.0,0.0,0.0,0.0,3.333333333333333,1.3333333333333335,1.3333333333333335,3.333333333333333,0.0,MF
Odiljon Hamrobekov,Uzbekistan,Uzbekistan,MF,30,1996,Tractor,2,1,77.0,0.9,0.0,0.0,0.0,0.0,0.0,0.0,1.0,0.0,0.0,0.0,0.0,0.0,0.0,1.0,0.0,0.0,1.17,0.0,0.0,0.0,39.0,28.5,45.0,0,1,32.0,1,0.0,0.0,6.0,-6.0,-7.01,-5.61,0.0,1.0,1.0,0.0,0.0,0.0,0.0,0.0,0.0,0.0,0.0,0.0,0.0,0.0,0.0,0.0,0.0,0.0,0.0,0.0,0.0,0.0,0.0,0.0,0.0,0.0,0.0,0.0,1.168831168831169,0.0,0.0,0.0,1.168831168831169,0.0,0.0,MF
Oston Urunov,Uzbekistan,Uzbekistan,MF,25,2000,Persepolis,2,1,63.0,0.7,0.0,0.0,0.0,0.0,0.0,0.0,0.0,0.0,0.0,0.0,0.0,0.0,0.0,0.0,0.0,0.0,0.0,0.0,0.0,0.0,32.0,23.3,45.0,0,1,18.0,1,0.0,0.0,3.0,-3.0,-4.29,-1.68,0.0,0.0,0.0,0.0,0.0,1.0,0.0,0.0,0.0,0.0,0.0,0.0,0.0,0.0,0.0,0.0,0.0,0.0,0.0,0.0,0.0,0.0,0.0,0.0,0.0,0.0,0.0,0.0,0.0,0.0,1.4285714285714284,0.0,0.0,0.0,0.0,MF
Otabek Shukurov,Uzbekistan,Uzbekistan,MF,29,1996,Unknown Club,3,3,237.0,2.6,0.0,0.0,0.0,0.0,0.0,0.0,0.0,0.0,0.0,0.0,0.0,0.0,0.0,2.0,0.0,0.0,0.76,0.0,0.0,0.0,79.0,87.8,79.0,1,0,0.0,0,0.0,2.0,8.0,-6.0,-2.28,5.9,0.0,2.0,5.0,0.0,1.0,0.0,2.0,0.0,0.0,0.0,0.0,0.0,0.0,0.0,0.0,0.0,0.0,0.0,0.0,0.0,0.0,0.0,0.0,0.0,0.0,0.0,0.0,0.0,0.7594936708860759,0.0,0.0,0.7594936708860759,0.7594936708860759,0.37974683544303794,0.0,MF
Ruslanbek Jiyanov,Uzbekistan,Uzbekistan,FW,25,2001,Unknown Club,1,0,1.0,0.0,0.0,0.0,0.0,0.0,0.0,0.0,0.0,0.0,0.0,0.0,0.0,0.0,0.0,0.0,0.0,0.0,0.0,0.0,0.0,0.0,1.0,0.4,0.0,0,1,1.0,2,0.0,0.0,0.0,0.0,0.0,3.01,0.0,0.0,0.0,0.0,0.0,0.0,1.0,0.0,0.0,0.0,0.0,0.0,0.0,0.0,0.0,0.0,0.0,0.0,0.0,0.0,0.0,0.0,0.0,0.0,0.0,0.0,0.0,0.0,0.0,0.0,0.0,90.0,0.0,0.0,0.0,FW
Rustam Ashurmatov,Uzbekistan,Uzbekistan,DF,29,1996,Esteghlal,3,3,256.0,2.8,0.0,0.0,0.0,0.0,0.0,0.0,0.0,0.0,0.0,0.0,0.0,0.0,0.0,0.0,0.0,0.0,0.0,0.0,0.0,0.0,85.0,94.8,85.0,2,0,0.0,0,0.0,2.0,10.0,-8.0,-2.81,3.62,0.0,1.0,0.0,0.0,0.0,7.0,2.0,0.0,0.0,0.0,0.0,0.0,0.0,0.0,0.0,0.0,0.0,0.0,0.0,0.0,0.0,0.0,0.0,0.0,0.0,0.0,0.0,0.0,0.0,0.0,2.4609375,0.703125,0.3515625,0.0,0.0,DF
Sherzod Esanov,Uzbekistan,Uzbekistan,MF,23,2003,Unknown Club,1,0,1.0,0.0,0.0,0.0,0.0,0.0,0.0,0.0,0.0,0.0,0.0,0.0,0.0,0.0,0.0,0.0,0.0,0.0,0.0,0.0,0.0,0.0,1.0,0.4,0.0,0,1,1.0,2,0.0,0.0,0.0,0.0,0.0,3.01,0.0,0.0,0.0,0.0,0.0,1.0,0.0,0.0,0.0,0.0,0.0,0.0,0.0,0.0,0.0,0.0,0.0,0.0,0.0,0.0,0.0,0.0,0.0,0.0,0.0,0.0,0.0,0.0,0.0,0.0,90.0,0.0,0.0,0.0,0.0,MF
Sherzod Nasrullaev,Uzbekistan,Uzbekistan,"DF,MF",27,1998,Unknown Club,3,3,180.0,2.0,0.0,0.0,0.0,0.0,0.0,0.0,1.0,0.0,0.0,0.0,0.0,0.0,0.0,1.0,1.0,100.0,0.5,0.5,0.0,0.0,60.0,66.7,60.0,1,0,0.0,0,0.0,1.0,7.0,-6.0,-3.0,0.0,0.0,3.0,2.0,0.0,3.0,2.0,2.0,0.0,0.0,0.0,0.0,0.0,0.0,0.0,0.0,0.0,0.0,0.0,0.0,0.0,0.0,0.0,0.0,0.0,0.0,0.0,0.0,0.0,0.5,0.5,1.0,1.0,1.5,1.5,0.0,DF
Umar Eshmurodov,Uzbekistan,Uzbekistan,DF,33,1992,Unknown Club,0,0,0.0,0.0,0.0,0.0,0.0,0.0,0.0,0.0,0.0,0.0,0.0,0.0,0.0,0.0,0.0,0.0,0.0,0.0,0.0,0.0,0.0,0.0,0.0,0.0,0.0,0,0,0.0,3,0.0,0.0,0.0,0.0,0.0,0.0,0.0,0.0,0.0,0.0,0.0,0.0,0.0,0.0,0.0,0.0,0.0,0.0,0.0,0.0,0.0,0.0,0.0,0.0,0.0,0.0,0.0,0.0,0.0,0.0,0.0,0.0,0.0,0.0,0.0,0.0,0.0,0.0,0.0,0.0,0.0,DF
Utkir Yusupov,Uzbekistan,Uzbekistan,GK,35,1991,Unknown Club,1,1,90.0,1.0,0.0,0.0,0.0,0.0,0.0,0.0,0.0,0.0,0.0,0.0,0.0,0.0,0.0,0.0,0.0,0.0,0.0,0.0,0.0,0.0,90.0,33.3,90.0,1,0,0.0,2,0.0,1.0,3.0,-2.0,-2.0,1.5,0.0,0.0,1.0,0.0,0.0,0.0,0.0,0.0,1.0,1.0,90.0,3.0,3.0,4.0,1.0,25.0,0.0,0.0,1.0,0.0,0.0,0.0,0.0,0.0,0.0,0.0,0.0,0.0,0.0,0.0,0.0,0.0,0.0,0.0,0.0,GK
